-- phpMyAdmin SQL Dump
-- version 3.5.6
-- http://www.phpmyadmin.net
--
-- Host: 127.0.0.1
-- Generation Time: May 01, 2013 at 03:38 AM
-- Server version: 5.5.29-log
-- PHP Version: 5.3.21

SET FOREIGN_KEY_CHECKS=0;
SET SQL_MODE="NO_AUTO_VALUE_ON_ZERO";
SET AUTOCOMMIT=0;
START TRANSACTION;
SET time_zone = "+00:00";


/*!40101 SET @OLD_CHARACTER_SET_CLIENT=@@CHARACTER_SET_CLIENT */;
/*!40101 SET @OLD_CHARACTER_SET_RESULTS=@@CHARACTER_SET_RESULTS */;
/*!40101 SET @OLD_COLLATION_CONNECTION=@@COLLATION_CONNECTION */;
/*!40101 SET NAMES utf8 */;

--
-- Database: `ihcms`
--

--
-- Dumping data for table `AuthAssignment`
--

INSERT INTO `AuthAssignment` (`itemname`, `userid`, `bizrule`, `data`) VALUES
('admin', '1', NULL, 'N;');

--
-- Dumping data for table `AuthItem`
--

INSERT INTO `AuthItem` (`name`, `type`, `description`, `bizrule`, `data`) VALUES
('employee', 2, 'role untuk grup karyawan', NULL, 'N;'),
('Jabatan.*', 1, NULL, NULL, 'N;'),
('Jabatan.Admin', 0, NULL, NULL, 'N;'),
('Jabatan.Create', 0, NULL, NULL, 'N;'),
('Jabatan.Delete', 0, NULL, NULL, 'N;'),
('Jabatan.Index', 0, NULL, NULL, 'N;'),
('Jabatan.Update', 0, NULL, NULL, 'N;'),
('Jabatan.View', 0, NULL, NULL, 'N;'),
('Link.*', 1, NULL, NULL, 'N;'),
('Link.Admin', 0, NULL, NULL, 'N;'),
('Link.Create', 0, NULL, NULL, 'N;'),
('Link.Delete', 0, NULL, NULL, 'N;'),
('Link.Index', 0, NULL, NULL, 'N;'),
('Link.Update', 0, NULL, NULL, 'N;'),
('Link.View', 0, NULL, NULL, 'N;'),
('Login.*', 1, NULL, NULL, 'N;'),
('Login.Index', 0, NULL, NULL, 'N;'),
('Negara.*', 1, NULL, NULL, 'N;'),
('Negara.Admin', 0, NULL, NULL, 'N;'),
('Negara.Create', 0, NULL, NULL, 'N;'),
('Negara.Delete', 0, NULL, NULL, 'N;'),
('Negara.Index', 0, NULL, NULL, 'N;'),
('Negara.Update', 0, NULL, NULL, 'N;'),
('Negara.View', 0, NULL, NULL, 'N;'),
('Pim.Default.*', 1, NULL, NULL, 'N;'),
('Pim.Default.Index', 0, NULL, NULL, 'N;'),
('Pim.Karyawan.*', 1, NULL, NULL, 'N;'),
('Pim.Karyawan.Admin', 0, NULL, NULL, 'N;'),
('Pim.Karyawan.Create', 0, NULL, NULL, 'N;'),
('Pim.Karyawan.Delete', 0, NULL, NULL, 'N;'),
('Pim.Karyawan.DetailEmp', 0, NULL, NULL, 'N;'),
('Pim.Karyawan.Index', 0, NULL, NULL, 'N;'),
('Pim.Karyawan.Update', 0, NULL, NULL, 'N;'),
('Pim.Karyawan.View', 0, NULL, NULL, 'N;'),
('Pim.Karyawan.WithUser', 0, NULL, NULL, 'N;'),
('Pim.KaryawanImigrasi.*', 1, NULL, NULL, 'N;'),
('Pim.KaryawanImigrasi.Admin', 0, NULL, NULL, 'N;'),
('Pim.KaryawanImigrasi.Create', 0, NULL, NULL, 'N;'),
('Pim.KaryawanImigrasi.Delete', 0, NULL, NULL, 'N;'),
('Pim.KaryawanImigrasi.EmpDetail', 0, NULL, NULL, 'N;'),
('Pim.KaryawanImigrasi.Index', 0, NULL, NULL, 'N;'),
('Pim.KaryawanImigrasi.Update', 0, NULL, NULL, 'N;'),
('Pim.KaryawanImigrasi.View', 0, NULL, NULL, 'N;'),
('Pim.KaryawanKontakdarurat.*', 1, NULL, NULL, 'N;'),
('Pim.KaryawanKontakdarurat.Admin', 0, NULL, NULL, 'N;'),
('Pim.KaryawanKontakdarurat.Create', 0, NULL, NULL, 'N;'),
('Pim.KaryawanKontakdarurat.Delete', 0, NULL, NULL, 'N;'),
('Pim.KaryawanKontakdarurat.EmpDetail', 0, NULL, NULL, 'N;'),
('Pim.KaryawanKontakdarurat.Index', 0, NULL, NULL, 'N;'),
('Pim.KaryawanKontakdarurat.Update', 0, NULL, NULL, 'N;'),
('Pim.KaryawanKontakdarurat.View', 0, NULL, NULL, 'N;'),
('Pim.KaryawanPendidikan.*', 1, NULL, NULL, 'N;'),
('Pim.KaryawanPendidikan.Admin', 0, NULL, NULL, 'N;'),
('Pim.KaryawanPendidikan.Create', 0, NULL, NULL, 'N;'),
('Pim.KaryawanPendidikan.Delete', 0, NULL, NULL, 'N;'),
('Pim.KaryawanPendidikan.EmpDetail', 0, NULL, NULL, 'N;'),
('Pim.KaryawanPendidikan.Index', 0, NULL, NULL, 'N;'),
('Pim.KaryawanPendidikan.Update', 0, NULL, NULL, 'N;'),
('Pim.KaryawanPendidikan.View', 0, NULL, NULL, 'N;'),
('Pim.KaryawanPengalamankerja.*', 1, NULL, NULL, 'N;'),
('Pim.KaryawanPengalamankerja.Admin', 0, NULL, NULL, 'N;'),
('Pim.KaryawanPengalamankerja.Create', 0, NULL, NULL, 'N;'),
('Pim.KaryawanPengalamankerja.Delete', 0, NULL, NULL, 'N;'),
('Pim.KaryawanPengalamankerja.EmpDetail', 0, NULL, NULL, 'N;'),
('Pim.KaryawanPengalamankerja.Index', 0, NULL, NULL, 'N;'),
('Pim.KaryawanPengalamankerja.Update', 0, NULL, NULL, 'N;'),
('Pim.KaryawanPengalamankerja.View', 0, NULL, NULL, 'N;'),
('Pim.KaryawanSertifikasi.*', 1, NULL, NULL, 'N;'),
('Pim.KaryawanSertifikasi.Admin', 0, NULL, NULL, 'N;'),
('Pim.KaryawanSertifikasi.Create', 0, NULL, NULL, 'N;'),
('Pim.KaryawanSertifikasi.Delete', 0, NULL, NULL, 'N;'),
('Pim.KaryawanSertifikasi.EmpDetail', 0, NULL, NULL, 'N;'),
('Pim.KaryawanSertifikasi.Index', 0, NULL, NULL, 'N;'),
('Pim.KaryawanSertifikasi.Update', 0, NULL, NULL, 'N;'),
('Pim.KaryawanSertifikasi.View', 0, NULL, NULL, 'N;'),
('Pim.KaryawanTanggungan.*', 1, NULL, NULL, 'N;'),
('Pim.KaryawanTanggungan.Admin', 0, NULL, NULL, 'N;'),
('Pim.KaryawanTanggungan.Create', 0, NULL, NULL, 'N;'),
('Pim.KaryawanTanggungan.Delete', 0, NULL, NULL, 'N;'),
('Pim.KaryawanTanggungan.EmpDetail', 0, NULL, NULL, 'N;'),
('Pim.KaryawanTanggungan.Index', 0, NULL, NULL, 'N;'),
('Pim.KaryawanTanggungan.Update', 0, NULL, NULL, 'N;'),
('Pim.KaryawanTanggungan.View', 0, NULL, NULL, 'N;'),
('Pim.PPerson.*', 1, NULL, NULL, 'N;'),
('Pim.PPerson.Admin', 0, NULL, NULL, 'N;'),
('Pim.PPerson.Create', 0, NULL, NULL, 'N;'),
('Pim.PPerson.Delete', 0, NULL, NULL, 'N;'),
('Pim.PPerson.Detail', 0, NULL, NULL, 'N;'),
('Pim.PPerson.Index', 0, NULL, NULL, 'N;'),
('Pim.PPerson.Update', 0, NULL, NULL, 'N;'),
('Pim.PPerson.View', 0, NULL, NULL, 'N;'),
('Pim.PPersonEducation.*', 1, NULL, NULL, 'N;'),
('Pim.PPersonEducation.Admin', 0, NULL, NULL, 'N;'),
('Pim.PPersonEducation.Create', 0, NULL, NULL, 'N;'),
('Pim.PPersonEducation.Delete', 0, NULL, NULL, 'N;'),
('Pim.PPersonEducation.Index', 0, NULL, NULL, 'N;'),
('Pim.PPersonEducation.Update', 0, NULL, NULL, 'N;'),
('Pim.PPersonEducation.View', 0, NULL, NULL, 'N;'),
('Preference.*', 1, NULL, NULL, 'N;'),
('Preference.Admin', 0, NULL, NULL, 'N;'),
('Preference.Create', 0, NULL, NULL, 'N;'),
('Preference.Delete', 0, NULL, NULL, 'N;'),
('Preference.Form', 0, NULL, NULL, 'N;'),
('Preference.Index', 0, NULL, NULL, 'N;'),
('Preference.Update', 0, NULL, NULL, 'N;'),
('Preference.View', 0, NULL, NULL, 'N;'),
('Propinsi.*', 1, NULL, NULL, 'N;'),
('Propinsi.Admin', 0, NULL, NULL, 'N;'),
('Propinsi.Create', 0, NULL, NULL, 'N;'),
('Propinsi.Delete', 0, NULL, NULL, 'N;'),
('Propinsi.Index', 0, NULL, NULL, 'N;'),
('Propinsi.Update', 0, NULL, NULL, 'N;'),
('Propinsi.View', 0, NULL, NULL, 'N;'),
('Renum.Cbr.*', 1, NULL, NULL, 'N;'),
('Renum.Cbr.Admin', 0, NULL, NULL, 'N;'),
('Renum.Cbr.Create', 0, NULL, NULL, 'N;'),
('Renum.Cbr.Delete', 0, NULL, NULL, 'N;'),
('Renum.Cbr.Form', 0, NULL, NULL, 'N;'),
('Renum.Cbr.Index', 0, NULL, NULL, 'N;'),
('Renum.Cbr.Update', 0, NULL, NULL, 'N;'),
('Renum.Cbr.View', 0, NULL, NULL, 'N;'),
('Renum.CbrAccountability.*', 1, NULL, NULL, 'N;'),
('Renum.CbrAccountability.Admin', 0, NULL, NULL, 'N;'),
('Renum.CbrAccountability.Create', 0, NULL, NULL, 'N;'),
('Renum.CbrAccountability.Delete', 0, NULL, NULL, 'N;'),
('Renum.CbrAccountability.Index', 0, NULL, NULL, 'N;'),
('Renum.CbrAccountability.Update', 0, NULL, NULL, 'N;'),
('Renum.CbrAccountability.View', 0, NULL, NULL, 'N;'),
('Renum.CbrKnowHow.*', 1, NULL, NULL, 'N;'),
('Renum.CbrKnowHow.Admin', 0, NULL, NULL, 'N;'),
('Renum.CbrKnowHow.Create', 0, NULL, NULL, 'N;'),
('Renum.CbrKnowHow.Delete', 0, NULL, NULL, 'N;'),
('Renum.CbrKnowHow.Index', 0, NULL, NULL, 'N;'),
('Renum.CbrKnowHow.Update', 0, NULL, NULL, 'N;'),
('Renum.CbrKnowHow.View', 0, NULL, NULL, 'N;'),
('Renum.CbrProblemSolving.*', 1, NULL, NULL, 'N;'),
('Renum.CbrProblemSolving.Admin', 0, NULL, NULL, 'N;'),
('Renum.CbrProblemSolving.Create', 0, NULL, NULL, 'N;'),
('Renum.CbrProblemSolving.Delete', 0, NULL, NULL, 'N;'),
('Renum.CbrProblemSolving.Index', 0, NULL, NULL, 'N;'),
('Renum.CbrProblemSolving.Update', 0, NULL, NULL, 'N;'),
('Renum.CbrProblemSolving.View', 0, NULL, NULL, 'N;'),
('Renum.Default.*', 1, NULL, NULL, 'N;'),
('Renum.Default.Index', 0, NULL, NULL, 'N;'),
('Site.*', 1, NULL, NULL, 'N;'),
('Site.Contact', 0, NULL, NULL, 'N;'),
('Site.Error', 0, NULL, NULL, 'N;'),
('Site.Index', 0, NULL, NULL, 'N;'),
('Site.Login', 0, NULL, NULL, 'N;'),
('Site.Logout', 0, NULL, NULL, 'N;'),
('User.*', 1, NULL, NULL, 'N;'),
('User.Admin', 0, NULL, NULL, 'N;'),
('User.Create', 0, NULL, NULL, 'N;'),
('User.Delete', 0, NULL, NULL, 'N;'),
('User.Index', 0, NULL, NULL, 'N;'),
('User.Update', 0, NULL, NULL, 'N;'),
('User.View', 0, NULL, NULL, 'N;'),
('WCountry.*', 1, NULL, NULL, 'N;'),
('WCountry.Admin', 0, NULL, NULL, 'N;'),
('WCountry.Create', 0, NULL, NULL, 'N;'),
('WCountry.Delete', 0, NULL, NULL, 'N;'),
('WCountry.Index', 0, NULL, NULL, 'N;'),
('WCountry.Update', 0, NULL, NULL, 'N;'),
('WCountry.View', 0, NULL, NULL, 'N;'),
('Wilayah.Default.*', 1, NULL, NULL, 'N;'),
('Wilayah.Default.Index', 0, NULL, NULL, 'N;'),
('WLink.*', 1, NULL, NULL, 'N;'),
('WLink.Admin', 0, NULL, NULL, 'N;'),
('WLink.Create', 0, NULL, NULL, 'N;'),
('WLink.Delete', 0, NULL, NULL, 'N;'),
('WLink.Index', 0, NULL, NULL, 'N;'),
('WLink.Update', 0, NULL, NULL, 'N;'),
('WLink.View', 0, NULL, NULL, 'N;'),
('WModule.*', 1, NULL, NULL, 'N;'),
('WModule.Admin', 0, NULL, NULL, 'N;'),
('WModule.Create', 0, NULL, NULL, 'N;'),
('WModule.Delete', 0, NULL, NULL, 'N;'),
('WModule.Index', 0, NULL, NULL, 'N;'),
('WModule.Update', 0, NULL, NULL, 'N;'),
('WModule.View', 0, NULL, NULL, 'N;'),
('WOccupation.*', 1, NULL, NULL, 'N;'),
('WOccupation.Admin', 0, NULL, NULL, 'N;'),
('WOccupation.Create', 0, NULL, NULL, 'N;'),
('WOccupation.Delete', 0, NULL, NULL, 'N;'),
('WOccupation.Index', 0, NULL, NULL, 'N;'),
('WOccupation.Update', 0, NULL, NULL, 'N;'),
('WOccupation.View', 0, NULL, NULL, 'N;'),
('WPreference.*', 1, NULL, NULL, 'N;'),
('WPreference.Admin', 0, NULL, NULL, 'N;'),
('WPreference.Create', 0, NULL, NULL, 'N;'),
('WPreference.Delete', 0, NULL, NULL, 'N;'),
('WPreference.Index', 0, NULL, NULL, 'N;'),
('WPreference.Update', 0, NULL, NULL, 'N;'),
('WPreference.View', 0, NULL, NULL, 'N;'),
('WState.*', 1, NULL, NULL, 'N;'),
('WState.Admin', 0, NULL, NULL, 'N;'),
('WState.Create', 0, NULL, NULL, 'N;'),
('WState.Delete', 0, NULL, NULL, 'N;'),
('WState.Index', 0, NULL, NULL, 'N;'),
('WState.Update', 0, NULL, NULL, 'N;'),
('WState.View', 0, NULL, NULL, 'N;'),
('WUnit.*', 1, NULL, NULL, 'N;'),
('WUnit.Admin', 0, NULL, NULL, 'N;'),
('WUnit.Create', 0, NULL, NULL, 'N;'),
('WUnit.Delete', 0, NULL, NULL, 'N;'),
('WUnit.Index', 0, NULL, NULL, 'N;'),
('WUnit.Update', 0, NULL, NULL, 'N;'),
('WUnit.View', 0, NULL, NULL, 'N;'),
('WUser.*', 1, NULL, NULL, 'N;'),
('WUser.Add', 0, NULL, NULL, 'N;'),
('WUser.Admin', 0, NULL, NULL, 'N;'),
('WUser.ChangePassword', 0, NULL, NULL, 'N;'),
('WUser.Create', 0, NULL, NULL, 'N;'),
('WUser.Delete', 0, NULL, NULL, 'N;'),
('WUser.Index', 0, NULL, NULL, 'N;'),
('WUser.Lookup', 0, NULL, NULL, 'N;'),
('WUser.Update', 0, NULL, NULL, 'N;'),
('WUser.View', 0, NULL, NULL, 'N;');

--
-- Dumping data for table `cbr`
--

INSERT INTO `cbr` (`id`, `jabatan_id`, `date`, `kh_score`, `ps_persent`, `ps_score`, `ac_score`, `total`, `relation`, `information`) VALUES
(73, 104, '2013-03-21', 608, 50, 304, 76, 988, 0, NULL),
(80, 91, '2013-03-24', 528, 57, 304, 87, 919, 0, NULL),
(81, 95, '2013-03-24', 200, 29, 57, 25, 282, 0, NULL),
(82, 28, '2013-03-24', 200, 33, 66, 43, 309, 0, NULL),
(83, 93, '2013-03-24', 350, 38, 132, 38, 520, 0, NULL),
(84, 24, '2013-03-24', 350, 38, 132, 66, 548, 0, NULL),
(85, 23, '2013-03-24', 608, 50, 304, 100, 1012, 0, NULL),
(86, 96, '2013-03-24', 200, 29, 57, 25, 282, 0, NULL),
(87, 97, '2013-03-24', 200, 29, 57, 25, 282, 0, NULL),
(88, 98, '2013-03-24', 200, 29, 57, 25, 282, 0, NULL),
(89, 99, '2013-03-24', 200, 29, 57, 25, 282, 0, NULL),
(90, 100, '2013-03-24', 200, 29, 57, 25, 282, 0, NULL),
(91, 101, '2013-03-24', 200, 29, 57, 25, 282, 0, NULL),
(92, 102, '2013-03-24', 200, 29, 57, 25, 282, 0, NULL),
(93, 103, '2013-03-24', 200, 29, 57, 25, 282, 0, NULL),
(94, 92, '2013-03-24', 350, 38, 132, 38, 520, 0, NULL),
(95, 94, '2013-03-24', 350, 38, 132, 38, 520, 0, NULL),
(96, 29, '2013-03-24', 200, 33, 66, 43, 309, 0, NULL),
(97, 30, '2013-03-24', 200, 33, 66, 43, 309, 0, NULL),
(98, 25, '2013-03-24', 350, 38, 132, 66, 548, 0, NULL),
(99, NULL, '2013-03-24', 350, 38, 132, 66, 548, 0, NULL),
(100, 7, '2013-03-24', 608, 50, 304, 76, 988, 0, NULL),
(101, 40, '2013-03-24', 608, 50, 304, 76, 988, 0, NULL),
(102, 140, '2013-03-24', 608, 50, 304, 87, 999, 0, NULL),
(103, 76, '2013-03-24', 528, 50, 264, 76, 868, 0, NULL),
(104, 119, '2013-03-24', 528, 50, 264, 76, 868, 0, NULL),
(105, 133, '2013-03-24', 528, 57, 304, 87, 919, 0, NULL),
(106, 59, '2013-03-24', 528, 50, 264, 76, 868, 0, NULL),
(107, 68, '2013-03-24', 528, 50, 264, 76, 868, 0, NULL),
(108, 126, '2013-03-24', 528, 50, 264, 76, 868, 0, NULL),
(109, 82, '2013-03-24', 528, 50, 264, 76, 868, 0, NULL),
(110, 47, '2013-03-24', 608, 50, 304, 115, 1027, 0, NULL),
(111, 31, '2013-03-24', 608, 50, 304, 115, 1027, 0, NULL),
(112, 32, '2013-03-24', 350, 38, 132, 76, 558, 0, NULL),
(113, 33, '2013-03-24', 350, 38, 132, 76, 558, 0, NULL),
(114, 34, '2013-03-24', 350, 38, 132, 76, 558, 0, NULL),
(115, 35, '2013-03-24', 200, 33, 66, 50, 316, 0, NULL),
(116, 36, '2013-03-24', 200, 33, 66, 50, 316, 0, NULL),
(117, 37, '2013-03-24', 200, 33, 66, 50, 316, 0, NULL),
(118, 38, '2013-03-24', 200, 33, 66, 50, 316, 0, NULL),
(119, 39, '2013-03-24', 200, 33, 66, 50, 316, 0, NULL),
(120, 48, '2013-03-24', 350, 38, 132, 76, 558, 0, NULL),
(121, 49, '2013-03-24', 350, 38, 132, 76, 558, 0, NULL),
(122, 50, '2013-03-24', 350, 38, 132, 76, 558, 0, NULL),
(123, 51, '2013-03-24', 350, 38, 132, 76, 558, 0, NULL),
(124, 52, '2013-03-24', 200, 33, 66, 50, 316, 0, NULL),
(125, 53, '2013-03-24', 200, 33, 66, 50, 316, 0, NULL),
(126, 54, '2013-03-24', 200, 33, 66, 50, 316, 0, NULL),
(127, 55, '2013-03-24', 200, 33, 66, 50, 316, 0, NULL),
(128, 56, '2013-03-24', 200, 33, 66, 50, 316, 0, NULL),
(129, 57, '2013-03-24', 200, 33, 66, 50, 316, 0, NULL),
(130, 58, '2013-03-24', 200, 33, 66, 50, 316, 0, NULL),
(131, 141, '2013-03-24', 350, 38, 132, 57, 539, 0, NULL),
(132, 142, '2013-03-24', 350, 38, 132, 57, 539, 0, NULL),
(133, 143, '2013-03-24', 350, 38, 132, 57, 539, 0, NULL),
(134, 145, '2013-03-24', 200, 33, 66, 38, 304, 0, NULL),
(135, 144, '2013-03-24', 200, 33, 66, 38, 304, 0, NULL),
(136, 146, '2013-03-24', 200, 33, 66, 38, 304, 0, NULL),
(137, 147, '2013-03-24', 200, 33, 66, 38, 304, 0, NULL),
(138, 148, '2013-03-24', 200, 33, 66, 38, 304, 0, NULL),
(139, 149, '2013-03-24', 200, 33, 66, 38, 304, 0, NULL),
(140, 105, '2013-03-24', 350, 38, 132, 50, 532, 0, NULL),
(141, 106, '2013-03-24', 350, 38, 132, 50, 532, 0, NULL),
(142, 107, '2013-03-24', 350, 38, 132, 50, 532, 0, NULL),
(143, 108, '2013-03-24', 350, 38, 132, 50, 532, 0, NULL),
(144, 109, '2013-03-24', 350, 38, 132, 50, 532, 0, NULL),
(145, 110, '2013-03-24', 200, 33, 66, 33, 299, 0, NULL),
(146, 111, '2013-03-24', 200, 33, 66, 33, 299, 0, NULL),
(147, 112, '2013-03-24', 200, 33, 66, 33, 299, 0, NULL),
(148, 519, '2013-03-24', 200, 33, 66, 33, 299, 0, NULL),
(149, 115, '2013-03-24', 200, 33, 66, 33, 299, 0, NULL),
(150, 116, '2013-03-24', 200, 33, 66, 33, 299, 0, NULL),
(151, 118, '2013-03-24', 200, 33, 66, 33, 299, 0, NULL),
(152, 10, '2013-03-24', 350, 38, 132, 50, 532, 0, NULL),
(153, 12, '2013-03-24', 350, 38, 132, 50, 532, 0, NULL),
(154, 13, '2013-03-24', 350, 38, 132, 50, 532, 0, NULL),
(155, 14, '2013-03-24', 200, 33, 66, 33, 299, 0, NULL),
(156, 15, '2013-03-24', 200, 33, 66, 33, 299, 0, NULL),
(157, 16, '2013-03-24', 200, 33, 66, 33, 299, 0, NULL),
(158, 17, '2013-03-24', 200, 33, 66, 33, 299, 0, NULL),
(159, 18, '2013-03-24', 200, 33, 66, 33, 299, 0, NULL),
(160, 19, '2013-03-24', 200, 33, 66, 33, 299, 0, NULL),
(161, 20, '2013-03-24', 200, 33, 66, 33, 299, 0, NULL),
(162, 21, '2013-03-24', 200, 33, 66, 33, 299, 0, NULL),
(163, 22, '2013-03-24', 200, 33, 66, 33, 299, 0, NULL),
(164, 41, '2013-03-24', 350, 38, 132, 50, 532, 0, NULL),
(165, 42, '2013-03-24', 350, 38, 132, 50, 532, 0, NULL),
(166, 43, '2013-03-24', 350, 38, 132, 50, 532, 0, NULL),
(167, 44, '2013-03-24', 200, 33, 66, 33, 299, 0, NULL),
(168, 45, '2013-03-24', 200, 33, 66, 33, 299, 0, NULL),
(169, 46, '2013-03-24', 200, 33, 66, 33, 299, 0, NULL),
(170, 134, '2013-03-24', 350, 38, 132, 38, 520, 0, NULL),
(171, 135, '2013-03-24', 350, 38, 132, 38, 520, 0, NULL),
(172, 136, '2013-03-24', 350, 38, 132, 38, 520, 0, NULL),
(173, 137, '2013-03-24', 200, 29, 57, 25, 282, 0, NULL),
(174, 138, '2013-03-24', 200, 29, 57, 25, 282, 0, NULL),
(175, 139, '2013-03-24', 200, 29, 57, 25, 282, 0, NULL),
(176, 60, '2013-03-24', 304, 43, 132, 50, 486, 0, NULL),
(177, 61, '2013-03-24', 304, 43, 132, 50, 486, 0, NULL),
(178, 62, '2013-03-24', 304, 43, 132, 50, 486, 0, NULL),
(179, NULL, '2013-03-24', 175, 33, 57, 33, 265, 0, NULL),
(180, 63, '2013-03-24', 175, 33, 57, 33, 265, 0, NULL),
(181, 64, '2013-03-24', 175, 33, 57, 33, 265, 0, NULL),
(182, 65, '2013-03-24', 175, 33, 57, 33, 265, 0, NULL),
(183, 66, '2013-03-24', 175, 33, 57, 33, 265, 0, NULL),
(184, 67, '2013-03-24', 175, 33, 57, 33, 265, 0, NULL),
(185, 69, '2013-03-24', 304, 43, 132, 50, 486, 0, NULL),
(186, 70, '2013-03-24', 304, 43, 132, 50, 486, 0, NULL),
(187, 71, '2013-03-24', 304, 43, 132, 50, 486, 0, NULL),
(188, 72, '2013-03-24', 175, 33, 57, 33, 265, 0, NULL),
(189, 73, '2013-03-24', 175, 33, 57, 33, 265, 0, NULL),
(190, 74, '2013-03-24', 175, 33, 57, 33, 265, 0, NULL),
(191, 75, '2013-03-24', 175, 33, 57, 33, 265, 0, NULL),
(192, 78, '2013-03-24', 304, 43, 132, 50, 486, 0, NULL),
(193, 77, '2013-03-24', 304, 43, 132, 50, 486, 0, NULL),
(194, 79, '2013-03-24', 175, 33, 57, 33, 265, 0, NULL),
(195, 80, '2013-03-24', 175, 33, 57, 33, 265, 0, NULL),
(196, 81, '2013-03-24', 175, 33, 57, 33, 265, 0, NULL),
(197, 83, '2013-03-24', 304, 43, 132, 50, 486, 0, NULL),
(198, 84, '2013-03-24', 304, 43, 132, 50, 486, 0, NULL),
(199, 85, '2013-03-24', 175, 33, 57, 33, 265, 0, NULL),
(200, 86, '2013-03-24', 175, 33, 57, 33, 265, 0, NULL),
(201, 87, '2013-03-24', 175, 33, 57, 33, 265, 0, NULL),
(202, 88, '2013-03-24', 175, 33, 57, 33, 265, 0, NULL),
(203, 90, '2013-03-24', 175, 33, 57, 33, 265, 0, NULL),
(204, 120, '2013-03-24', 304, 43, 132, 50, 486, 0, NULL),
(205, 121, '2013-03-24', 304, 43, 132, 50, 486, 0, NULL),
(206, 122, '2013-03-24', 304, 43, 132, 50, 486, 0, NULL),
(207, 123, '2013-03-24', 175, 33, 57, 33, 265, 0, NULL),
(208, 124, '2013-03-24', 175, 33, 57, 33, 265, 0, NULL),
(209, 125, '2013-03-24', 175, 33, 57, 33, 265, 0, NULL),
(210, 127, '2013-03-24', 304, 43, 132, 50, 486, 0, NULL),
(211, 128, '2013-03-24', 304, 43, 132, 50, 486, 0, NULL),
(212, 129, '2013-03-24', 175, 33, 57, 33, 265, 0, NULL),
(213, 130, '2013-03-24', 175, 33, 57, 33, 265, 0, NULL),
(214, 132, '2013-03-24', 175, 33, 57, 33, 265, 0, NULL),
(215, 131, '2013-03-24', 175, 33, 57, 33, 265, 0, NULL),
(216, 160, '2013-04-01', 175, 25, 43, 116, 334, 0, NULL),
(217, 161, '2013-04-01', 175, 25, 43, 116, 334, 0, NULL),
(218, 162, '2013-04-01', 175, 25, 43, 116, 334, 0, NULL),
(219, 163, '2013-04-01', 175, 25, 43, 116, 334, 0, NULL),
(220, 164, '2013-04-01', 175, 25, 43, 116, 334, 0, NULL),
(221, 165, '2013-04-01', 175, 25, 43, 116, 334, 0, NULL),
(222, 166, '2013-04-01', 175, 25, 43, 116, 334, 0, NULL),
(223, 167, '2013-04-01', 175, 25, 43, 116, 334, 0, NULL),
(224, 168, '2013-04-01', 175, 25, 43, 116, 334, 0, NULL),
(225, 169, '2013-04-01', 175, 25, 43, 116, 334, 0, NULL),
(226, 178, '2013-04-01', 175, 25, 43, 116, 334, 0, NULL),
(227, 179, '2013-04-01', 175, 25, 43, 116, 334, 0, NULL),
(228, 180, '2013-04-01', 175, 25, 43, 116, 334, 0, NULL),
(229, 181, '2013-04-01', 175, 25, 43, 116, 334, 0, NULL),
(230, 182, '2013-04-01', 175, 25, 43, 116, 334, 0, NULL),
(231, 183, '2013-04-01', 175, 25, 43, 116, 334, 0, NULL),
(232, 190, '2013-04-01', 175, 25, 43, 116, 334, 0, NULL),
(233, 191, '2013-04-01', 175, 25, 43, 116, 334, 0, NULL),
(234, 192, '2013-04-01', 175, 25, 43, 116, 334, 0, NULL),
(235, 193, '2013-04-01', 175, 25, 43, 116, 334, 0, NULL),
(236, 194, '2013-04-01', 175, 25, 43, 116, 334, 0, NULL),
(237, 195, '2013-04-01', 175, 25, 43, 116, 334, 0, NULL),
(238, 196, '2013-04-01', 175, 25, 43, 116, 334, 0, NULL),
(239, 197, '2013-04-01', 175, 25, 43, 116, 334, 0, NULL),
(240, 198, '2013-04-01', 175, 25, 43, 116, 334, 0, NULL),
(241, 199, '2013-04-01', 175, 25, 43, 116, 334, 0, NULL),
(242, 208, '2013-04-01', 175, 25, 43, 116, 334, 0, NULL),
(243, 209, '2013-04-01', 175, 25, 43, 116, 334, 0, NULL),
(244, 210, '2013-04-01', 175, 25, 43, 116, 334, 0, NULL),
(246, 211, '2013-04-01', 175, 25, 43, 116, 334, 0, NULL),
(247, 212, '2013-04-01', 175, 25, 43, 116, 334, 0, NULL),
(248, 213, '2013-04-01', 175, 25, 43, 116, 334, 0, NULL),
(249, 210, '2013-04-01', 175, 25, 43, 116, 334, 0, NULL),
(250, 211, '2013-04-01', 175, 25, 43, 116, 334, 0, NULL),
(251, NULL, '2013-04-01', 175, 25, 43, 116, 334, 0, NULL),
(252, 212, '2013-04-01', 175, 25, 43, 116, 334, 0, NULL),
(253, 213, '2013-04-01', 175, 25, 43, 116, 334, 0, NULL),
(254, 214, '2013-04-01', 175, 25, 43, 116, 334, 0, NULL),
(255, 215, '2013-04-01', 175, 25, 43, 116, 334, 0, NULL),
(256, 222, '2013-04-01', 175, 25, 43, 116, 334, 0, NULL),
(257, 223, '2013-04-01', 175, 25, 43, 116, 334, 0, NULL),
(258, 224, '2013-04-01', 175, 25, 43, 116, 334, 0, NULL),
(259, 225, '2013-04-01', 175, 25, 43, 116, 334, 0, NULL),
(260, 226, '2013-04-01', 175, 25, 43, 116, 334, 0, NULL),
(261, 227, '2013-04-01', 175, 25, 43, 116, 334, 0, NULL),
(262, 234, '2013-04-01', 175, 25, 43, 116, 334, 0, NULL),
(263, 235, '2013-04-01', 175, 25, 43, 116, 334, 0, NULL),
(264, 236, '2013-04-01', 175, 25, 43, 116, 334, 0, NULL),
(265, 237, '2013-04-01', 175, 25, 43, 116, 334, 0, NULL),
(266, 238, '2013-04-01', 175, 25, 43, 116, 334, 0, NULL),
(267, 239, '2013-04-01', 175, 25, 43, 116, 334, 0, NULL),
(268, 245, '2013-04-01', 175, 25, 43, 116, 334, 0, NULL),
(269, 246, '2013-04-01', 175, 25, 43, 116, 334, 0, NULL),
(270, 247, '2013-04-01', 175, 25, 43, 116, 334, 0, NULL),
(271, 248, '2013-04-01', 175, 25, 43, 116, 334, 0, NULL),
(272, 283, '2013-04-01', 175, 25, 43, 116, 334, 0, NULL),
(273, 284, '2013-04-01', 175, 25, 43, 116, 334, 0, NULL),
(274, 285, '2013-04-01', 175, 25, 43, 116, 334, 0, NULL),
(275, 286, '2013-04-01', 175, 25, 43, 116, 334, 0, NULL),
(276, 287, '2013-04-01', 175, 25, 43, 116, 334, 0, NULL),
(277, 293, '2013-04-01', 175, 25, 43, 116, 334, 0, NULL),
(278, 294, '2013-04-01', 175, 25, 43, 116, 334, 0, NULL),
(279, 295, '2013-04-01', 175, 25, 43, 116, 334, 0, NULL),
(280, 296, '2013-04-01', 175, 25, 43, 116, 334, 0, NULL),
(281, 303, '2013-04-01', 175, 25, 43, 25, 334, 0, NULL),
(282, 304, '2013-04-01', 175, 25, 43, 116, 334, 0, NULL),
(283, 305, '2013-04-01', 175, 25, 43, 116, 334, 0, NULL),
(284, 306, '2013-04-01', 175, 25, 43, 116, 334, 0, NULL),
(285, 317, '2013-04-01', 175, 25, 43, 116, 334, 0, NULL),
(286, 318, '2013-04-01', 175, 25, 43, 116, 334, 0, NULL),
(287, 319, '2013-04-01', 175, 25, 43, 116, 334, 0, NULL),
(288, 320, '2013-04-01', 175, 25, 43, 116, 334, 0, NULL),
(289, 321, '2013-04-01', 175, 25, 43, 116, 334, 0, NULL),
(290, 322, '2013-04-01', 175, 25, 43, 116, 334, 0, NULL),
(291, 328, '2013-04-01', 175, 25, 43, 116, 334, 0, NULL),
(292, 329, '2013-04-01', 175, 25, 43, 116, 334, 0, NULL),
(293, 330, '2013-04-01', 175, 25, 43, 116, 334, 0, NULL),
(294, 375, '2013-04-01', 175, 25, 43, 116, 334, 0, NULL),
(295, 376, '2013-04-01', 175, 25, 43, 116, 334, 0, NULL),
(296, 377, '2013-04-01', 175, 25, 43, 116, 334, 0, NULL),
(297, 378, '2013-04-01', 175, 25, 43, 116, 334, 0, NULL),
(298, 379, '2013-04-01', 175, 25, 43, 116, 334, 0, NULL),
(299, 380, '2013-04-01', 175, 25, 43, 116, 334, 0, NULL),
(300, 381, '2013-04-01', 175, 25, 43, 116, 334, 0, NULL),
(301, 382, '2013-04-01', 175, 25, 43, 116, 334, 0, NULL),
(302, 383, '2013-04-01', 175, 25, 43, 116, 334, 0, NULL),
(303, 384, '2013-04-01', 175, 25, 43, 116, 334, 0, NULL),
(304, 385, '2013-04-01', 175, 25, 43, 116, 334, 0, NULL),
(305, 386, '2013-04-01', 175, 25, 43, 116, 334, 0, NULL),
(306, 394, '2013-04-01', 175, 25, 43, 116, 334, 0, NULL),
(307, 395, '2013-04-01', 175, 25, 43, 116, 334, 0, NULL),
(308, 396, '2013-04-01', 175, 25, 43, 116, 334, 0, NULL),
(309, 397, '2013-04-01', 175, 25, 43, 116, 334, 0, NULL),
(310, 404, '2013-04-01', 175, 25, 43, 116, 334, 0, NULL),
(311, 405, '2013-04-01', 175, 25, 43, 116, 334, 0, NULL),
(312, 406, '2013-04-01', 175, 25, 43, 116, 334, 0, NULL),
(313, 407, '2013-04-01', 175, 25, 43, 116, 334, 0, NULL),
(314, 413, '2013-04-01', 175, 25, 43, 116, 334, 0, NULL),
(315, 414, '2013-04-01', 175, 25, 43, 116, 334, 0, NULL),
(316, 415, '2013-04-01', 175, 25, 43, 116, 334, 0, NULL),
(317, 416, '2013-04-01', 175, 25, 43, 116, 334, 0, NULL),
(318, 450, '2013-04-01', 175, 25, 43, 116, 334, 0, NULL),
(319, 451, '2013-04-01', 175, 25, 43, 116, 334, 0, NULL),
(320, 452, '2013-04-01', 175, 25, 43, 116, 334, 0, NULL),
(321, 453, '2013-04-01', 175, 25, 43, 116, 334, 0, NULL),
(322, 454, '2013-04-01', 175, 25, 43, 116, 334, 0, NULL),
(323, 455, '2013-04-01', 175, 25, 43, 116, 334, 0, NULL),
(324, 461, '2013-04-01', 175, 25, 43, 116, 334, 0, NULL),
(325, 462, '2013-04-01', 175, 25, 43, 116, 334, 0, NULL),
(326, 463, '2013-04-01', 175, 25, 43, 116, 334, 0, NULL),
(327, 464, '2013-04-01', 175, 25, 43, 116, 334, 0, NULL),
(328, 471, '2013-04-01', 175, 25, 43, 116, 334, 0, NULL),
(329, 472, '2013-04-01', 175, 25, 43, 116, 334, 0, NULL),
(330, 473, '2013-04-01', 175, 25, 43, 116, 334, 0, NULL),
(331, 474, '2013-04-01', 175, 25, 43, 116, 334, 0, NULL),
(332, 475, '2013-04-01', 175, 25, 43, 116, 334, 0, NULL),
(333, 476, '2013-04-01', 175, 25, 43, 116, 334, 0, NULL),
(334, 478, '2013-04-01', 175, 25, 43, 116, 334, 0, NULL),
(335, 477, '2013-04-01', 175, 25, 43, 116, 334, 0, NULL),
(336, 479, '2013-04-01', 175, 25, 43, 116, 334, 0, NULL),
(337, 521, '2013-04-01', 175, 25, 43, 116, 334, 0, NULL),
(338, 522, '2013-04-01', 175, 25, 43, 116, 334, 0, NULL),
(339, 523, '2013-04-01', 175, 25, 43, 116, 334, 0, NULL),
(340, 524, '2013-04-01', 175, 25, 43, 116, 334, 0, NULL),
(341, 525, '2013-04-01', 175, 25, 43, 116, 334, 0, NULL),
(342, 526, '2013-04-01', 175, 25, 43, 116, 334, 0, NULL),
(343, 527, '2013-04-01', 175, 25, 43, 116, 334, 0, NULL),
(344, 170, '2013-04-02', 175, 25, 43, 116, 334, 0, NULL),
(345, 184, '2013-04-02', 175, 25, 43, 116, 334, 0, NULL),
(346, 201, '2013-04-02', 175, 25, 43, 116, 334, 0, NULL),
(347, 216, '2013-04-02', 175, 25, 43, 116, 334, 0, NULL),
(348, 228, '2013-04-02', 175, 25, 43, 116, 334, 0, NULL),
(349, 240, '2013-04-02', 175, 25, 43, 116, 334, 0, NULL),
(350, 250, '2013-04-02', 175, 25, 43, 116, 334, 0, NULL),
(351, 288, '2013-04-02', 175, 25, 43, 116, 334, 0, NULL),
(352, 297, '2013-04-02', 175, 25, 43, 116, 334, 0, NULL),
(353, 312, '2013-04-02', 175, 25, 43, 116, 334, 0, NULL),
(354, 323, '2013-04-02', 175, 25, 43, 116, 334, 0, NULL),
(355, 331, '2013-04-02', 175, 25, 43, 116, 334, 0, NULL),
(356, 387, '2013-04-02', 175, 25, 43, 116, 334, 0, NULL),
(357, 398, '2013-04-02', 175, 25, 43, 116, 334, 0, NULL),
(358, 408, '2013-04-02', 175, 25, 43, 116, 334, 0, NULL),
(359, 417, '2013-04-02', 175, 25, 43, 116, 334, 0, NULL),
(360, 456, '2013-04-02', 175, 25, 43, 116, 334, 0, NULL),
(361, 465, '2013-04-02', 175, 25, 43, 116, 334, 0, NULL),
(362, 480, '2013-04-02', 175, 25, 43, 116, 334, 0, NULL),
(363, 528, '2013-04-02', 175, 25, 43, 116, 334, 0, NULL),
(364, 171, '2013-04-02', 175, 29, 50, 33, 258, 0, NULL),
(365, 185, '2013-04-02', 175, 29, 50, 33, 258, 0, NULL),
(366, 202, '2013-04-02', 175, 29, 50, 33, 258, 0, NULL),
(367, 217, '2013-04-02', 175, 29, 50, 33, 258, 0, NULL),
(368, 229, '2013-04-02', 175, 29, 50, 33, 258, 0, NULL),
(369, 241, '2013-04-02', 175, 29, 50, 33, 258, 0, NULL),
(370, 251, '2013-04-02', 175, 29, 50, 33, 258, 0, NULL),
(371, 289, '2013-04-02', 175, 29, 50, 33, 258, 0, NULL),
(372, 298, '2013-04-02', 175, 29, 50, 33, 258, 0, NULL),
(373, 313, '2013-04-02', 175, 29, 50, 33, 258, 0, NULL),
(374, 324, '2013-04-02', 175, 29, 50, 33, 258, 0, NULL),
(375, 332, '2013-04-02', 175, 29, 50, 33, 258, 0, NULL),
(376, 388, '2013-04-02', 175, 29, 50, 33, 258, 0, NULL),
(377, 399, '2013-04-02', 175, 29, 50, 33, 258, 0, NULL),
(378, 409, '2013-04-02', 175, 29, 50, 33, 258, 0, NULL),
(379, 418, '2013-04-02', 175, 29, 50, 33, 258, 0, NULL),
(380, 457, '2013-04-02', 175, 29, 50, 33, 258, 0, NULL),
(381, 466, '2013-04-02', 175, 29, 50, 33, 258, 0, NULL),
(382, 481, '2013-04-02', 175, 29, 50, 33, 258, 0, NULL),
(383, 529, '2013-04-02', 175, 29, 50, 33, 258, 0, NULL),
(384, 172, '2013-04-02', 175, 33, 57, 33, 265, 0, NULL),
(385, 186, '2013-04-02', 175, 33, 57, 33, 265, 0, NULL),
(386, 203, '2013-04-02', 175, 33, 57, 33, 265, 0, NULL),
(387, 218, '2013-04-02', 175, 33, 57, 33, 265, 0, NULL),
(388, 230, '2013-04-02', 175, 33, 57, 33, 265, 0, NULL),
(389, 242, '2013-04-02', 175, 33, 57, 33, 265, 0, NULL),
(390, 252, '2013-04-02', 175, 33, 57, 33, 265, 0, NULL),
(391, 290, '2013-04-02', 175, 33, 57, 33, 265, 0, NULL),
(392, 299, '2013-04-02', 175, 33, 57, 33, 265, 0, NULL),
(393, 314, '2013-04-02', 175, 33, 57, 33, 265, 0, NULL),
(394, 325, '2013-04-02', 175, 33, 57, 33, 265, 0, NULL),
(395, 333, '2013-04-02', 175, 33, 57, 33, 265, 0, NULL),
(396, 390, '2013-04-02', 175, 33, 57, 33, 265, 0, NULL),
(397, 401, '2013-04-02', 175, 33, 57, 33, 265, 0, NULL),
(398, 410, '2013-04-02', 175, 33, 57, 33, 265, 0, NULL),
(399, 419, '2013-04-02', 175, 33, 57, 33, 265, 0, NULL),
(400, 458, '2013-04-02', 175, 33, 57, 33, 265, 0, NULL),
(401, 467, '2013-04-02', 175, 33, 57, 33, 265, 0, NULL),
(402, 483, '2013-04-02', 175, 33, 57, 33, 265, 0, NULL),
(403, 530, '2013-04-02', 175, 33, 57, 33, 265, 0, NULL),
(404, 157, '2013-04-02', 528, 50, 264, 201, 993, 0, NULL),
(405, 174, '2013-04-02', 528, 50, 264, 153, 945, 0, NULL),
(406, 187, '2013-04-02', 528, 50, 264, 201, 993, 0, NULL),
(407, 205, '2013-04-02', 528, 50, 264, 153, 945, 0, NULL),
(408, 219, '2013-04-02', 528, 50, 264, 153, 945, 0, NULL),
(409, 232, '2013-04-02', 528, 50, 264, 153, 945, 0, NULL),
(410, 243, '2013-04-02', 460, 50, 230, 153, 843, 0, NULL),
(411, 281, '2013-04-02', 528, 50, 264, 153, 945, 0, NULL),
(412, 291, '2013-04-02', 460, 50, 230, 153, 843, 0, NULL),
(413, 300, '2013-04-02', 460, 50, 230, 153, 843, 0, NULL),
(414, 315, '2013-04-02', 528, 50, 264, 201, 993, 0, NULL),
(415, 326, '2013-04-02', 528, 50, 264, 153, 945, 0, NULL),
(416, 372, '2013-04-02', 528, 50, 264, 201, 993, 0, NULL),
(417, 392, '2013-04-02', 460, 50, 230, 153, 843, 0, NULL),
(418, 402, '2013-04-02', 460, 50, 230, 153, 843, 0, NULL),
(419, 411, '2013-04-02', 528, 50, 264, 153, 945, 0, NULL),
(420, 448, '2013-04-02', 528, 50, 264, 175, 945, 0, NULL),
(421, 459, '2013-04-02', 460, 50, 230, 153, 843, 0, NULL),
(422, 468, '2013-04-02', 528, 50, 264, 153, 945, 0, NULL),
(423, 484, '2013-04-02', 528, 50, 264, 153, 945, 0, NULL),
(424, 158, '2013-04-02', 304, 38, 115, 153, 572, 0, NULL),
(425, 159, '2013-04-02', 304, 38, 115, 153, 572, 0, NULL),
(426, 177, '2013-04-02', 304, 38, 115, 153, 572, 0, NULL),
(427, 188, '2013-04-02', 304, 38, 115, 153, 572, 0, NULL),
(428, 189, '2013-04-02', 304, 38, 115, 153, 572, 0, NULL),
(429, 206, '2013-04-02', 304, 38, 115, 153, 572, 0, NULL),
(430, 207, '2013-04-02', 304, 38, 115, 153, 572, 0, NULL),
(431, 220, '2013-04-02', 304, 38, 115, 153, 572, 0, NULL),
(432, 220, '2013-04-02', 304, 38, 115, 153, 572, 0, NULL),
(433, 233, '2013-04-02', 304, 38, 115, 153, 572, 0, NULL),
(434, 244, '2013-04-02', 304, 38, 115, 153, 572, 0, NULL),
(435, 282, '2013-04-02', 304, 38, 115, 153, 572, 0, NULL),
(436, 292, '2013-04-02', 304, 38, 115, 153, 572, 0, NULL),
(437, 301, '2013-04-02', 304, 38, 115, 153, 572, 0, NULL),
(438, 302, '2013-04-02', 304, 38, 115, 153, 572, 0, NULL),
(439, 316, '2013-04-02', 304, 38, 115, 153, 572, 0, NULL),
(440, 327, '2013-04-02', 304, 38, 115, 153, 572, 0, NULL),
(441, 373, '2013-04-02', 304, 38, 115, 153, 572, 0, NULL),
(442, 374, '2013-04-02', 304, 38, 115, 153, 572, 0, NULL),
(443, 393, '2013-04-02', 304, 38, 115, 153, 572, 0, NULL),
(444, 403, '2013-04-02', 304, 38, 115, 153, 572, 0, NULL),
(445, 412, '2013-04-02', 304, 38, 115, 153, 572, 0, NULL),
(446, 449, '2013-04-02', 304, 38, 115, 153, 572, 0, NULL),
(447, 460, '2013-04-02', 304, 38, 115, 153, 572, 0, NULL),
(448, 469, '2013-04-02', 304, 38, 115, 153, 572, 0, NULL),
(449, 470, '2013-04-02', 304, 38, 115, 153, 572, 0, NULL),
(450, 520, '2013-04-02', 304, 38, 115, 153, 572, 0, NULL),
(451, NULL, '2013-04-02', 304, 38, 115, 153, 572, 0, NULL),
(452, 221, '2013-04-02', 304, 38, 115, 153, 572, 0, NULL),
(453, 231, '2013-04-02', 175, 25, 43, 116, 334, 0, NULL),
(454, 249, '2013-04-02', 175, 25, 43, 116, 334, 0, NULL),
(455, 307, '2013-04-02', 175, 25, 43, 116, 334, 0, NULL),
(456, 308, '2013-04-02', 175, 25, 43, 116, 334, 0, NULL),
(457, 309, '2013-04-02', 175, 25, 43, 116, 334, 0, NULL),
(458, 310, '2013-04-02', 175, 25, 43, 116, 334, 0, NULL),
(459, 311, '2013-04-02', 175, 25, 43, 116, 334, 0, NULL),
(460, 3, '2013-04-02', 608, 50, 304, 265, 1177, 0, NULL),
(461, 272, '2013-04-02', 608, 50, 304, 201, 1113, 0, NULL),
(462, 364, '2013-04-02', 608, 50, 304, 265, 1177, 0, NULL),
(463, 440, '2013-04-02', 608, 50, 304, 230, 1113, 0, NULL),
(464, 150, '2013-04-02', 350, 38, 132, 76, 558, 0, NULL),
(465, 273, '2013-04-02', 350, 38, 132, 76, 558, 0, NULL),
(466, 365, '2013-04-02', 350, 38, 132, 76, 558, 0, NULL),
(467, 441, '2013-04-02', 350, 38, 132, 76, 558, 0, NULL),
(468, 151, '2013-04-02', 200, 33, 66, 50, 316, 0, NULL),
(469, 274, '2013-04-02', 200, 33, 66, 50, 316, 0, NULL),
(470, 366, '2013-04-02', 200, 33, 66, 50, 316, 0, NULL),
(471, 442, '2013-04-02', 200, 33, 66, 50, 316, 0, NULL),
(472, 152, '2013-04-02', 350, 38, 132, 76, 558, 0, NULL);

--
-- Dumping data for table `cbr_accountability`
--

INSERT INTO `cbr_accountability` (`id`, `cbr_id`, `fta`, `aid`, `amt`, `toi`, `prf`) VALUES
(76, 73, 'E', 'C', '', '', '0'),
(83, 80, 'E', 'C', '', '', '1'),
(84, 81, 'C', 'B', '', '', '0'),
(85, 82, 'C', 'D', '', '', '0'),
(86, 83, 'D', 'B', '', '', '0'),
(87, 84, 'D', 'D', '', '', '0'),
(88, 85, 'E', 'D', '', '', '0'),
(89, 86, 'C', 'B', '', '', '0'),
(90, 87, 'C', 'B', '', '', '0'),
(91, 88, 'C', 'B', '', '', '0'),
(92, 89, 'C', 'B', '', '', '0'),
(93, 90, 'C', 'B', '', '', '0'),
(94, 91, 'C', 'B', '', '', '0'),
(95, 92, 'C', 'B', '', '', '0'),
(96, 93, 'C', 'B', '', '', '0'),
(97, 94, 'D', 'B', '', '', '0'),
(98, 95, 'D', 'B', '', '', '0'),
(99, 96, 'C', 'D', '', '', '0'),
(100, 97, 'C', 'D', '', '', '0'),
(101, 98, 'D', 'D', '', '', '0'),
(102, 99, 'D', 'D', '', '', '0'),
(103, 100, 'E', 'C', '', '', '0'),
(104, 101, 'E', 'C', '', '', '0'),
(105, 102, 'E', 'C', '', '', '1'),
(106, 103, 'E', 'C', '', '', '0'),
(107, 104, 'E', 'C', '', '', '0'),
(108, 105, 'E', 'C', '', '', '1'),
(109, 106, 'E', 'C', '', '', '0'),
(110, 107, 'E', 'C', '', '', '0'),
(111, 108, 'E', 'C', '', '', '0'),
(112, 109, 'E', 'C', '', '', '0'),
(113, 110, 'E', 'D', '', '', '1'),
(114, 111, 'E', 'D', '', '', '1'),
(115, 112, 'D', 'D', '', '', '1'),
(116, 113, 'D', 'D', '', '', '1'),
(117, 114, 'D', 'D', '', '', '1'),
(118, 115, 'C', 'D', '', '', '1'),
(119, 116, 'C', 'D', '', '', '1'),
(120, 117, 'C', 'D', '', '', '1'),
(121, 118, 'C', 'D', '', '', '1'),
(122, 119, 'C', 'D', '', '', '1'),
(123, 120, 'D', 'D', '', '', '1'),
(124, 121, 'D', 'D', '', '', '1'),
(125, 122, 'D', 'D', '', '', '1'),
(126, 123, 'D', 'D', '', '', '1'),
(127, 124, 'C', 'D', '', '', '1'),
(128, 125, 'C', 'D', '', '', '1'),
(129, 126, 'C', 'D', '', '', '1'),
(130, 127, 'C', 'D', '', '', '1'),
(131, 128, 'C', 'D', '', '', '1'),
(132, 129, 'C', 'D', '', '', '1'),
(133, 130, 'C', 'D', '', '', '1'),
(134, 131, 'D', 'C', '', '', '1'),
(135, 132, 'D', 'C', '', '', '1'),
(136, 133, 'D', 'C', '', '', '1'),
(137, 134, 'C', 'C', '', '', '1'),
(138, 135, 'C', 'C', '', '', '1'),
(139, 136, 'C', 'C', '', '', '1'),
(140, 137, 'C', 'C', '', '', '1'),
(141, 138, 'C', 'C', '', '', '1'),
(142, 139, 'C', 'C', '', '', '1'),
(143, 140, 'D', 'C', '', '', '0'),
(144, 141, 'D', 'C', '', '', '0'),
(145, 142, 'D', 'C', '', '', '0'),
(146, 143, 'D', 'C', '', '', '0'),
(147, 144, 'D', 'C', '', '', '0'),
(148, 145, 'C', 'C', '', '', '0'),
(149, 146, 'C', 'C', '', '', '0'),
(150, 147, 'C', 'C', '', '', '0'),
(151, 148, 'C', 'C', '', '', '0'),
(152, 149, 'C', 'C', '', '', '0'),
(153, 150, 'C', 'C', '', '', '0'),
(154, 151, 'C', 'C', '', '', '0'),
(155, 152, 'D', 'C', '', '', '0'),
(156, 153, 'D', 'C', '', '', '0'),
(157, 154, 'D', 'C', '', '', '0'),
(158, 155, 'C', 'C', '', '', '0'),
(159, 156, 'C', 'C', '', '', '0'),
(160, 157, 'C', 'C', '', '', '0'),
(161, 158, 'C', 'C', '', '', '0'),
(162, 159, 'C', 'C', '', '', '0'),
(163, 160, 'C', 'C', '', '', '0'),
(164, 161, 'C', 'C', '', '', '0'),
(165, 162, 'C', 'C', '', '', '0'),
(166, 163, 'C', 'C', '', '', '0'),
(167, 164, 'D', 'C', '', '', '0'),
(168, 165, 'D', 'C', '', '', '0'),
(169, 166, 'D', 'C', '', '', '0'),
(170, 167, 'C', 'C', '', '', '0'),
(171, 168, 'C', 'C', '', '', '0'),
(172, 169, 'C', 'C', '', '', '0'),
(173, 170, 'D', 'B', '', '', '0'),
(174, 171, 'D', 'B', '', '', '0'),
(175, 172, 'D', 'B', '', '', '0'),
(176, 173, 'C', 'B', '', '', '0'),
(177, 174, 'C', 'B', '', '', '0'),
(178, 175, 'C', 'B', '', '', '0'),
(179, 176, 'D', 'C', '', '', '0'),
(180, 177, 'D', 'C', '', '', '0'),
(181, 178, 'D', 'C', '', '', '0'),
(182, 179, 'C', 'C', '', '', '0'),
(183, 180, 'C', 'C', '', '', '0'),
(184, 181, 'C', 'C', '', '', '0'),
(185, 182, 'C', 'C', '', '', '0'),
(186, 183, 'C', 'C', '', '', '0'),
(187, 184, 'C', 'C', '', '', '0'),
(188, 185, 'D', 'C', '', '', '0'),
(189, 186, 'D', 'C', '', '', '0'),
(190, 187, 'D', 'C', '', '', '0'),
(191, 188, 'C', 'C', '', '', '0'),
(192, 189, 'C', 'C', '', '', '0'),
(193, 190, 'C', 'C', '', '', '0'),
(194, 191, 'C', 'C', '', '', '0'),
(195, 192, 'D', 'C', '', '', '0'),
(196, 193, 'D', 'C', '', '', '0'),
(197, 194, 'C', 'C', '', '', '0'),
(198, 195, 'C', 'C', '', '', '0'),
(199, 196, 'C', 'C', '', '', '0'),
(200, 197, 'D', 'C', '', '', '0'),
(201, 198, 'D', 'C', '', '', '0'),
(202, 199, 'C', 'C', '', '', '0'),
(203, 200, 'C', 'C', '', '', '0'),
(204, 201, 'C', 'C', '', '', '0'),
(205, 202, 'C', 'C', '', '', '0'),
(206, 203, 'C', 'C', '', '', '0'),
(207, 204, 'D', 'C', '', '', '0'),
(208, 205, 'D', 'C', '', '', '0'),
(209, 206, 'D', 'C', '', '', '0'),
(210, 207, 'C', 'C', '', '', '0'),
(211, 208, 'C', 'C', '', '', '0'),
(212, 209, 'C', 'C', '', '', '0'),
(213, 210, 'D', 'C', '', '', '0'),
(214, 211, 'D', 'C', '', '', '0'),
(215, 212, 'C', 'C', '', '', '0'),
(216, 213, 'C', 'C', '', '', '0'),
(217, 214, 'C', 'C', '', '', '0'),
(218, 215, 'C', 'C', '', '', '0'),
(219, 216, 'C', '', '1', 'P', '3+'),
(220, 217, 'C', '', '1', 'P', '3+'),
(221, 218, 'C', '', '1', 'P', '3+'),
(222, 219, 'C', '', '1', 'P', '3+'),
(223, 220, 'C', '', '1', 'P', '3+'),
(224, 221, 'C', '', '1', 'P', '3+'),
(225, 222, 'C', '', '1', 'P', '3+'),
(226, 223, 'C', '', '1', 'P', '3+'),
(227, 224, 'C', '', '1', 'P', '3+'),
(228, 225, 'C', '', '1', 'P', '3+'),
(229, 226, 'C', '', '1', 'P', '3+'),
(230, 227, 'C', '', '1', 'P', '3+'),
(231, 228, 'C', '', '1', 'P', '3+'),
(232, 229, 'C', '', '1', 'P', '3+'),
(233, 230, 'C', '', '1', 'P', '3+'),
(234, 231, 'C', '', '1', 'P', '3+'),
(235, 232, 'C', '', '1', 'P', '3+'),
(236, 233, 'C', '', '1', 'P', '3+'),
(237, 234, 'C', '', '1', 'P', '3+'),
(238, 235, 'C', '', '1', 'P', '3+'),
(239, 236, 'C', '', '1', 'P', '3+'),
(240, 237, 'C', '', '1', 'P', '3+'),
(241, 238, 'C', '', '1', 'P', '3+'),
(242, 239, 'C', '', '1', 'P', '3+'),
(243, 240, 'C', '', '1', 'P', '3+'),
(244, 241, 'C', '', '1', 'P', '3+'),
(245, 242, 'C', '', '1', 'P', '3+'),
(246, 243, 'C', '', '1', 'P', '3+'),
(247, 244, 'C', '', '1', 'P', '3+'),
(249, 246, 'C', '', '1', 'P', '3+'),
(250, 247, 'C', '', '1', 'P', '3+'),
(251, 248, 'C', '', '1', 'P', '3+'),
(252, 249, 'C', '', '1', 'P', '3+'),
(253, 250, 'C', '', '1', 'P', '3+'),
(254, 251, 'C', '', '1', 'P', '3+'),
(255, 252, 'C', '', '1', 'P', '3+'),
(256, 253, 'C', '', '1', 'P', '3+'),
(257, 254, 'C', '', '1', 'P', '3+'),
(258, 255, 'C', '', '1', 'P', '3+'),
(259, 256, 'C', '', '1', 'P', '3+'),
(260, 257, 'C', '', '1', 'P', '3+'),
(261, 258, 'C', '', '1', 'P', '3+'),
(262, 259, 'C', '', '1', 'P', '3+'),
(263, 260, 'C', '', '1', 'P', '3+'),
(264, 261, 'C', '', '1', 'P', '3+'),
(265, 262, 'C', '', '1', 'P', '3+'),
(266, 263, 'C', '', '1', 'P', '3+'),
(267, 264, 'C', '', '1', 'P', '3+'),
(268, 265, 'C', '', '1', 'P', '3+'),
(269, 266, 'C', '', '1', 'P', '3+'),
(270, 267, 'C', '', '1', 'P', '3+'),
(271, 268, 'C', '', '1', 'P', '3+'),
(272, 269, 'C', '', '1', 'P', '3+'),
(273, 270, 'C', '', '1', 'P', '3+'),
(274, 271, 'C', '', '1', 'P', '3+'),
(275, 272, 'C', '', '1', 'P', '3+'),
(276, 273, 'C', '', '1', 'P', '3+'),
(277, 274, 'C', '', '1', 'P', '3+'),
(278, 275, 'C', '', '1', 'P', '3+'),
(279, 276, 'C', '', '1', 'P', '3+'),
(280, 277, 'C', '', '1', 'P', '3+'),
(281, 278, 'C', '', '1', 'P', '3+'),
(282, 279, 'C', '', '1', 'P', '3+'),
(283, 280, 'C', '', '1', 'P', '3+'),
(284, 281, 'C', '', '1', 'P', '3+'),
(285, 282, 'C', '', '1', 'P', '3+'),
(286, 283, 'C', '', '1', 'P', '3+'),
(287, 284, 'C', '', '1', 'P', '3+'),
(288, 285, 'C', '', '1', 'P', '3+'),
(289, 286, 'C', '', '1', 'P', '3+'),
(290, 287, 'C', '', '1', 'P', '3+'),
(291, 288, 'C', '', '1', 'P', '3+'),
(292, 289, 'C', '', '1', 'P', '3+'),
(293, 290, 'C', '', '1', 'P', '3+'),
(294, 291, 'C', '', '1', 'P', '3+'),
(295, 292, 'C', '', '1', 'P', '3+'),
(296, 293, 'C', '', '1', 'P', '3+'),
(297, 294, 'C', '', '1', 'P', '3+'),
(298, 295, 'C', '', '1', 'P', '3+'),
(299, 296, 'C', '', '1', 'P', '3+'),
(300, 297, 'C', '', '1', 'P', '3+'),
(301, 298, 'C', '', '1', 'P', '3+'),
(302, 299, 'C', '', '1', 'P', '3+'),
(303, 300, 'C', '', '1', 'P', '3+'),
(304, 301, 'C', '', '1', 'P', '3+'),
(305, 302, 'C', '', '1', 'P', '3+'),
(306, 303, 'C', '', '1', 'P', '3+'),
(307, 304, 'C', '', '1', 'P', '3+'),
(308, 305, 'C', '', '1', 'P', '3+'),
(309, 306, 'C', '', '1', 'P', '3+'),
(310, 307, 'C', '', '1', 'P', '3+'),
(311, 308, 'C', '', '1', 'P', '3+'),
(312, 309, 'C', '', '1', 'P', '3+'),
(313, 310, 'C', '', '1', 'P', '3+'),
(314, 311, 'C', '', '1', 'P', '3+'),
(315, 312, 'C', '', '1', 'P', '3+'),
(316, 313, 'C', '', '1', 'P', '3+'),
(317, 314, 'C', '', '1', 'P', '3+'),
(318, 315, 'C', '', '1', 'P', '3+'),
(319, 316, 'C', '', '1', 'P', '3+'),
(320, 317, 'C', '', '1', 'P', '3+'),
(321, 318, 'C', '', '1', 'P', '3+'),
(322, 319, 'C', '', '1', 'P', '3+'),
(323, 320, 'C', '', '1', 'P', '3+'),
(324, 321, 'C', '', '1', 'P', '3+'),
(325, 322, 'C', '', '1', 'P', '3+'),
(326, 323, 'C', '', '1', 'P', '3+'),
(327, 324, 'C', '', '1', 'P', '3+'),
(328, 325, 'C', '', '1', 'P', '3+'),
(329, 326, 'C', '', '1', 'P', '3+'),
(330, 327, 'C', '', '1', 'P', '3+'),
(331, 328, 'C', '', '1', 'P', '3+'),
(332, 329, 'C', '', '1', 'P', '3+'),
(333, 330, 'C', '', '1', 'P', '3+'),
(334, 331, 'C', '', '1', 'P', '3+'),
(335, 332, 'C', '', '1', 'P', '3+'),
(336, 333, 'C', '', '1', 'P', '3+'),
(337, 334, 'C', '', '1', 'P', '3+'),
(338, 335, 'C', '', '1', 'P', '3+'),
(339, 336, 'C', '', '1', 'P', '3+'),
(340, 337, 'C', '', '1', 'P', '3+'),
(341, 338, 'C', '', '1', 'P', '3+'),
(342, 339, 'C', '', '1', 'P', '3+'),
(343, 340, 'C', '', '1', 'P', '3+'),
(344, 341, 'C', '', '1', 'P', '3+'),
(345, 342, 'C', '', '1', 'P', '3+'),
(346, 343, 'C', '', '1', 'P', '3+'),
(347, 344, 'C', '', '1', 'P', '3+'),
(348, 345, 'C', '', '1', 'P', '3+'),
(349, 346, 'C', '', '1', 'P', '3+'),
(350, 347, 'C', '', '1', 'P', '3+'),
(351, 348, 'C', '', '1', 'P', '3+'),
(352, 349, 'C', '', '1', 'P', '3+'),
(353, 350, 'C', '', '1', 'P', '3+'),
(354, 351, 'C', '', '1', 'P', '3+'),
(355, 352, 'C', '', '1', 'P', '3+'),
(356, 353, 'C', '', '1', 'P', '3+'),
(357, 354, 'C', '', '1', 'P', '3+'),
(358, 355, 'C', '', '1', 'P', '3+'),
(359, 356, 'C', '', '1', 'P', '3+'),
(360, 357, 'C', '', '1', 'P', '3+'),
(361, 358, 'C', '', '1', 'P', '3+'),
(362, 359, 'C', '', '1', 'P', '3+'),
(363, 360, 'C', '', '1', 'P', '3+'),
(364, 361, 'C', '', '1', 'P', '3+'),
(365, 362, 'C', '', '1', 'P', '3+'),
(366, 363, 'C', '', '1', 'P', '3+'),
(367, 364, 'C', 'C', '', '', '0'),
(368, 365, 'C', 'C', '', '', '0'),
(369, 366, 'C', 'C', '', '', '0'),
(370, 367, 'C', 'C', '', '', '0'),
(371, 368, 'C', 'C', '', '', '0'),
(372, 369, 'C', 'C', '', '', '0'),
(373, 370, 'C', 'C', '', '', '0'),
(374, 371, 'C', 'C', '', '', '0'),
(375, 372, 'C', 'C', '', '', '0'),
(376, 373, 'C', 'C', '', '', '0'),
(377, 374, 'C', 'C', '', '', '0'),
(378, 375, 'C', 'C', '', '', '0'),
(379, 376, 'C', 'C', '', '', '0'),
(380, 377, 'C', 'C', '', '', '0'),
(381, 378, 'C', 'C', '', '', '0'),
(382, 379, 'C', 'C', '', '', '0'),
(383, 380, 'C', 'C', '', '', '0'),
(384, 381, 'C', 'C', '', '', '0'),
(385, 382, 'C', 'C', '', '', '0'),
(386, 383, 'C', 'C', '', '', '0'),
(387, 384, 'C', 'C', '', '', '0'),
(388, 385, 'C', 'C', '', '', '0'),
(389, 386, 'C', 'C', '', '', '0'),
(390, 387, 'C', 'C', '', '', '0'),
(391, 388, 'C', 'C', '', '', '0'),
(392, 389, 'C', 'C', '', '', '0'),
(393, 390, 'C', 'C', '', '', '0'),
(394, 391, 'C', 'C', '', '', '0'),
(395, 392, 'C', 'C', '', '', '0'),
(396, 393, 'C', 'C', '', '', '0'),
(397, 394, 'C', 'C', '', '', '0'),
(398, 395, 'C', 'C', '', '', '0'),
(399, 396, 'C', 'C', '', '', '0'),
(400, 397, 'C', 'C', '', '', '0'),
(401, 398, 'C', 'C', '', '', '0'),
(402, 399, 'C', 'C', '', '', '0'),
(403, 400, 'C', 'C', '', '', '0'),
(404, 401, 'C', 'C', '', '', '0'),
(405, 402, 'C', 'C', '', '', '0'),
(406, 403, 'C', 'C', '', '', '0'),
(407, 404, 'E', '', '3', 'P', '0'),
(408, 405, 'E', '', '2', 'P', '0'),
(409, 406, 'E', '', '3', 'P', '0'),
(410, 407, 'E', '', '2', 'P', '0'),
(411, 408, 'E', '', '2', 'P', '0'),
(412, 409, 'E', '', '2', 'P', '0'),
(413, 410, 'E', '', '1', 'P', '0'),
(414, 411, 'E', '', '2', 'P', '0'),
(415, 412, 'E', '', '1', 'P', '0'),
(416, 413, 'E', '', '1', 'P', '0'),
(417, 414, 'E', '', '3', 'P', '0'),
(418, 415, 'E', '', '2', 'P', '0'),
(419, 416, 'E', '', '3', 'P', '0'),
(420, 417, 'E', '', '1', 'P', '0'),
(421, 418, 'E', '', '1', 'P', '0'),
(422, 419, 'E', '', '2', 'P', '0'),
(423, 420, 'E', '', '2', 'P', '0'),
(424, 421, 'E', '', '1', 'P', '0'),
(425, 422, 'E', '', '2', 'P', '0'),
(426, 423, 'E', '', '2', 'P', '0'),
(427, 424, 'D', '', '2', 'P', '3+'),
(428, 425, 'D', '', '2', 'P', '3+'),
(429, 426, 'D', '', '2', 'P', '3+'),
(430, 427, 'D', '', '2', 'P', '3+'),
(431, 428, 'D', '', '2', 'P', '3+'),
(432, 429, 'D', '', '2', 'P', '3+'),
(433, 430, 'D', '', '2', 'P', '3+'),
(434, 431, 'D', '', '2', 'P', '3+'),
(435, 432, 'D', '', '2', 'P', '3+'),
(436, 433, 'D', '', '2', 'P', '3+'),
(437, 434, 'D', '', '2', 'P', '3+'),
(438, 435, 'D', '', '2', 'P', '3+'),
(439, 436, 'D', '', '2', 'P', '3+'),
(440, 437, 'D', '', '2', 'P', '3+'),
(441, 438, 'D', '', '2', 'P', '3+'),
(442, 439, 'D', '', '2', 'P', '3+'),
(443, 440, 'D', '', '2', 'P', '3+'),
(444, 441, 'D', '', '2', 'P', '3+'),
(445, 442, 'D', '', '2', 'P', '3+'),
(446, 443, 'D', '', '2', 'P', '3+'),
(447, 444, 'D', '', '2', 'P', '3+'),
(448, 445, 'D', '', '2', 'P', '3+'),
(449, 446, 'D', '', '2', 'P', '3+'),
(450, 447, 'D', '', '2', 'P', '3+'),
(451, 448, 'D', '', '2', 'P', '3+'),
(452, 449, 'D', '', '2', 'P', '3+'),
(453, 450, 'D', '', '2', 'P', '3+'),
(454, 451, 'D', '', '2', 'P', '3+'),
(455, 452, 'D', '', '2', 'P', '3+'),
(456, 453, 'C', '', '1', 'P', '3+'),
(457, 454, 'C', '', '1', 'P', '3+'),
(458, 455, 'C', '', '1', 'P', '3+'),
(459, 456, 'C', '', '1', 'P', '3+'),
(460, 457, 'C', '', '1', 'P', '3+'),
(461, 458, 'C', '', '1', 'P', '3+'),
(462, 459, 'C', '', '1', 'P', '3+'),
(463, 460, 'E', '', '4', 'P', '0'),
(464, 461, 'E', '', '3', 'P', '0'),
(465, 462, 'E', '', '4', 'P', '0'),
(466, 463, 'E', '', '3', 'P', '0'),
(467, 464, 'D', 'D', '', '', '1'),
(468, 465, 'D', 'D', '', '', '1'),
(469, 466, 'D', 'D', '', '', '1'),
(470, 467, 'D', 'D', '', '', '1'),
(471, 468, 'C', 'D', '', '', '1'),
(472, 469, 'C', 'D', '', '', '1'),
(473, 470, 'C', 'D', '', '', '1'),
(474, 471, 'C', 'D', '', '', '1'),
(475, 472, 'D', 'D', '', '', '1');

--
-- Dumping data for table `cbr_know_how`
--

INSERT INTO `cbr_know_how` (`id`, `cbr_id`, `tkh`, `mkh`, `hrs`) VALUES
(76, 73, 'F+', 'III', '3'),
(83, 80, 'F+', 'III', '2'),
(84, 81, 'D+', 'I', '3'),
(85, 82, 'D+', 'I', '3'),
(86, 83, 'E+', 'II', '3'),
(87, 84, 'E+', 'II', '3'),
(88, 85, 'F+', 'III', '3'),
(89, 86, 'D+', 'I', '3'),
(90, 87, 'D+', 'I', '3'),
(91, 88, 'D+', 'I', '3'),
(92, 89, 'D+', 'I', '3'),
(93, 90, 'D+', 'I', '3'),
(94, 91, 'D+', 'I', '3'),
(95, 92, 'D+', 'I', '3'),
(96, 93, 'D+', 'I', '3'),
(97, 94, 'E+', 'II', '3'),
(98, 95, 'E+', 'II', '3'),
(99, 96, 'D+', 'I', '3'),
(100, 97, 'D+', 'I', '3'),
(101, 98, 'E+', 'II', '3'),
(102, 99, 'E+', 'II', '3'),
(103, 100, 'F+', 'III', '3'),
(104, 101, 'F+', 'III', '3'),
(105, 102, 'F+', 'III', '3'),
(106, 103, 'F', 'III', '3'),
(107, 104, 'F', 'III', '3'),
(108, 105, 'F', 'III', '3'),
(109, 106, 'F+', 'III', '2'),
(110, 107, 'F+', 'III', '2'),
(111, 108, 'F+', 'III', '2'),
(112, 109, 'F', 'III', '3'),
(113, 110, 'F+', 'III', '3'),
(114, 111, 'F+', 'III', '3'),
(115, 112, 'E+', 'II', '3'),
(116, 113, 'E+', 'II', '3'),
(117, 114, 'E+', 'II', '3'),
(118, 115, 'D+', 'I', '3'),
(119, 116, 'D+', 'I', '3'),
(120, 117, 'D+', 'I', '3'),
(121, 118, 'D+', 'I', '3'),
(122, 119, 'D+', 'I', '3'),
(123, 120, 'E+', 'II', '3'),
(124, 121, 'E+', 'II', '3'),
(125, 122, 'E+', 'II', '3'),
(126, 123, 'E+', 'II', '3'),
(127, 124, 'D+', 'I', '3'),
(128, 125, 'D+', 'I', '3'),
(129, 126, 'D+', 'I', '3'),
(130, 127, 'D+', 'I', '3'),
(131, 128, 'D+', 'I', '3'),
(132, 129, 'D+', 'I', '3'),
(133, 130, 'D+', 'I', '3'),
(134, 131, 'E+', 'II', '3'),
(135, 132, 'E+', 'II', '3'),
(136, 133, 'E+', 'II', '3'),
(137, 134, 'D+', 'I', '3'),
(138, 135, 'D+', 'I', '3'),
(139, 136, 'D+', 'I', '3'),
(140, 137, 'D+', 'I', '3'),
(141, 138, 'D+', 'I', '3'),
(142, 139, 'D+', 'I', '3'),
(143, 140, 'E+', 'II', '3'),
(144, 141, 'E+', 'II', '3'),
(145, 142, 'E+', 'II', '3'),
(146, 143, 'E+', 'II', '3'),
(147, 144, 'E+', 'II', '3'),
(148, 145, 'D+', 'I', '3'),
(149, 146, 'D+', 'I', '3'),
(150, 147, 'D+', 'I', '3'),
(151, 148, 'D+', 'I', '3'),
(152, 149, 'D+', 'I', '3'),
(153, 150, 'D+', 'I', '3'),
(154, 151, 'D+', 'I', '3'),
(155, 152, 'E+', 'II', '3'),
(156, 153, 'E+', 'II', '3'),
(157, 154, 'E+', 'II', '3'),
(158, 155, 'D+', 'I', '3'),
(159, 156, 'D+', 'I', '3'),
(160, 157, 'D+', 'I', '3'),
(161, 158, 'D+', 'I', '3'),
(162, 159, 'D+', 'I', '3'),
(163, 160, 'D+', 'I', '3'),
(164, 161, 'D+', 'I', '3'),
(165, 162, 'D+', 'I', '3'),
(166, 163, 'D+', 'I', '3'),
(167, 164, 'E+', 'II', '3'),
(168, 165, 'E+', 'II', '3'),
(169, 166, 'E+', 'II', '3'),
(170, 167, 'D+', 'I', '3'),
(171, 168, 'D+', 'I', '3'),
(172, 169, 'D+', 'I', '3'),
(173, 170, 'E+', 'II', '3'),
(174, 171, 'E+', 'II', '3'),
(175, 172, 'E+', 'II', '3'),
(176, 173, 'D+', 'I', '3'),
(177, 174, 'D+', 'I', '3'),
(178, 175, 'D+', 'I', '3'),
(179, 176, 'E+', 'II', '2'),
(180, 177, 'E+', 'II', '2'),
(181, 178, 'E+', 'II', '2'),
(182, 179, 'D+', 'I', '2'),
(183, 180, 'D+', 'I', '2'),
(184, 181, 'D+', 'I', '2'),
(185, 182, 'D+', 'I', '2'),
(186, 183, 'D+', 'I', '2'),
(187, 184, 'D+', 'I', '2'),
(188, 185, 'E+', 'II', '2'),
(189, 186, 'E+', 'II', '2'),
(190, 187, 'E+', 'II', '2'),
(191, 188, 'D+', 'I', '2'),
(192, 189, 'D+', 'I', '2'),
(193, 190, 'D+', 'I', '2'),
(194, 191, 'D+', 'I', '2'),
(195, 192, 'E+', 'II', '2'),
(196, 193, 'E+', 'II', '2'),
(197, 194, 'D+', 'I', '2'),
(198, 195, 'D+', 'I', '2'),
(199, 196, 'D+', 'I', '2'),
(200, 197, 'E+', 'II', '2'),
(201, 198, 'E+', 'II', '2'),
(202, 199, 'D+', 'I', '2'),
(203, 200, 'D+', 'I', '2'),
(204, 201, 'D+', 'I', '2'),
(205, 202, 'D+', 'I', '2'),
(206, 203, 'D+', 'I', '2'),
(207, 204, 'E+', 'II', '2'),
(208, 205, 'E+', 'II', '2'),
(209, 206, 'E+', 'II', '2'),
(210, 207, 'D+', 'I', '2'),
(211, 208, 'D+', 'I', '2'),
(212, 209, 'D+', 'I', '2'),
(213, 210, 'E+', 'II', '2'),
(214, 211, 'E+', 'II', '2'),
(215, 212, 'D+', 'I', '2'),
(216, 213, 'D+', 'I', '2'),
(217, 214, 'D+', 'I', '2'),
(218, 215, 'D+', 'I', '2'),
(219, 216, 'D', 'I', '3'),
(220, 217, 'D', 'I', '3'),
(221, 218, 'D', 'I', '3'),
(222, 219, 'D', 'I', '3'),
(223, 220, 'D', 'I', '3'),
(224, 221, 'D', 'I', '3'),
(225, 222, 'D', 'I', '3'),
(226, 223, 'D', 'I', '3'),
(227, 224, 'D', 'I', '3'),
(228, 225, 'D', 'I', '3'),
(229, 226, 'D', 'I', '3'),
(230, 227, 'D', 'I', '3'),
(231, 228, 'D', 'I', '3'),
(232, 229, 'D', 'I', '3'),
(233, 230, 'D', 'I', '3'),
(234, 231, 'D', 'I', '3'),
(235, 232, 'D', 'I', '3'),
(236, 233, 'D', 'I', '3'),
(237, 234, 'D', 'I', '3'),
(238, 235, 'D', 'I', '3'),
(239, 236, 'D', 'I', '3'),
(240, 237, 'D', 'I', '3'),
(241, 238, 'D', 'I', '3'),
(242, 239, 'D', 'I', '3'),
(243, 240, 'D', 'I', '3'),
(244, 241, 'D', 'I', '3'),
(245, 242, 'D', 'I', '3'),
(246, 243, 'D', 'I', '3'),
(247, 244, 'D', 'I', '3'),
(249, 246, 'D', 'I', '3'),
(250, 247, 'D', 'I', '3'),
(251, 248, 'D', 'I', '3'),
(252, 249, 'D', 'I', '3'),
(253, 250, 'D', 'I', '3'),
(254, 251, 'D', 'I', '3'),
(255, 252, 'D', 'I', '3'),
(256, 253, 'D', 'I', '3'),
(257, 254, 'D', 'I', '3'),
(258, 255, 'D', 'I', '3'),
(259, 256, 'D', 'I', '3'),
(260, 257, 'D', 'I', '3'),
(261, 258, 'D', 'I', '3'),
(262, 259, 'D', 'I', '3'),
(263, 260, 'D', 'I', '3'),
(264, 261, 'D', 'I', '3'),
(265, 262, 'D', 'I', '3'),
(266, 263, 'D', 'I', '3'),
(267, 264, 'D', 'I', '3'),
(268, 265, 'D', 'I', '3'),
(269, 266, 'D', 'I', '3'),
(270, 267, 'D', 'I', '3'),
(271, 268, 'D', 'I', '3'),
(272, 269, 'D', 'I', '3'),
(273, 270, 'D', 'I', '3'),
(274, 271, 'D', 'I', '3'),
(275, 272, 'D', 'I', '3'),
(276, 273, 'D', 'I', '3'),
(277, 274, 'D', 'I', '3'),
(278, 275, 'D', 'I', '3'),
(279, 276, 'D', 'I', '3'),
(280, 277, 'D', 'I', '3'),
(281, 278, 'D', 'I', '3'),
(282, 279, 'D', 'I', '3'),
(283, 280, 'D', 'I', '3'),
(284, 281, 'D', 'I', '3'),
(285, 282, 'D', 'I', '3'),
(286, 283, 'D', 'I', '3'),
(287, 284, 'D', 'I', '3'),
(288, 285, 'D', 'I', '3'),
(289, 286, 'D', 'I', '3'),
(290, 287, 'D', 'I', '3'),
(291, 288, 'D', 'I', '3'),
(292, 289, 'D', 'I', '3'),
(293, 290, 'D', 'I', '3'),
(294, 291, 'D', 'I', '3'),
(295, 292, 'D', 'I', '3'),
(296, 293, 'D', 'I', '3'),
(297, 294, 'D', 'I', '3'),
(298, 295, 'D', 'I', '3'),
(299, 296, 'D', 'I', '3'),
(300, 297, 'D', 'I', '3'),
(301, 298, 'D', 'I', '3'),
(302, 299, 'D', 'I', '3'),
(303, 300, 'D', 'I', '3'),
(304, 301, 'D', 'I', '3'),
(305, 302, 'D', 'I', '3'),
(306, 303, 'D', 'I', '3'),
(307, 304, 'D', 'I', '3'),
(308, 305, 'D', 'I', '3'),
(309, 306, 'D', 'I', '3'),
(310, 307, 'D', 'I', '3'),
(311, 308, 'D', 'I', '3'),
(312, 309, 'D', 'I', '3'),
(313, 310, 'D', 'I', '3'),
(314, 311, 'D', 'I', '3'),
(315, 312, 'D', 'I', '3'),
(316, 313, 'D', 'I', '3'),
(317, 314, 'D', 'I', '3'),
(318, 315, 'D', 'I', '3'),
(319, 316, 'D', 'I', '3'),
(320, 317, 'D', 'I', '3'),
(321, 318, 'D', 'I', '3'),
(322, 319, 'D', 'I', '3'),
(323, 320, 'D', 'I', '3'),
(324, 321, 'D', 'I', '3'),
(325, 322, 'D', 'I', '3'),
(326, 323, 'D', 'I', '3'),
(327, 324, 'D', 'I', '3'),
(328, 325, 'D', 'I', '3'),
(329, 326, 'D', 'I', '3'),
(330, 327, 'D', 'I', '3'),
(331, 328, 'D', 'I', '3'),
(332, 329, 'D', 'I', '3'),
(333, 330, 'D', 'I', '3'),
(334, 331, 'D', 'I', '3'),
(335, 332, 'D', 'I', '3'),
(336, 333, 'D', 'I', '3'),
(337, 334, 'D', 'I', '3'),
(338, 335, 'D', 'I', '3'),
(339, 336, 'D', 'I', '3'),
(340, 337, 'D', 'I', '3'),
(341, 338, 'D', 'I', '3'),
(342, 339, 'D', 'I', '3'),
(343, 340, 'D', 'I', '3'),
(344, 341, 'D', 'I', '3'),
(345, 342, 'D', 'I', '3'),
(346, 343, 'D', 'I', '3'),
(347, 344, 'D', 'I', '3'),
(348, 345, 'D', 'I', '3'),
(349, 346, 'D', 'I', '3'),
(350, 347, 'D', 'I', '3'),
(351, 348, 'D', 'I', '3'),
(352, 349, 'D', 'I', '3'),
(353, 350, 'D', 'I', '3'),
(354, 351, 'D', 'I', '3'),
(355, 352, 'D', 'I', '3'),
(356, 353, 'D', 'I', '3'),
(357, 354, 'D', 'I', '3'),
(358, 355, 'D', 'I', '3'),
(359, 356, 'D', 'I', '3'),
(360, 357, 'D', 'I', '3'),
(361, 358, 'D', 'I', '3'),
(362, 359, 'D', 'I', '3'),
(363, 360, 'D', 'I', '3'),
(364, 361, 'D', 'I', '3'),
(365, 362, 'D', 'I', '3'),
(366, 363, 'D', 'I', '3'),
(367, 364, 'D+', 'I', '2'),
(368, 365, 'D+', 'I', '2'),
(369, 366, 'D+', 'I', '2'),
(370, 367, 'D+', 'I', '2'),
(371, 368, 'D+', 'I', '2'),
(372, 369, 'D+', 'I', '2'),
(373, 370, 'D+', 'I', '2'),
(374, 371, 'D+', 'I', '2'),
(375, 372, 'D+', 'I', '2'),
(376, 373, 'D+', 'I', '2'),
(377, 374, 'D+', 'I', '2'),
(378, 375, 'D+', 'I', '2'),
(379, 376, 'D+', 'I', '2'),
(380, 377, 'D+', 'I', '2'),
(381, 378, 'D+', 'I', '2'),
(382, 379, 'D+', 'I', '2'),
(383, 380, 'D+', 'I', '2'),
(384, 381, 'D+', 'I', '2'),
(385, 382, 'D+', 'I', '2'),
(386, 383, 'D+', 'I', '2'),
(387, 384, 'D+', 'I', '2'),
(388, 385, 'D+', 'I', '2'),
(389, 386, 'D+', 'I', '2'),
(390, 387, 'D+', 'I', '2'),
(391, 388, 'D+', 'I', '2'),
(392, 389, 'D+', 'I', '2'),
(393, 390, 'D+', 'I', '2'),
(394, 391, 'D+', 'I', '2'),
(395, 392, 'D+', 'I', '2'),
(396, 393, 'D+', 'I', '2'),
(397, 394, 'D+', 'I', '2'),
(398, 395, 'D+', 'I', '2'),
(399, 396, 'D+', 'I', '2'),
(400, 397, 'D+', 'I', '2'),
(401, 398, 'D+', 'I', '2'),
(402, 399, 'D+', 'I', '2'),
(403, 400, 'D+', 'I', '2'),
(404, 401, 'D+', 'I', '2'),
(405, 402, 'D+', 'I', '2'),
(406, 403, 'D+', 'I', '2'),
(407, 404, 'F', 'III', '3'),
(408, 405, 'F', 'III', '3'),
(409, 406, 'F', 'III', '3'),
(410, 407, 'F', 'III', '3'),
(411, 408, 'F', 'III', '3'),
(412, 409, 'F', 'III', '3'),
(413, 410, 'F-', 'III', '3'),
(414, 411, 'F', 'III', '3'),
(415, 412, 'F-', 'III', '3'),
(416, 413, 'F-', 'III', '3'),
(417, 414, 'F', 'III', '3'),
(418, 415, 'F', 'III', '3'),
(419, 416, 'F', 'III', '3'),
(420, 417, 'F-', 'III', '3'),
(421, 418, 'F-', 'III', '3'),
(422, 419, 'F', 'III', '3'),
(423, 420, 'F', 'III', '3'),
(424, 421, 'F-', 'III', '3'),
(425, 422, 'F', 'III', '3'),
(426, 423, 'F', 'III', '3'),
(427, 424, 'E', 'II', '3'),
(428, 425, 'E', 'II', '3'),
(429, 426, 'E', 'II', '3'),
(430, 427, 'E', 'II', '3'),
(431, 428, 'E', 'II', '3'),
(432, 429, 'E', 'II', '3'),
(433, 430, 'E', 'II', '3'),
(434, 431, 'E', 'II', '3'),
(435, 432, 'E', 'II', '3'),
(436, 433, 'E', 'II', '3'),
(437, 434, 'E', 'II', '3'),
(438, 435, 'E', 'II', '3'),
(439, 436, 'E', 'II', '3'),
(440, 437, 'E', 'II', '3'),
(441, 438, 'E', 'II', '3'),
(442, 439, 'E', 'II', '3'),
(443, 440, 'E', 'II', '3'),
(444, 441, 'E', 'II', '3'),
(445, 442, 'E', 'II', '3'),
(446, 443, 'E', 'II', '3'),
(447, 444, 'E', 'II', '3'),
(448, 445, 'E', 'II', '3'),
(449, 446, 'E', 'II', '3'),
(450, 447, 'E', 'II', '3'),
(451, 448, 'E', 'II', '3'),
(452, 449, 'E', 'II', '3'),
(453, 450, 'E', 'II', '3'),
(454, 451, 'E', 'II', '3'),
(455, 452, 'E', 'II', '3'),
(456, 453, 'D', 'I', '3'),
(457, 454, 'D', 'I', '3'),
(458, 455, 'D', 'I', '3'),
(459, 456, 'D', 'I', '3'),
(460, 457, 'D', 'I', '3'),
(461, 458, 'D', 'I', '3'),
(462, 459, 'D', 'I', '3'),
(463, 460, 'F+', 'III', '3'),
(464, 461, 'F+', 'III', '3'),
(465, 462, 'F+', 'III', '3'),
(466, 463, 'F+', 'III', '3'),
(467, 464, 'E+', 'II', '3'),
(468, 465, 'E+', 'II', '3'),
(469, 466, 'E+', 'II', '3'),
(470, 467, 'E+', 'II', '3'),
(471, 468, 'D+', 'I', '3'),
(472, 469, 'D+', 'I', '3'),
(473, 470, 'D+', 'I', '3'),
(474, 471, 'D+', 'I', '3'),
(475, 472, 'E+', 'II', '3');

--
-- Dumping data for table `cbr_problem_solving`
--

INSERT INTO `cbr_problem_solving` (`id`, `cbr_id`, `tet`, `tce`) VALUES
(76, 73, 'F', '4'),
(83, 80, 'F', '4+'),
(84, 81, 'D', '3'),
(85, 82, 'D', '3+'),
(86, 83, 'E', '3+'),
(87, 84, 'E', '3+'),
(88, 85, 'F', '4'),
(89, 86, 'D', '3'),
(90, 87, 'D', '3'),
(91, 88, 'D', '3'),
(92, 89, 'D', '3'),
(93, 90, 'D', '3'),
(94, 91, 'D', '3'),
(95, 92, 'D', '3'),
(96, 93, 'D', '3'),
(97, 94, 'E', '3+'),
(98, 95, 'E', '3+'),
(99, 96, 'D', '3+'),
(100, 97, 'D', '3+'),
(101, 98, 'E', '3+'),
(102, 99, 'E', '3+'),
(103, 100, 'F', '4'),
(104, 101, 'F', '4'),
(105, 102, 'F', '4'),
(106, 103, 'F', '4'),
(107, 104, 'F', '4'),
(108, 105, 'F', '4+'),
(109, 106, 'F', '4'),
(110, 107, 'F', '4'),
(111, 108, 'F', '4'),
(112, 109, 'F', '4'),
(113, 110, 'F', '4'),
(114, 111, 'F', '4'),
(115, 112, 'E', '3+'),
(116, 113, 'E', '3+'),
(117, 114, 'E', '3+'),
(118, 115, 'D', '3+'),
(119, 116, 'D', '3+'),
(120, 117, 'D', '3+'),
(121, 118, 'D', '3+'),
(122, 119, 'D', '3+'),
(123, 120, 'E', '3+'),
(124, 121, 'E', '3+'),
(125, 122, 'E', '3+'),
(126, 123, 'E', '3+'),
(127, 124, 'D', '3+'),
(128, 125, 'D', '3+'),
(129, 126, 'D', '3+'),
(130, 127, 'D', '3+'),
(131, 128, 'D', '3+'),
(132, 129, 'D', '3+'),
(133, 130, 'D', '3+'),
(134, 131, 'E', '3+'),
(135, 132, 'E', '3+'),
(136, 133, 'E', '3+'),
(137, 134, 'D', '3+'),
(138, 135, 'D', '3+'),
(139, 136, 'D', '3+'),
(140, 137, 'D', '3+'),
(141, 138, 'D', '3+'),
(142, 139, 'D', '3+'),
(143, 140, 'E', '3+'),
(144, 141, 'E', '3+'),
(145, 142, 'E', '3+'),
(146, 143, 'E', '3+'),
(147, 144, 'E', '3+'),
(148, 145, 'D', '3+'),
(149, 146, 'D', '3+'),
(150, 147, 'D', '3+'),
(151, 148, 'D', '3+'),
(152, 149, 'D', '3+'),
(153, 150, 'D', '3+'),
(154, 151, 'D', '3+'),
(155, 152, 'E', '3+'),
(156, 153, 'E', '3+'),
(157, 154, 'E', '3+'),
(158, 155, 'D', '3+'),
(159, 156, 'D', '3+'),
(160, 157, 'D', '3+'),
(161, 158, 'D', '3+'),
(162, 159, 'D', '3+'),
(163, 160, 'D', '3+'),
(164, 161, 'D', '3+'),
(165, 162, 'D', '3+'),
(166, 163, 'D', '3+'),
(167, 164, 'E', '3+'),
(168, 165, 'E', '3+'),
(169, 166, 'E', '3+'),
(170, 167, 'D', '3+'),
(171, 168, 'D', '3+'),
(172, 169, 'D', '3+'),
(173, 170, 'E', '3+'),
(174, 171, 'E', '3+'),
(175, 172, 'E', '3+'),
(176, 173, 'D', '3'),
(177, 174, 'D', '3'),
(178, 175, 'D', '3'),
(179, 176, 'E', '4'),
(180, 177, 'E', '4'),
(181, 178, 'E', '4'),
(182, 179, 'D', '3+'),
(183, 180, 'D', '3+'),
(184, 181, 'D', '3+'),
(185, 182, 'D', '3+'),
(186, 183, 'D', '3+'),
(187, 184, 'D', '3+'),
(188, 185, 'E', '4'),
(189, 186, 'E', '4'),
(190, 187, 'E', '4'),
(191, 188, 'D', '3+'),
(192, 189, 'D', '3+'),
(193, 190, 'D', '3+'),
(194, 191, 'D', '3+'),
(195, 192, 'E', '4'),
(196, 193, 'E', '4'),
(197, 194, 'D', '3+'),
(198, 195, 'D', '3+'),
(199, 196, 'D', '3+'),
(200, 197, 'E', '4'),
(201, 198, 'E', '4'),
(202, 199, 'D', '3+'),
(203, 200, 'D', '3+'),
(204, 201, 'D', '3+'),
(205, 202, 'D', '3+'),
(206, 203, 'D', '3+'),
(207, 204, 'E', '4'),
(208, 205, 'E', '4'),
(209, 206, 'E', '4'),
(210, 207, 'D', '3+'),
(211, 208, 'D', '3+'),
(212, 209, 'D', '3+'),
(213, 210, 'E', '4'),
(214, 211, 'E', '4'),
(215, 212, 'D', '3+'),
(216, 213, 'D', '3+'),
(217, 214, 'D', '3+'),
(218, 215, 'D', '3+'),
(219, 216, 'D', '2+'),
(220, 217, 'D', '2+'),
(221, 218, 'D', '2+'),
(222, 219, 'D', '2+'),
(223, 220, 'D', '2+'),
(224, 221, 'D', '2+'),
(225, 222, 'D', '2+'),
(226, 223, 'D', '2+'),
(227, 224, 'D', '2+'),
(228, 225, 'D', '2+'),
(229, 226, 'D', '2+'),
(230, 227, 'D', '2+'),
(231, 228, 'D', '2+'),
(232, 229, 'D', '2+'),
(233, 230, 'D', '2+'),
(234, 231, 'D', '2+'),
(235, 232, 'D', '2+'),
(236, 233, 'D', '2+'),
(237, 234, 'D', '2+'),
(238, 235, 'D', '2+'),
(239, 236, 'D', '2+'),
(240, 237, 'D', '2+'),
(241, 238, 'D', '2+'),
(242, 239, 'D', '2+'),
(243, 240, 'D', '2+'),
(244, 241, 'D', '2+'),
(245, 242, 'D', '2+'),
(246, 243, 'D', '2+'),
(247, 244, 'D', '2+'),
(249, 246, 'D', '2+'),
(250, 247, 'D', '2+'),
(251, 248, 'D', '2+'),
(252, 249, 'D', '2+'),
(253, 250, 'D', '2+'),
(254, 251, 'D', '2+'),
(255, 252, 'D', '2+'),
(256, 253, 'D', '2+'),
(257, 254, 'D', '2+'),
(258, 255, 'D', '2+'),
(259, 256, 'D', '2+'),
(260, 257, 'D', '2+'),
(261, 258, 'D', '2+'),
(262, 259, 'D', '2+'),
(263, 260, 'D', '2+'),
(264, 261, 'D', '2+'),
(265, 262, 'D', '2+'),
(266, 263, 'D', '2+'),
(267, 264, 'D', '2+'),
(268, 265, 'D', '2+'),
(269, 266, 'D', '2+'),
(270, 267, 'D', '2+'),
(271, 268, 'D', '2+'),
(272, 269, 'D', '2+'),
(273, 270, 'D', '2+'),
(274, 271, 'D', '2+'),
(275, 272, 'D', '2+'),
(276, 273, 'D', '2+'),
(277, 274, 'D', '2+'),
(278, 275, 'D', '2+'),
(279, 276, 'D', '2+'),
(280, 277, 'D', '2+'),
(281, 278, 'D', '2+'),
(282, 279, 'D', '2+'),
(283, 280, 'D', '2+'),
(284, 281, 'D', '2+'),
(285, 282, 'D', '2+'),
(286, 283, 'D', '2+'),
(287, 284, 'D', '2+'),
(288, 285, 'D', '2+'),
(289, 286, 'D', '2+'),
(290, 287, 'D', '2+'),
(291, 288, 'D', '2+'),
(292, 289, 'D', '2+'),
(293, 290, 'D', '2+'),
(294, 291, 'D', '2+'),
(295, 292, 'D', '2+'),
(296, 293, 'D', '2+'),
(297, 294, 'D', '2+'),
(298, 295, 'D', '2+'),
(299, 296, 'D', '2+'),
(300, 297, 'D', '2+'),
(301, 298, 'D', '2+'),
(302, 299, 'D', '2+'),
(303, 300, 'D', '2+'),
(304, 301, 'D', '2+'),
(305, 302, 'D', '2+'),
(306, 303, 'D', '2+'),
(307, 304, 'D', '2+'),
(308, 305, 'D', '2+'),
(309, 306, 'D', '2+'),
(310, 307, 'D', '2+'),
(311, 308, 'D', '2+'),
(312, 309, 'D', '2+'),
(313, 310, 'D', '2+'),
(314, 311, 'D', '2+'),
(315, 312, 'D', '2+'),
(316, 313, 'D', '2+'),
(317, 314, 'D', '2+'),
(318, 315, 'D', '2+'),
(319, 316, 'D', '2+'),
(320, 317, 'D', '2+'),
(321, 318, 'D', '2+'),
(322, 319, 'D', '2+'),
(323, 320, 'D', '2+'),
(324, 321, 'D', '2+'),
(325, 322, 'D', '2+'),
(326, 323, 'D', '2+'),
(327, 324, 'D', '2+'),
(328, 325, 'D', '2+'),
(329, 326, 'D', '2+'),
(330, 327, 'D', '2+'),
(331, 328, 'D', '2+'),
(332, 329, 'D', '2+'),
(333, 330, 'D', '2+'),
(334, 331, 'D', '2+'),
(335, 332, 'D', '2+'),
(336, 333, 'D', '2+'),
(337, 334, 'D', '2+'),
(338, 335, 'D', '2+'),
(339, 336, 'D', '2+'),
(340, 337, 'D', '2+'),
(341, 338, 'D', '2+'),
(342, 339, 'D', '2+'),
(343, 340, 'D', '2+'),
(344, 341, 'D', '2+'),
(345, 342, 'D', '2+'),
(346, 343, 'D', '2+'),
(347, 344, 'D', '2+'),
(348, 345, 'D', '2+'),
(349, 346, 'D', '2+'),
(350, 347, 'D', '2+'),
(351, 348, 'D', '2+'),
(352, 349, 'D', '2+'),
(353, 350, 'D', '2+'),
(354, 351, 'D', '2+'),
(355, 352, 'D', '2+'),
(356, 353, 'D', '2+'),
(357, 354, 'D', '2+'),
(358, 355, 'D', '2+'),
(359, 356, 'D', '2+'),
(360, 357, 'D', '2+'),
(361, 358, 'D', '2+'),
(362, 359, 'D', '2+'),
(363, 360, 'D', '2+'),
(364, 361, 'D', '2+'),
(365, 362, 'D', '2+'),
(366, 363, 'D', '2+'),
(367, 364, 'D', '3'),
(368, 365, 'D', '3'),
(369, 366, 'D', '3'),
(370, 367, 'D', '3'),
(371, 368, 'D', '3'),
(372, 369, 'D', '3'),
(373, 370, 'D', '3'),
(374, 371, 'D', '3'),
(375, 372, 'D', '3'),
(376, 373, 'D', '3'),
(377, 374, 'D', '3'),
(378, 375, 'D', '3'),
(379, 376, 'D', '3'),
(380, 377, 'D', '3'),
(381, 378, 'D', '3'),
(382, 379, 'D', '3'),
(383, 380, 'D', '3'),
(384, 381, 'D', '3'),
(385, 382, 'D', '3'),
(386, 383, 'D', '3'),
(387, 384, 'D', '3+'),
(388, 385, 'D', '3+'),
(389, 386, 'D', '3+'),
(390, 387, 'D', '3+'),
(391, 388, 'D', '3+'),
(392, 389, 'D', '3+'),
(393, 390, 'D', '3+'),
(394, 391, 'D', '3+'),
(395, 392, 'D', '3+'),
(396, 393, 'D', '3+'),
(397, 394, 'D', '3+'),
(398, 395, 'D', '3+'),
(399, 396, 'D', '3+'),
(400, 397, 'D', '3+'),
(401, 398, 'D', '3+'),
(402, 399, 'D', '3+'),
(403, 400, 'D', '3+'),
(404, 401, 'D', '3+'),
(405, 402, 'D', '3+'),
(406, 403, 'D', '3+'),
(407, 404, 'F', '4'),
(408, 405, 'F', '4'),
(409, 406, 'F', '4'),
(410, 407, 'F', '4'),
(411, 408, 'F', '4'),
(412, 409, 'F', '4'),
(413, 410, 'F', '4'),
(414, 411, 'F', '4'),
(415, 412, 'F', '4'),
(416, 413, 'F', '4'),
(417, 414, 'F', '4'),
(418, 415, 'F', '4'),
(419, 416, 'F', '4'),
(420, 417, 'F', '4'),
(421, 418, 'F', '4'),
(422, 419, 'F', '4'),
(423, 420, 'F', '4'),
(424, 421, 'F', '4'),
(425, 422, 'F', '4'),
(426, 423, 'F', '4'),
(427, 424, 'E', '3+'),
(428, 425, 'E', '3+'),
(429, 426, 'E', '3+'),
(430, 427, 'E', '3+'),
(431, 428, 'E', '3+'),
(432, 429, 'E', '3+'),
(433, 430, 'E', '3+'),
(434, 431, 'E', '3+'),
(435, 432, 'E', '3+'),
(436, 433, 'E', '3+'),
(437, 434, 'E', '3+'),
(438, 435, 'E', '3+'),
(439, 436, 'E', '3+'),
(440, 437, 'E', '3+'),
(441, 438, 'E', '3+'),
(442, 439, 'E', '3+'),
(443, 440, 'E', '3+'),
(444, 441, 'E', '3+'),
(445, 442, 'E', '3+'),
(446, 443, 'E', '3+'),
(447, 444, 'E', '3+'),
(448, 445, 'E', '3+'),
(449, 446, 'E', '3+'),
(450, 447, 'E', '3+'),
(451, 448, 'E', '3+'),
(452, 449, 'E', '3+'),
(453, 450, 'E', '3+'),
(454, 451, 'E', '3+'),
(455, 452, 'E', '3+'),
(456, 453, 'D', '2+'),
(457, 454, 'D', '2+'),
(458, 455, 'D', '2+'),
(459, 456, 'D', '2+'),
(460, 457, 'D', '2+'),
(461, 458, 'D', '2+'),
(462, 459, 'D', '2+'),
(463, 460, 'F', '4'),
(464, 461, 'F', '4'),
(465, 462, 'F', '4'),
(466, 463, 'F', '4'),
(467, 464, 'E', '3+'),
(468, 465, 'E', '3+'),
(469, 466, 'E', '3+'),
(470, 467, 'E', '3+'),
(471, 468, 'D', '3+'),
(472, 469, 'D', '3+'),
(473, 470, 'D', '3+'),
(474, 471, 'D', '3+'),
(475, 472, 'E', '3+');

--
-- Dumping data for table `competency_category`
--

INSERT INTO `competency_category` (`id`, `code`, `name`, `description`, `definition`, `competency_type_id`) VALUES
(1, 'S.13.ACH', 'Achievement orientation (semangat berprestasi)', '<p><span style="font-size:12px;">Semangat untuk bekerja lebih baik dan atau melampaui target prestasi.</span><br></p>', '<ul><li><span style="font-size:12px;"><span style="line-height: 1.5em;">Bekerja memenuhi target yang ditetapkan manajemen</span></span></li><li><span style="font-size:12px;"><span style="line-height: 1.5em;">Menetapkan standar dan bertindak dalam meraih sasaran diri sendiri dan orang lain</span></span></li><li><span style="font-size:12px;"><span style="line-height: 1.5em;">Fokus pada perbaikanyang berkelanjutan </span></span><i style="font-size: 12px; line-height: 1.5em;">(continuous improvement)</i></li><li><span style="font-size:12px;"><span style="line-height: 1.5em;">Menetapkan target yang menantang</span></span></li><li><span style="font-size:12px;"><span style="line-height: 1.5em;">Mengoptimalkan dalam penggunaan sumber daya</span></span></li><li><span style="font-size:12px;"><span style="line-height: 1.5em;">Mempertimbangkan resiko bisnis yang mungkin terjadi</span></span></li></ul>\r\n', 1),
(2, 'S.14.INV', 'Innovation (inovasi)', 'Kemampuan untuk menciptakan dan atau menerapkan ide-ide atau gagasan baru yang bermanfaat untuk kemajuan organisasi. ', '<ul><li><span style="font-size: 12px; line-height: 1.5em;">Mampu mencari peluang dalam meningkatkan kinerja.</span></li><li><span style="font-size: 12px; line-height: 1.5em;">Mampu memberikan nilai tambah terhadap produk yang dihasilkan perusahaan.</span></li><li><span style="font-size: 12px; line-height: 1.5em;">Mampu melakukan hal yang baru untuk mengoptimalkan aset perusahaan</span></li><li><span style="font-size: 12px; line-height: 1.5em;">Mampu menciptakan sistem kerja atau produk baru yang lebih baik, serta sesuai dengan perkembangan lingkungan bisnis.</span></li></ul><p><br></p><p><br></p>', 1),
(3, 'S.15.KPT', 'Keeping track (perhatian kepada kejelasan tugas, kualitas dan ketelitian kerja)', 'Dorongan dari diri seseorang untuk memastikan/mengurangi ketidakjelasan, khususnya yang berkaitan dengan penugasan, kualitas, ketepatan/ketelitian data dan informasi di tempat kerja.', '<p></p><p></p><ul><li><span style="font-size: 12px; line-height: 1.5em;">Memeriksa dan memastikan informasi</span></li><li><span style="font-size: 12px; line-height: 1.5em;">Perhatian terhadap kejelasan tugas</span></li><li><span style="font-size: 12px; line-height: 1.5em;">Keinginan&nbsp; untuk\r\nmengurangi ketidakjelasan.</span></li></ul><p></p><p></p>\r\n', 1),
(4, 'S.16.INT', 'Initiative (inisiatif)', 'Kemauan untuk bertindak melebihi yang dibutuhkan atau yang dituntut dari pekerjaan/lingkungan, melakukan sesuatu tanpa menunggu perintah terlebih dahulu, tindakan ini dilakukan untuk memperbaiki atau meningkatkan hasil pekerjaan atau menghindari timbulnya', '<p></p><p></p><ul><li><span style="font-size: 12px; line-height: 1.5em;">Tidak mudah menyerah pada suatu\r\npenolakan</span></li><li><span style="font-size: 12px; line-height: 1.5em;">Mengenali dan memanfaatkan peluang</span></li><li><span style="font-size: 12px; line-height: 1.5em;">Memiliki prestasi/ kinerja yang lebih\r\ndari standar</span></li><li><span style="font-size: 12px; line-height: 1.5em;">Mengantisipasi masalah dan menyiapkan pemecahannya</span></li></ul><p></p><p></p>\r\n', 1),
(5, 'S.17.INF', 'Information seeking (pencarian informasi)', 'Melakukan upaya tambahan untuk mengumpulkan/mencari informasi yang lebih banyak sehubungan dengan pelaksanaan pekerjaan dan atau pengambilan keputusan.', '<p></p><p></p><span style="font-size: 12px; line-height: 1.5em;"><ul><li><span style="font-size: 12px; line-height: 1.5em;">Mencari informasi yang tepat dan akurat</span><br></li><li><span style="font-size: 12px; line-height: 1.5em;">Memilih peluang-peluang\r\npotensial yang bermanfaat dimasa yang akan datang</span><br></li><li><span style="font-size: 12px; line-height: 1.5em;">Selalu mencermati situasi kerja (lingkungan internal\r\ndan eksternal).</span><br></li></ul></span><p></p><p></p>\r\n', 1),
(6, 'S.01.EMP', 'Emphaty (empati)', 'Kemampuan untuk memahami perasaan, keinginan atau pemikiran orang lain.', '<p></p><p></p><ul><li><span style="font-size: 12px; line-height: 1.5em;">Mendengarkan</span></li><li><span style="font-size: 12px; line-height: 1.5em;">Peka/tanggap terhadap orang lain</span></li><li><span style="font-size: 12px; line-height: 1.5em;">Memberikan respon positif kepada\r\norang lain</span></li><li><span style="font-size: 12px; line-height: 1.5em;">Cara memahami/menyikapi&nbsp;</span></li></ul><p></p><p></p>\r\n', 1),
(7, 'S.18.CSO', 'Customer service orientation (orientasi kepada pelayanan pelanggan)', 'Kemampuan untuk melayani atau membantu pelanggan  internal (pemakai hasil kerja) maupun pelanggan eksternal.', '<p></p><p></p><ul><li><span style="font-size: 12px; line-height: 1.5em;">Mencari\r\ninformasi kebutuhan pelanggan</span></li><li><span style="font-size: 12px; line-height: 1.5em;">Memenuhi\r\nkebutuhan pelanggan</span></li><li><span style="font-size: 12px; line-height: 1.5em;">Bertanggung\r\njawab untuk menyelesaikan permasalahan pelayanan pada pelanggan</span></li><li><span style="font-size: 12px; line-height: 1.5em;">Bertindak\r\nsebagai penasehat terhadap kebutuhan dan permasalahan pelanggan</span></li><li><span style="font-size: 12px; line-height: 1.5em;">Bekerja dengan pandangan jangka panjang dalam mengenali permasalahan\r\npelanggan</span></li></ul><p></p><p></p>\r\n', 1),
(8, 'S.19.IMP', 'Impact and influence (dampak dan pengaruh)', 'Kemampuan untuk meyakinkan dan mempengaruhi orang lain sehingga mau mendukung rencana yang telah ditetapkan.', '<p></p><p></p><ul><li><span style="font-size: 12px; line-height: 1.5em;">Menggunakan\r\nalasan, contoh&nbsp; nyata, fakta atau data\r\nuntuk meyakinkan orang lain</span></li><li><span style="font-size: 12px; line-height: 1.5em;">Mengantisipasi\r\nrespon berbeda dari yang diharapkan.</span></li><li><span style="font-size: 12px; line-height: 1.5em;">Melakukan\r\npendekatan atau memberikan informasi untuk memperoleh pengaruh tertentu</span></li><li><span style="font-size: 12px; line-height: 1.5em;">Menggunakan ketrampilan dinamika kelompok untuk memimpin suatu kelompok</span></li></ul><p></p><p></p>\r\n', 1),
(9, 'S.02.ORA', 'Organizational awareness (kesadaran berorganisasi)', 'Kemampuan untuk memahami dan mempelajari kekuasaan dalam organisasi sendiri maupun organisasi lain (pengguna jasa, pihak yang diajak bekerja sama dan stakeholders yang lain). Termasuk di dalamnya kemampuan untuk mengidentifikasi siapa pengambil keputusan ', '<p></p><p></p><ul><li><span style="font-size: 12px; line-height: 1.5em;">Memahami struktur\r\norganisasi formal dan informal.</span></li><li><span style="font-size: 12px; line-height: 1.5em;">Mengenali batasan-batasan organisasi yang terlihat.</span></li><li><span style="font-size: 12px; line-height: 1.5em;">Mengenali masalah dan peluang yang mempengaruhi&nbsp;</span></li></ul><p></p><p></p>\r\n', 1),
(10, 'S.03.RLB', 'Relationship building (membangun hubungan kerja)', 'Kemampuan untuk membangun, memelihara dan mengembangkan jaringan kerjasama dengan pihak luar (pihak eksternal)', '<p></p><p></p><ul><li><span style="font-size: 12px; line-height: 1.5em;">Membangun\r\nhubungan kerja</span></li><li><span style="font-size: 12px; line-height: 1.5em;">Membina\r\nhubungan kerja</span></li><li><span style="font-size: 12px; line-height: 1.5em;">Membangun sinergi</span></li></ul><p></p><p></p>\r\n', 1),
(11, 'S.04.DVO', 'Developing others (pengembangan orang lain)', 'Kemauan yang tulus untuk mengajarkan atau mendorong proses belajar atau pengembangan orang lain untuk jangka panjang sesuai dengan kebutuhan. Kompetensi ini berfokus pengembangan bukan sekedar pelatihan formal.', '<p></p><p></p><ul><li><span style="font-size: 12px; line-height: 1.5em;">Menunjukkan\r\nharapan positif kepada orang lain</span></li><li><span style="font-size: 12px; line-height: 1.5em;">Memberikan\r\narahan dan contoh dengan alasan yang logis</span></li><li><span style="font-size: 12px; line-height: 1.5em;">Memberikan\r\numpan balik terhadap perilaku seseorang yang buruk dan mendorong untk\r\nberperilaku baik</span></li><li><span style="font-size: 12px; line-height: 1.5em;">Mengidentifikasi\r\ndan merancang program baru untuk kebutuhan pelatihan</span></li><li><span style="font-size: 12px; line-height: 1.5em;">Mendelegasikan tugas/pekerjaan dengan tujuan untuk mengembangkan\r\nkemampuan orang lain</span></li></ul><p></p><p></p>\r\n', 1),
(12, 'S.09.DIR', 'Directiveness (ketegasan)', 'Kemampuan untuk memerintah dan mengarahkan orang lain untuk melakukan sesuatu sesuai dengan posisi dan kewenangannya.', '<p></p><p></p><ul><li><span style="font-size: 12px; line-height: 1.5em;">Menyampaikan pengarahan\r\nsecara tegas, &nbsp;rinci dan jelas.</span></li><li><span style="font-size: 12px; line-height: 1.5em;">Menetapkan sasaran dengan\r\nstandar yang jelas (termasuk kualitas).</span></li><li><span style="font-size: 12px; line-height: 1.5em;">Mampu menangani permasalahan\r\nkinerja secara terbuka</span></li><li><span style="font-size: 12px; line-height: 1.5em;">Menolak permintaan yang\r\ntidak relevan</span></li><li><span style="font-size: 12px; line-height: 1.5em;">Memberikan/mengusulkan reward atau punishment</span></li></ul><p></p><p></p>\r\n', 1),
(13, 'S.05.TMW', 'Teamwork and cooperation (kerjasama kelompok)', 'Kemauan dan kemampuan untuk bekerjasama dengan orang lain, menjadi bagian dari suatu kelompok dalam melaksanakan suatu tugas.', '<p></p><p></p><p></p><ul><li>Meminta ide dan pendapat orang lain dalam mengambil keputusan atau merencanakan sesuatu</li><li><span style="font-size: 12px; line-height: 1.5em;">Menjaga orang lain tetap memiliki informasi\r\ndan hal-hal baru tentang proses dalam kelompok, dan </span><i style="font-size: 12px; line-height: 1.5em;">sharing</i><span style="font-size: 12px; line-height: 1.5em;"> informasi\r\nyang relevan</span></li><li><span style="font-size: 12px; line-height: 1.5em;">Memperlihatkan harapan positif kepada orang lain</span></li><li><span style="font-size: 12px; line-height: 1.5em;">Menghargai orang lain yang berhasil</span></li><li><span style="font-size: 12px; line-height: 1.5em;">Menghargai perbedaan kelompok dan membangun kerjasama\r\nyang sinergi</span></li></ul><p></p><p></p>\r\n', 1),
(14, 'S.10.TML', 'Team leadership (kepemimpinan kelompok)', 'Kemauan dan kemampuan untuk berperan sebagai pemimpin kelompok, biasanya ditunjukkan dalam posisi otoritas formal.', '<p></p><p></p><ul><li><span style="font-size: 12px; line-height: 1.5em;">Memberikan informasi</span></li><li><span style="font-size: 12px; line-height: 1.5em;">Melakukan usaha untuk memperlakukan anggota\r\nkelompok secara adil</span></li><li><span style="font-size: 12px; line-height: 1.5em;">Menggunakan strategi untuk mendorong moral dan\r\nproduktivitas kelompok</span></li><li><span style="font-size: 12px; line-height: 1.5em;">Memastikan bahwa kebutuhan kelompok terpenuhi</span></li><li><span style="font-size: 12px; line-height: 1.5em;">Menjamin anggota kelompok mengikuti misi, sasaran, dan\r\nkebijakan pimpinan</span></li></ul><p></p><p></p>\r\n', 1),
(15, 'S.20.ANT', 'Analytical thinking (pemikiran analitis)', 'Kemampuan untuk memahami situasi/permasalahan dengan cara menguraikan menjadi bagian-bagian yang lebih rinci (faktor-faktor penyebab masalah) secara logis, mengolah secara sistematis, serta mengamati keadaan tahap demi tahap berdasarkan pengalaman masa la', '<p></p><p></p><ul><li><span style="font-size: 12px; line-height: 1.5em;">Melakukan\r\nidentifkasi permasalahan</span></li><li><span style="font-size: 12px; line-height: 1.5em;">Mengenali penyebab\r\ndan akibat dari suatu permasalahan</span></li><li><span style="font-size: 12px; line-height: 1.5em;">Mengamati\r\nkeadaan/kejadian tahap demi tahap</span></li><li><span style="font-size: 12px; line-height: 1.5em;">Menetapkan prioritas berdasarkan tingkat kepentingan.</span></li><li><span style="font-size: 12px; line-height: 1.5em;">Membagi pekerjaan yang rumit menjadi lebih sederhana/menyusun tahapan pekerjaan.</span></li></ul><p></p><p></p>\r\n', 1),
(16, 'S.21.CPT', 'Conceptual thinking (pemikiran konseptual)', 'Kemampuan memahami situasi atau masalah dengan cara memandangnya sebagai satu kesatuan yang terintegrasi, mencakup kemampuan mengidentifikasi ; pola keterkaitan antara masalah yang tidak tampak dengan jelas atau kemampuan mengidentifikasi permasalahan yan', '<p></p><p></p><ul><li><span style="font-size: 12px; line-height: 1.5em;">Menggunakan\r\nlogika dan pengalaman masa lalu dalam mengenali masalah</span></li><li><span style="font-size: 12px; line-height: 1.5em;">Melihat\r\nperbedaan antara situasi dan hal-hal yang pernah terjadi sebelumnya</span></li><li><span style="font-size: 12px; line-height: 1.5em;">Mengidentifikasi\r\nhubungan dalam data</span></li><li><span style="font-size: 12px; line-height: 1.5em;">Mempraktekkan\r\ndan memodifikasi konsep atau metode yang pernah dipelajari</span></li><li><span style="font-size: 12px; line-height: 1.5em;">Membuat dan menguji konsep</span></li></ul><p></p><p></p>\r\n', 1),
(17, 'S.22.EXP', 'Expertise (profesional/Keahlian)', 'Penguasaan pengetahuan yang terkait dengan pekerjaan (dapat teknik, manajerial maupun profesional), dan motivasi untuk menggunakan, mengembangkan dan membagikan pengetahuannya yang terkait dengan pekerjaan kepada orang lain.', '<p></p><p></p><ul><li><span style="font-size: 12px; line-height: 1.5em;">Menjaga dan mengembangkan ketrampilan maupun\r\npengetahuan</span></li><li><span style="font-size: 12px; line-height: 1.5em;">Menunjukkan ketertarikan pada suatu bidang tertentu</span></li><li><span style="font-size: 12px; line-height: 1.5em;">Belajar hal-hal baru yang berhubungan dengan pekerjaan</span></li><li><span style="font-size: 12px; line-height: 1.5em;">Menyebarkan teknologi baru secara aktif</span></li></ul><p></p><p></p>\r\n', 1),
(18, 'S.06.SCT', 'Self control (pengendalian diri)', 'Kemampuan untuk mengendalikan diri dalam menghadapi tantangan/bekerja di bawah tekanan/penolakan dari orang lain, sehingga dapat terkontrol untuk tidak bertindak negatif', '<p></p><p></p><ul><li><span style="font-size: 12px; line-height: 1.5em;">Tidak mudah marah</span></li><li><span style="font-size: 12px; line-height: 1.5em;">Menolak\r\nketerlibatan yang tidak perlu</span></li><li><span style="font-size: 12px; line-height: 1.5em;">Tetap tenang\r\ndalam situasi yang rumit</span></li><li><span style="font-size: 12px; line-height: 1.5em;">Memiliki respon yang baik dalam menghadapi suatu\r\nmasalah</span></li></ul><p></p><p></p>\r\n', 1),
(19, 'S.11.SCF', 'Self confidence (kepercayaan diri)', 'Keyakinan pada kemampuan yang dimiliki untuk menyelesaikan suatu tugas/tantangan, termasuk keyakinan atas kemampuan menghadapi lingkungan yang semakin menantang atau keyakinan atas keputusan/pendapatnya.', '<p></p><p></p><ul><li><span style="font-size: 12px; line-height: 1.5em;">Merupakan pribadi yang\r\npercaya diri.</span></li><li><span style="font-size: 12px; line-height: 1.5em;">Melakukan tindakan yang\r\ndiyakini baik dan benar, meskipun ada orang lain yang tidak sependapat</span></li><li><span style="font-size: 12px; line-height: 1.5em;">Memiliki keyakinan\r\nterhadap kemampuan yang dimiliki</span></li><li><span style="font-size: 12px; line-height: 1.5em;">Menyatakan suatu posisi\r\nyang jelas dan percaya diri terhadap orang lain.</span></li><li><span style="font-size: 12px; line-height: 1.5em;">Bertanggungjawab atas\r\nkesalahan yang diperbuat.</span></li><li><span style="font-size: 12px; line-height: 1.5em;">Belajar dari kesalahan, menganalisis kinerja dan memiliki\r\nkemauan untuk memperbaikinya.</span></li></ul><p></p><p></p>\r\n', 1),
(20, 'S.07.ADP', 'Adaptability (penyesuaian diri)', 'Kemampuan untuk menyesuaikan diri dan bekerja secara efektif pada berbagai situasi, dengan berbagai rekan atau kelompok yang berbeda; kemampuan untuk memahami dan menghargai perbedaan dan pandangan yang bertentangan atas suatu isu. ', '<p></p><p></p><ul><li><span style="font-size: 12px; line-height: 1.5em;">Mengenali kebenaran pendapat orang lain</span></li><li><span style="font-size: 12px; line-height: 1.5em;">Mudah beradaptasi terhadap perubahan pekerjaan</span></li><li><span style="font-size: 12px; line-height: 1.5em;">Bersikap secara fleksibel selama tidak\r\nbertentangan dengan peraturan</span></li><li><span style="font-size: 12px; line-height: 1.5em;">Mengubah perilaku sesuai dengan situasi</span></li></ul><p></p><p></p>\r\n', 1),
(21, 'S.12.ORC', 'Organizational commitment (komitmen organisasi)', '<p>Dorongan dan kemampuan seseorang untuk menyesuaikan\r\nperilakunya dengan kebutuhan, prioritas dan tujuan perusahaan, cenderung\r\nbertindak untuk mendukung tujuan perusahaan atau memenuhi kebutuhan perusahaan.<br></p>', '<p></p><p></p><ul><li><span style="font-size: 12px; line-height: 1.5em;">Bersedia membantu teman sekerja dalam menyelesaikan pekerjaan</span></li><li><span style="font-size: 12px; line-height: 1.5em;">Menyelaraskan\r\naktivitas pribadi untuk memenuhi kebutuhan organisasi</span></li><li><span style="font-size: 12px; line-height: 1.5em;">Memahami kebutuhan kerja sama untuk mencapai tujuan organisasi yang lebih\r\nbesar</span></li><li><span style="font-size: 12px; line-height: 1.5em;">Memilih untuk memenuhi kebutuhan organisasi daripada\r\nmengejar kepentingan sendiri</span></li></ul><p></p><p></p>\r\n', 1),
(22, 'S.23.PLN', 'Planning (perencanaan)', '<p>Kemampuan untuk menyusun rencana kegiatan dengan\r\ndisertai target yang spesifik, termasuk kemampuan untuk menghubungkan antara\r\napa yang ada sekarang dan bagaimana seharusnya, yang berkaitan dengan kebutuhan\r\nserta alokasi sumber daya, penentuan tujuan, prioritas dan program.&nbsp;<br></p>', '<p></p><p></p><ul><li><span style="font-size: 12px; line-height: 1.5em;">Melakukan persiapan yang sistematis untuk\r\nmencapai tujuan tertentu</span></li><li><span style="font-size: 12px; line-height: 1.5em;">Melakukan identifikasi dan dokumentasi\r\nkebutuhan</span></li><li><span style="font-size: 12px; line-height: 1.5em;">Menentukan kebutuhan-kebutuhan yang\r\nbersifat prioritas</span></li><li><span style="font-size: 12px; line-height: 1.5em;">Menginventarisir spesifikasi hasil yang\r\ndicapai dari tiap kebutuhan yang diprioritaskan</span></li><li><span style="font-size: 12px; line-height: 1.5em;">Mengidentifikasi persyaratan untuk mencapai\r\nsetiap alternatif</span></li><li><span style="font-size: 12px; line-height: 1.5em;">Mengidentifikasi alternatif  alternatif strategis\r\nyang memungkinkan termasuk didalamnya peralatan untuk melengkapi setiap\r\npersyaratan untuk mencapai kebutuhan, kelebihan kelemahan (termasuk untung\r\nrugi/benefit), dari berbagai strategi yang digunakan</span></li></ul><p></p><p></p>\r\n', 1),
(23, 'S.24.CTR', 'Controling (pengendalian)', '<p>Kemampuan untuk memantau\r\nproses kemajuan tugas dengan membandingkan hasil dan sasaran secara teratur dan\r\nmenjamin pelaksanaan tugas dapat efektif dan efisien, serta bertindak\r\nmenyesuaikan kegiatan berdasarkan hasil dari pengawasan yang dilakukan.<br></p>', '<p></p><p></p><ul><li><span style="font-size: 12px; line-height: 1.5em;">Pemahaman terhadap metode dan SOP perusahaan\r\nyang mengacu pada efisiensi dan efektifitas perusahaan</span></li><li><span style="font-size: 12px; line-height: 1.5em;">Melakukan tugas sesuai dengan SOP dan norma\r\nstandar yang telah ditetapkan</span></li><li><span style="font-size: 12px; line-height: 1.5em;">Melakukan penilaian terhadap pelaksanaan\r\ntugas sesuai dengan norma, standar atau pedoman yang telah ditentukan</span></li><li><span style="font-size: 12px; line-height: 1.5em;">Menganalisa dan mengoreksi/merevisi,\r\npenyimpangan atau perbedaan sehingga target perusahaan tercapai</span></li><li><span style="font-size: 12px; line-height: 1.5em;">Menyesuaikan pekerjaan/kegiatan berdasarkan hasil\r\npengawasan sehingga pelaksanaan tugas dapat efektif dan efisien</span></li></ul><p></p><p></p>\r\n', 1),
(24, 'S.25.DCM', 'Decision making (pengambilan keputusan)', '<p>Kemampuan untuk menetapkan alternatif penyelesaian\r\nterhadap suatu permasalahan, berdasarkan pada pemikiran analitis dan\r\npertimbangan yang logis dan berdampak pada kinerja yang efektif.<br></p>', '<p></p><p></p><ul><li><span style="font-size: 12px; line-height: 1.5em;">Pencarian fakta, data atau informasi</span></li><li><span style="font-size: 12px; line-height: 1.5em;">Melakukan analisis terhadap fakta, data atau informasi yang diperoleh\r\n(mempertimbangkan sisi positif dan negatif)</span></li><li><span style="font-size: 12px; line-height: 1.5em;">Mempertimbangkan tujuan yang ingin dicapai, dengan hubungan antara&nbsp; fakta, data atau informasi yang terkumpul</span></li><li><span style="font-size: 12px; line-height: 1.5em;">Keputusan disertai analisis masalah potensial&nbsp;</span></li><li><span style="font-size: 12px; line-height: 1.5em;">Mengetahui probabilitas setiap kemungkinan hasil,\r\napabila fakta, data atau informasi yang terkumpul tidak lengkap</span></li></ul><p></p><p></p>\r\n', 1),
(25, 'S.26.SLD', 'Self Development (pengembangan diri)', '<p>Kebutuhan\r\nuntuk mengembangkan diri yang\r\ndiawali introspeksi internal untuk\r\nmembandingkan kelebihan dan kekurangan yang dimiliki dengan tuntutan\r\nperkembangan perusahaan serta diikuti dengan usaha-usaha mencari cara belajar yang efektif dan\r\nsistematis<br></p>', '<p></p><p></p><ul><li><span style="font-size: 12px; line-height: 1.5em;">Introspeksi\r\ninternal</span></li><li><span style="font-size: 12px; line-height: 1.5em;">Motivasi diri sendiri.</span></li><li><span style="font-size: 12px; line-height: 1.5em;">Mencari cara belajar yang efektif dan sistematis.</span></li><li><span style="font-size: 12px; line-height: 1.5em;">Menyusun rencana pengembangan diri.</span></li><li><span style="font-size: 12px; line-height: 1.5em;">Konsisten terhadap rencana pengembangan diri</span></li></ul><p></p><p></p>\r\n', 1),
(26, 'S.27.BSA', 'Business acumen (ketajaman bisnis)', '<p>Ketajaman\r\ndan kecepatan dalam memahami situasi bisnis pada fungsi SDM, produksi,\r\npemasaran dan keuangan untuk mendukung pertumbuhan perusahaan<br></p>', '<p></p><p></p><ul><li><span style="font-size: 12px; line-height: 1.5em;">Ketajaman dan\r\nkecepatan memahami proses bisnis lintas fungsi (SDM, Produksi, Pemasaran,\r\nKeuangan)</span></li><li><span style="font-size: 12px; line-height: 1.5em;">Sumber-sumber\r\npertumbuhan perusahaan</span></li></ul><p></p><p></p>\r\n', 1),
(27, 'S.28.STT', 'Strategic thinking (berpikir strategis)', '<p>Kemampuan berpikir secara komprehensif &nbsp;mengenai perubahan dinamika lingkungan bisnis\r\nbeserta peluang dan hambatannya di masa yang akan datang,&nbsp; serta kemampuan untuk merumuskan pemikiran\r\ntersebut ke dalam langkah-langkah strategis yang terukur dan realistis.&nbsp;<br></p>', '<p></p><p></p><ul><li><span style="font-size: 12px; line-height: 1.5em;">Dinamika\r\nlingkungan bisnis internal dan eksternal di masa mendatang</span></li><li><span style="font-size: 12px; line-height: 1.5em;">Identifikasi\r\npeluang dan hambatan</span></li><li><span style="font-size: 12px; line-height: 1.5em;">Gambaran\r\nkesuksesan perusahaan di&nbsp; masa yang akan\r\ndatang</span></li><li><span style="font-size: 12px; line-height: 1.5em;">Indikator-indikator\r\nkesuksesan</span></li><li><span style="font-size: 12px; line-height: 1.5em;">Langkah-langkah strategis untuk mewujudkannya</span></li><li><span style="font-size: 12px; line-height: 1.5em;">Mengembangkan tujuan jangka panjang</span></li></ul><p></p><p></p>\r\n', 1),
(28, 'S.08.CRS', 'Conflict resolution (resolusi konflik)', '<p>Kemampuan untuk menyusun\r\npemecahan (solusi) terhadap ketidaksepahaman pandangan antara dua orang/pihak\r\nyang dapat menganggu produktivitas, efisiensi dan hasil kerja.\r\nKetidaksepahaman&nbsp; pandangan disebabkan\r\noleh perbedaan pengalaman, latar belakang pendidikan, kultur, kepentingan dan\r\nsebagainya.<br></p>', '<p></p><p><ul><li><span style="font-size: 12px; line-height: 1.5em;">Mengidentifikasi\r\npermasalahan (memahami penyebab, gejala konflik, tipe konflik, dan sebagainya)</span></li><li><span style="font-size: 12px; line-height: 1.5em;">Merespon\r\nkonflik secara efektif, dan mampu mengantisipasi agar konflik tidak berlanjut</span></li><li><span style="font-size: 12px; line-height: 1.5em;">Mempertimbangkan\r\nresiko konflik dan kerugian yang mungkin terjadi</span></li><li><span style="font-size: 12px;">Menyusun pendekatan dalam menangani konflik</span></li></ul></p><p></p>\r\n', 1),
(29, 'S.29.STD', 'Strategic decision (keputusan strategis)', '<p>Kemampuan untuk mengidentifikasi persoalan startegis\r\nperusahaan dan memilih alternatif strategi yang sesuai untuk mencapai tujuan<br></p>', '<p></p><p></p><ul><li><span style="font-size: 12px; line-height: 1.5em;">Mengelompokkan persoalan strategis</span></li><li><span style="font-size: 12px; line-height: 1.5em;">Menentukan prioritas persoalan</span></li><li><span style="font-size: 12px; line-height: 1.5em;">Menyusun dan menentukanalternatif</span></li><li><span style="font-size: 12px; line-height: 1.5em;">Menganalisis\r\nRisiko dan antisipasinya</span></li></ul><p></p><p></p>\r\n', 1),
(30, 'M.ABI.01', 'AKUNTANSI KEUANGAN', '<p>Kemampuanmelaksanakan siklus akuntansi mulai dari analisis\r\ntransaksi sampai dengan penyajian laporan keuangan<br></p>', '<p><p><ul><li><span style="line-height: 1.5em;">Pengetahuanklasifikasi&nbsp; danfungsi\r\nrekening (akun/perkiraan) meliputi pos laba rugi dan posisi keuangan (neraca)</span></li><li><span style="line-height: 1.5em;">Keterampilan\r\nmelakukan penjurnalan dan posting transaksi atau kejadian akuntansi lainnya</span></li><li><span style="line-height: 1.5em;">Pengetahuan&nbsp; penyusunan&nbsp;\r\nlaporan&nbsp; keuangan&nbsp; meliputi&nbsp;\r\nlaporan posisi keuangan (neraca), laba-rugi, perubahan ekuitas, arus kas\r\nserta catatan atas laporan keuangan dan laporan pendukung</span></li><li><span style="line-height: 1.5em;">Pengetahuankebijakan akuntansi yang berlaku umum, meliputi\r\nkebijakan akuntansi perusahaan dan PSAK (Pedoman Standar Akuntansi Keuangan)\r\ndan Pedoman Akuntansi BUMN Perkebunan yang berbasis IFRS</span></li></ul></p></p>', 3),
(31, 'M.ABI.02', 'SISTEM INFORMASI AKUNTANSI', '<p>Kemampuan&nbsp; melaksanakan&nbsp; sistem&nbsp;\r\ndan&nbsp; prosedur <span>i</span>nformasi akuntansi yang berbasis teknologi informasi<br></p>', '<p><p><ul><li><span style="line-height: 1.5em;">Pengetahuan&nbsp; sistem&nbsp; dan&nbsp; prosedur&nbsp;\r\nakuntansi&nbsp; yang meliputikas/bank,pengadaan&nbsp; barang/jasa,&nbsp; penyertaandan\r\ninvestasi, penjualan, persediaan, aset tetap, aset\r\ntanaman, dan hutang-piutang</span></li><li><span style="line-height: 1.5em;">Pengetahuan\r\nsistem aplikasi akuntansi (SPDK-Net) seperti: keuangan, </span><i style="line-height: 1.5em;">payroll</i><span style="line-height: 1.5em;">, inventori, aset tetap, EAP/ETL,\r\ndan SDM</span></li><li><span style="line-height: 1.5em;">Pengetahuan&nbsp;\r\nsistem&nbsp; informasi&nbsp;\r\nakuntansi&nbsp; bagi&nbsp; manajemen&nbsp;\r\nyang memuat laporan pertanggungjawaban keuangan</span></li></ul></p></p>', 3),
(32, 'M.ABI.03', 'PERPAJAKAN', '<p>Kemampuan&nbsp; memahami&nbsp; ketentuan umum perpajakan dan melaksanakan sistem administrasi perpajakan yang&nbsp; berlaku&nbsp;\r\nberkaitan dengan kegiatan perusahaan<br></p>', '<p><p><ul><li><span style="line-height: 1.5em;">Pengetahuan\r\nketentuan umum perpajakan beserta aplikasinya</span></li><li><span style="line-height: 1.5em;">Pengetahuan penerapan administrasi perpajakan</span></li></ul></p></p>', 3),
(33, 'M.ABI.04', 'AKUNTANSI MANAJEMEN', '<p>Pengetahuan dan kemampuan memahami dan\r\nmenganalisis informasi akuntansi manajemen<br></p>', '<p><p><ul><li><span style="line-height: 1.5em;">Pengetahuan\r\nanalisis pendapatan mengenai Laporan Manajemen</span></li><li><span style="line-height: 1.5em;">Pengetahuan pengendalian biaya mengenai alat analisis dalam akuntansi\r\nmanajemen</span></li></ul></p></p>', 3),
(34, 'M.ABI.05', 'VERIFIKASI', '<p>Pengetahuan dan kemampuan memverifikasi\r\ndokumen/bukti transaksi serta sistem dan prosedur akuntansi<br></p>', '<p><ul><li><span style="line-height: 1.5em;">Pengetahuan validasi\r\nkeabsahan dan kelengkapan dokumen transaksi yang dilakukan oleh perusahaan</span><br></li></ul></p>', 3),
(35, 'M.ABI.06', 'ASURANSI', '<p>Kemampuan&nbsp; memahami&nbsp; prinsip dasar asuransi, analisis kebutuhan asuransi, serta administrasi\r\npenutupan polis &amp; klaim asuransi<br></p>', '<p><p><ul><li><span style="line-height: 1.5em;">Pengetahuan ketentuan umum asuransi: aset &amp;\r\njiwa</span></li><li><span style="line-height: 1.5em;">Penerapan administrasi asuransi</span></li></ul></p></p>', 3),
(36, 'M.ABI.07', 'MANAJEMEN KAS', '<p>Pengetahuan dan kemampuan mengelola arus kas perusahaan<br></p>', '<p><p><ul><li><span style="line-height: 1.5em;">Pengetahuan validasi keabsahan dan kelengkapan dokumen transaksi yang\r\ndilakukan oleh perusahaan</span></li><li><span style="line-height: 1.5em;">Kemampuan penjadualan arus kas masuk dan keluar</span></li><li><span style="line-height: 1.5em;">Kemampuan menempatkan </span><i style="line-height: 1.5em;">idle fund</i><span style="line-height: 1.5em;"> pada instrumen yang tepat dan\r\nmenguntungkan</span></li></ul></p></p>', 3),
(37, 'M.ABI.08', 'MANAJEMEN PENDANAAN EKSTERNAL', '<p>Kemampuan mengelola sumber dana eksternal<br></p>', '<p><p><ul><li><span style="line-height: 1.5em;">Kemampuan menganalisa kebutuhan dana eksternal</span></li><li><span style="line-height: 1.5em;">Pengetahuan instrumen-instrumen pendanaan</span></li><li><span style="line-height: 1.5em;">Pengetahuan proses dan persyaratan kredit perbankan &amp; pasar\r\nmodal (prosedur, legal, dan penjaminan)</span></li></ul></p></p>', 3),
(38, 'BIS.01', 'KOMPUTER & IT', '<p>Kemampuan memanfaatkan komputer dan teknologi informasiuntuk menunjang aktivitas kantor dan kegiatan perusahaan<br></p>', '<p><p><ul><li><span style="line-height: 1.5em;">Kemampuan dan keterampilan dalam\r\nmenggunakan sistem operasi komputer</span></li><li><span style="line-height: 1.5em;">Ketrampilan dalam menjalankan program aplikasi\r\nperkantoran terkait teks, data, presentasi, contoh: Ms Office (Word, Excel,\r\nPower Point)</span></li><li><span style="line-height: 1.5em;">Ketrampilan dalam manajemen file</span></li><li><span style="line-height: 1.5em;">Ketrampilan dalam memanfaatkan internet dan intranet</span></li><li><span style="line-height: 1.5em;">Pengetahuan mengenai\r\nteknologi informasi dan aplikasinya di perusahaan</span></li></ul></p></p>', 2),
(39, 'BIS.02', 'PERENCANAAN PERUSAHAAN', '<p>Kemampuan berpikir strategik baik pada skala korporat maupun\r\nunit, melakukan perencanaan perusahaan, serta\r\nmenterjemahkan rencana perusahaan ke dalam rencana&nbsp;<i>level</i> unit<br></p>', '<p><p><ul><li><span style="line-height: 1.5em;">Pengetahuan mengenai isu-isu\r\nstrategis dan analisa lingkungan bisnis</span></li><li><span style="line-height: 1.5em;">Kemampuan menyusun dan mendukung\r\nkegiatan penyusunan Rencana Bisnis untuk tingkat unit Bisnis/kerja sesuai\r\nRencana Strategis/Rencana Jangka Panjang Perusahaan</span></li><li><span style="line-height: 1.5em;">Kemampuan menyusun RKAP/RKO (Rencana Kerja dan\r\nAnggaran Perusahaan/Rencana Kerja Operasional)</span></li></ul></p></p>', 2),
(40, 'BIS.03', 'FINON (MANAJEMEN KEUANGAN UNTUK MANAJER NON KEUANGAN)', '<p>Kemampuan\r\ndalam pengelolaan keuangan perusahaan terkait dengan modal kerja, pendapatan, pembiayaan, dan investasi secara efektif dan efisien<br></p>', '<p><p><ul><li><span style="line-height: 1.5em;">Pengetahuan mengenai laporan keuangan</span></li><li><span style="line-height: 1.5em;">Pengetahuan tentang pengelolaan modal\r\nkerja</span></li><li><span style="line-height: 1.5em;">Pengetahuan\r\ntentang manajemen akuntansi, termasuk di dalamnya pengetahuan tentang analisis investasi dan keputusan pendanaan&nbsp;</span></li></ul></p></p>', 2),
(41, 'BIS.04', 'CBHRMS (COMPETENCY-BASED HUMAN RESOURCE MANAGEMENT SISTEM)', '<p>Kemampuan menjalankan CBHRMS (sistem pengelolaan SDM berbasis kompetensi) serta mampu merumuskan\r\npermasalahan, penanganan, dan pengelolaan SDM sesuai dengan kapasitas dan\r\nkewenangannya dalam rangka mewujudkan SDM sebagai modal utama perusahaan (<i>human\r\ncapital</i>)<br></p>', '<p><p><ul><li><span style="line-height: 1.5em;">Pengetahuan mengenai fungsi dan\r\nlingkup pengelolaan SDM terkait kebutuhan, karir,\r\nkinerja, serta pengembangan SDM</span></li><li><span style="line-height: 1.5em;">Pengetahuan\r\nkompetensi, model kompetensi, kamus kompetensi, profil kompetensi, dan teknis\r\npengukuran kompetensi&nbsp;</span></li></ul></p></p>', 2),
(42, 'BIS.05', 'GOOD CORPORATE GOVERNANCE (GCG)', '<p>Kemampuan\r\nmengaplikasikan prinsip-prinsip <i>good corporate governance</i> (GCG) untuk meningkatkan kualitas struktur pengelolaan dan\r\npola kerja perusahaan<br></p>', '<p><p><ul><li><span style="line-height: 1.5em;">Pengetahuan tentang konsep dan prinsip-prinsip GCG:</span><br></li></ul></p>\r\n\r\n</p><p><p><ol><ul><li><span style="line-height: 1.5em;">Transparansi\r\n(</span><i style="line-height: 1.5em;">t</i><i style="line-height: 1.5em;">ransparancy</i><span style="line-height: 1.5em;">)</span></li><li><span style="line-height: 1.5em;">Akuntibilitas\r\n(</span><i style="line-height: 1.5em;">a</i><i style="line-height: 1.5em;">ccountability</i><span style="line-height: 1.5em;">)</span></li><li><span style="line-height: 1.5em;">Tanggung\r\njawab (</span><i style="line-height: 1.5em;">r</i><i style="line-height: 1.5em;">esponsibility</i><span style="line-height: 1.5em;">)</span></li><li><span style="line-height: 1.5em;">Kemandirian (</span><i style="line-height: 1.5em;">i</i><i style="line-height: 1.5em;">ndependency</i><span style="line-height: 1.5em;">)</span></li><li><span style="line-height: 1.5em;">Keadilan (</span><i style="line-height: 1.5em;">f</i><i style="line-height: 1.5em;">airness</i><span style="line-height: 1.5em;">)</span></li></ul></ol></p></p><p>\r\n\r\n<p><ul><li><span style="line-height: 1.5em;">Keterampilan dalam penyusunan GCG di perusahaan</span></li><li><span style="line-height: 1.5em;">Kemampuan\r\ndalam melakukan penilaian implementasi GCG</span></li></ul></p></p>', 2),
(43, 'BIS.06', 'PROSES BISNIS', '<p>Kemampuan\r\nmemahami dan menjalankan aktivitas yang\r\nmendukung proses produksi mulai dari penyiapan bahan baku sampai dengan pemasaran produk, serta kemampuan untuk melakukan\r\nperbaikan terhadap proses tersebut\r\nagar menjadi lebih efektif<br></p>', '<p><p><ul><li><span style="line-height: 1.5em;">Pengetahuan mengenai proses bisnis perusahaan</span></li><li><span style="line-height: 1.5em;">Kemampuan melakukan </span><i style="line-height: 1.5em;">process busines</i><i style="line-height: 1.5em;">s reengineering</i><span style="line-height: 1.5em;"> untuk perbaikan proses bisnis perusahaan</span></li></ul></p></p>', 2),
(44, 'BIS.07', 'MANAJEMEN RISIKO', '<p>Kemampuan\r\nmelakukan identifikasi, penilaian dan penanganan risiko perusahaan<br></p>', '<p><p><ul><li><span style="line-height: 1.5em;">Pengetahuan mengenai jenis risiko</span></li><li><span style="line-height: 1.5em;">Kemampuan melakukan penilaian risiko</span></li><li><span style="line-height: 1.5em;">Kemampuan teknis\r\npengelolaan risiko</span></li></ul></p></p>', 2),
(45, 'BIS.08', 'TEKNIS KEWIRAUSAHAAN', '<p><p>Kemampuan melakukan teknis\r\nberwirausaha dari mengidentifikasi dan mengenali peluang, menentukan cara/sistemoperasional,\r\nmengatur anggaran, sampai&nbsp; menjalankanusaha.</p><p><i style="line-height: 1.5em;">Konteks\r\nusaha adalah seluruh kegiatan yang memberikan nilai tambah bagi perusahaan</i></p></p>', '<p><p><ul><li><span style="line-height: 1.5em;">Pengetahuan pengembangan usaha</span></li><li><span style="line-height: 1.5em;">Kemampuan teknis perencanaan usaha</span></li><li><span style="line-height: 1.5em;">Kemampuan teknis manajemen/pengelolaan sumber daya usaha</span></li><li><span style="line-height: 1.5em;">Kemampuan\r\nteknispengelolaan risiko usaha</span></li></ul></p></p>', 2),
(46, 'BIS.09', 'PENCAPAIAN KINERJA UNGGUL', '<p>Kemampuan\r\nmelakukan perencanaan, upaya pencapaian, dan evaluasi kinerja unggul dalam\r\nmeningkatkan pertumbuhan usaha dan daya saing perusahaan<br></p>', '<p><p><ul><li><span style="line-height: 1.5em;">Pengetahuan Kriteria\r\nPenilaian Kinerja Unggul (KPKU) BUMN</span></li><li><span style="line-height: 1.5em;">Pengetahuan sistem manajemen kinerja</span></li><li><span style="line-height: 1.5em;">Pengetahuan </span><i style="line-height: 1.5em;">Malcolm\r\nBaldrige Criteria for Performance Excellence</i></li><li><span style="line-height: 1.5em;">Kemampuan\r\nteknis pengendalian kinerja</span></li></ul></p></p>', 2),
(47, 'M.KJI.01', 'ANALISIS LINGKUNGAN BISNIS', '<p>Kemampuan\r\nmelakukan <i>scanning/trendwatching</i>\r\nterhadap kondisi lingkungan internal dan eksternal perusahaan yang berpengaruh\r\npada kinerja bisnis\r\nperusahaan saat ini dan mendatang<br></p>', '<p><p><ul><li><span style="line-height: 1.5em;">Pengetahuan metode analisis lingkungan internal dan eksternal</span></li><li><span style="line-height: 1.5em;">Pengetahuan&nbsp;</span><i style="line-height: 1.5em;">tren</i><i style="line-height: 1.5em;">d</i><span style="line-height: 1.5em;">/perkembangan&nbsp;</span><i style="line-height: 1.5em;">issue&nbsp;</i><span style="line-height: 1.5em;">terkini</span></li><li><span style="line-height: 1.5em;">Kemampuan teknis pengelolaan dan tabulasi\r\ndata untuk</span><i style="line-height: 1.5em;">forecasting</i></li><li><span style="line-height: 1.5em;">Kemampuan teknis interpretasi\r\ndata untuk penyusunan Rencana\r\nJangka Panjang perusahaan</span></li></ul></p></p>', 3),
(48, 'HC.F.KJI.02', 'PENGKAJIAN TANAMAN', '<p>Kemampuan\r\nmelakukan pengkajian permasalahan di bidang tanaman kelapa sawit dan karet&nbsp;<br></p>', '<p><p><ul><li><span style="line-height: 1.5em;">Pengetahuan pembibitan kelapa sawit dan karet</span></li><li><span style="line-height: 1.5em;">Pengetahuan pemeliharaan kelapa sawit dan karet</span></li><li><span style="line-height: 1.5em;">Pengetahuan panen maupun pengumpulan hasil kelapa sawit dan karet</span></li></ul></p></p>', 3),
(49, 'HC.F.KJI.03', 'PENGKAJIAN TEKNIK/PENGOLAHAN', '<p>Kemampuan\r\nmelakukan pengkajian tentang permasalahan di bidang teknik/pengolahan kelapa\r\nsawit dan karet<br></p>', '<p><p><ul><li><span style="line-height: 1.5em;">Pengetahuan proses pengolahan kelapa sawit dan karet</span></li><li><span style="line-height: 1.5em;">Pengetahuan peralatan\r\ndan mesin dalam proses pengolahan kelapa sawit dan karet</span></li></ul></p></p>', 3),
(50, 'M.KJI.04', 'PENGKAJIAN FINANSIAL', '<p>Kemampuan melakukan perhitungan, analisa dan evaluasi simulasi finansial seperti: IRR, NPV, dll,\r\nuntuk menilai kelayakan suatu proyek atau investasi sehingga dapat digunakan sebagai dasar dalam pengambilan keputusan<br></p>', '<p><p><ul><li><span style="line-height: 1.5em;">Pengetahuan manajemen keuangan</span></li><li><span style="line-height: 1.5em;">Kemampuan teknis membaca laporan keuangan</span></li><li><span style="line-height: 1.5em;">Kemampuan\r\nteknis\r\nanalisis keuangan</span></li></ul></p></p>', 3),
(51, 'M.KJI.05', 'PENGKAJIAN BISNIS', '<p>Kemampuan\r\nmelakukan pengkajian terhadap kelayakan suatu kegiatan yang akan dilaksanakan\r\ndi perusahaan dengan mengacu pada proses bisnis perusahaan dalam menghasilkan\r\nnilai tambah&nbsp;<br></p>', '<p><p><ul><li><span style="line-height: 1.5em;">Pengetahuan metode penyusunan kajian kelayakan</span></li><li><span style="line-height: 1.5em;">Pengetahuan metode analisis lingkungan internal dan eksternal,\r\nuntuk penyusunan asumsi kelayakan</span></li><li><span style="line-height: 1.5em;">Pengetahuan survei untuk mendapatkan data dan parameter\r\ndalam penyusunan asumsi atas kajian kelayakan suatu kegiatan</span></li><li><span style="line-height: 1.5em;">Pengetahuan manajemen keuangan (manajemen keuangan untuk\r\nnon manajer keuangan)</span></li><li><span style="line-height: 1.5em;">Pengetahuan metode interpretasi hasil atas kajian kelayakan suatu kegiatan</span></li></ul></p></p>', 3),
(52, 'M.KJI.06', 'PENGKAJIAN SDM/UMUM', '<p>Kemampuan\r\nuntuk melakukan pengkajian terhadap\r\npermasalahan di bidang\r\nSDM/Umum<br></p>', '<p><p><ul><li><span style="line-height: 1.5em;">Pengetahuan manajemen SDM/Umum</span></li><li><span style="line-height: 1.5em;">Pengetahuan hak serta kewajiban karyawan/perusahaan</span></li><li><span style="line-height: 1.5em;">Pengetahuan\r\nhukum ketenagakerjaan dan\r\nperseroan</span></li></ul></p></p>', 3),
(53, 'M.KJI.07', 'MANAJEMEN PROYEK', '<p>Kemampuan mengelola&nbsp;<i>pilot project</i>s ecara efektif dan efisien<br></p>', '<p><p><ul><li><span style="line-height: 1.5em;">Pengetahuan manajemen proyek: perencanaan,\r\npelaksanaan, monitoring dan evaluasi proyek</span></li><li><span style="line-height: 1.5em;">Kemampuan teknis mengelola implementasi </span><i style="line-height: 1.5em;">pilot project</i><span style="line-height: 1.5em;"> dan pengembangan skala\r\nbisnisnya</span></li><li><span style="line-height: 1.5em;">Kemampuan teknis&nbsp;</span><i style="line-height: 1.5em;">networking</i><span style="line-height: 1.5em;"> dengan lembaga/instansi yang terkait&nbsp;</span><i style="line-height: 1.5em;">pilot\r\nproject</i></li></ul></p></p>', 3),
(54, 'M.KJI.08', 'STANDARD OPERATING PROCEDURE (SOP) ', '<p>Kemampuan Mengelola&nbsp;<i>Standard Operational Procedure</i> (SOP) berikut Instruksi Kerja (IK)<br></p>', '<p><p><ul><li><span style="line-height: 1.5em;">Pengetahuan alur penyusunan SOP &amp; IK</span></li><li><span style="line-height: 1.5em;">Kemampuan\r\nteknis\r\nmengelola\r\nimplementasi SOP\r\n&amp; IK</span></li></ul></p></p>', 3),
(55, 'M.KJI.09', 'ANALISIS DAN EVALUASI DATA', '<p>Kemampuan mengevaluasi dan menganalisis\r\ndata<br></p>', '<p><p><ul><li><span style="line-height: 1.5em;">Pengetahuan prosedur dan metode analisis data</span></li><li><span style="line-height: 1.5em;">Pengetahuan sistem pelaporan data</span></li></ul></p></p>', 3),
(56, 'M.KJI.10', 'PENGELOLAAN SISTEM JARINGAN KOMPUTER', '<p>Kemampuan mengkoneksikan komputer beserta perangkat pendukung lainnya ke jaringan komputer, merancang, mengelola\r\nserta membangun sistem jaringan komputer dan server&nbsp;<br></p>', '<p><p><ul><li><span style="line-height: 1.5em;">Pengetahuan prinsip-prinsip jaringan komputer dan server</span></li><li><span style="line-height: 1.5em;">Pengetahuan dan kemampuan teknis TCP/IP</span></li><li><span style="line-height: 1.5em;">Pengetahuan topologi jaringan</span></li><li><span style="line-height: 1.5em;">Kemampuan teknis&nbsp;</span><i style="line-height: 1.5em;">troubleshooting</i><span style="line-height: 1.5em;"> jaringan dan server</span></li><li><span style="line-height: 1.5em;">Pengetahuan dan kemampuan teknis </span><i style="line-height: 1.5em;">network security</i></li><li><span style="line-height: 1.5em;">Pengetahuan dan kemampuan teknis konfigurasi\r\nperangkat pendukung jaringan (</span><i style="line-height: 1.5em;">router,\r\nswitch</i><i style="line-height: 1.5em;">,</i><span style="line-height: 1.5em;"> dll ) dan server</span></li></ul></p></p>', 3),
(57, 'M.KJI.11', 'PENGELOLAAN SISTEM  KOMUNIKASI DATA', '<p>Kemampuan\r\nmengenali, mengkonfigurasi serta mengelola perangkat\r\nkomunikasi data dalam sistem Jaringan Lokal maupun Jaringan <i>Wide Area Network </i>(WAN)<br></p>', '<p><p><ul><li><span style="line-height: 1.5em;">Pengetahuanprinsip-prinsip komunikasi data</span></li><li><span style="line-height: 1.5em;">Pengetahuan dan kemampuan teknis peralatan komunikasi data, seperti </span><i style="line-height: 1.5em;">fiber optic</i><span style="line-height: 1.5em;">, </span><i style="line-height: 1.5em;">wifi </i><span style="line-height: 1.5em;">dan\r\nVSAT</span></li><li><span style="line-height: 1.5em;">Pengetahuan\r\nperancangan\r\nsistem komunikasi data</span></li></ul></p></p>', 3),
(58, 'M.KJI.12', 'PEMOGRAMAN APLIKASI  KOMPUTER', '<p>Kemampuan dalam merancang,\r\nmenulis (<i>coding</i>), menguji, memperbaiki\r\n(<i>debug</i>) serta memelihara aplikasi komputer<br></p>', '<p><p><ul><li><span style="line-height: 1.5em;">Pengetahuan algoritma dan logika pemrograman</span></li><li><span style="line-height: 1.5em;">Pengetahuan dan kemampuan teknis bahasa pemrograman berbasis </span><i style="line-height: 1.5em;">desktop</i></li><li><span style="line-height: 1.5em;">Pengetahuan dan kemampuan teknis bahasa pemrograman berbasis </span><i style="line-height: 1.5em;">web</i></li><li><span style="line-height: 1.5em;">Pengetahuan dan kemampuan teknis </span><i style="line-height: 1.5em;">debugging </i><span style="line-height: 1.5em;">program komputer</span></li></ul></p></p>', 3),
(59, 'M.KJI.13', 'PERANCANGAN SISTEM INFORMASI ', '<p>Kemampuan dalam menganalisis dan mendefinisikan\r\nproses bisinis dan mentransformasikannya ke dalam bentuk rancangan sistem informasi<br></p>', '<p><p><ul><li><span style="line-height: 1.5em;">Pengetahuan akan Proses bisnis perusahaan</span></li><li><span style="line-height: 1.5em;">Pengetahuan akan </span><i style="line-height: 1.5em;">tool</i><i style="line-height: 1.5em;">s</i><span style="line-height: 1.5em;"> dan metoda perancangan\r\nsistem informasi</span></li><li><span style="line-height: 1.5em;">Pengetahuan akan perancangan terperinci\r\ninput, output, dan proses</span></li><li><span style="line-height: 1.5em;">Pengetahuan\r\nakan </span><i style="line-height: 1.5em;">database</i><span style="line-height: 1.5em;">, konsep </span><i style="line-height: 1.5em;">datawarehouse</i><i style="line-height: 1.5em;">,</i><span style="line-height: 1.5em;">\r\ndan </span><i style="line-height: 1.5em;">business inteligence</i></li></ul></p></p>', 3),
(60, 'M.KJI.14', 'PENGELOLAAN DATABASE SERVER', '<p>Kemampuan\r\nmelakukan instalasi, merancang , mengoperasikan dan memelihara <i>Database Management System</i> (DBMS)&nbsp;<br></p>', '<p><p><ul><li><span style="line-height: 1.5em;">Pengetahuan dan kemampuan teknis instalasi DBMS</span></li><li><span style="line-height: 1.5em;">Pengetahuan dalam perancangan dan\r\nmodelling DBMS</span></li><li><span style="line-height: 1.5em;">Kemampuan teknis penggunaan Bahasa SQL (</span><i style="line-height: 1.5em;">Structured\r\nQuery Language</i><span style="line-height: 1.5em;">) DBMS</span></li><li><span style="line-height: 1.5em;">Kemampuan teknis&nbsp;</span><span style="line-height: 1.5em;">operasional</span><span style="line-height: 1.5em;"> DBMS</span></li><li><span style="line-height: 1.5em;">Kemampuan\r\nteknis pemeliharaan DBMS dan teknik </span><i style="line-height: 1.5em;">disaster recovery\r\nsystem</i></li></ul></p></p>', 3),
(61, 'M.KJI.15', 'PENGELOLAAN HARDWARE (H/W)', '<p><p>Kemampuan\r\ndalam:</p><p><ul><li><span style="line-height: 1.5em;">Mengenali serta melakukan perawatan dan perbaikan peralatan-peralatan\r\nkomputer beserta pendukungnya</span></li><li><span style="line-height: 1.5em;">Memahami jenis dan fungsi komponenH/W</span></li><li><span style="line-height: 1.5em;">Menggunakan peralatan\r\nyang dibutuhkan</span></li><li><span style="line-height: 1.5em;">Melakukan instalasi\r\nH/W</span></li><li><span style="line-height: 1.5em;">Melakukan konfigurasi H/W</span></li><li><span style="line-height: 1.5em;">Mengatasi permasalahan yang timbul pada H/W</span></li></ul></p></p>', '<p><p><ul><li><span style="line-height: 1.5em;">Pengetahuan akan jenis dan fungsi\r\nkomponen peralatan H/W</span></li><li><span style="line-height: 1.5em;">Pengetahuan dan kemampuan teknis perakitan komputer</span></li><li><span style="line-height: 1.5em;">Pengetahuan dan kemampuan teknis instalasi dan konfigurasi H/W</span></li><li><span style="line-height: 1.5em;">Kemampuan\r\nteknis perbaikan dan </span><i style="line-height: 1.5em;">troubleshooting&nbsp;</i><span style="line-height: 1.5em;">H/W</span></li></ul></p></p>', 3),
(62, 'M.KJI.16', 'PENGGUNAAN SISTEM OPERASI ', '<p>Kemampuan\r\ndalam menginstalasi, mengoperasikan, dan memelihara sistem operasi baik di\r\nlingkungan <i>client</i> maupun server<br></p>', '<p><p><ul><li><span style="line-height: 1.5em;">Pengetahuan jenis sistem operasi</span></li><li><span style="line-height: 1.5em;">Pengetahuan serta kemampuan teknis instalasi sistem operasi</span></li><li><span style="line-height: 1.5em;">Pengetahuan serta kemampuan teknis penggunaan,&nbsp; </span><i style="line-height: 1.5em;">troubleshooting</i><i style="line-height: 1.5em;">, </i><span style="line-height: 1.5em;">dan pemeliharaan sistem operasi</span></li><li><span style="line-height: 1.5em;">Pengetahuan serta kemampuan\r\nteknis keamanan&nbsp; dan konfiguasi sistem operasi</span></li></ul></p></p>', 3);
INSERT INTO `competency_category` (`id`, `code`, `name`, `description`, `definition`, `competency_type_id`) VALUES
(63, 'M.SAR.01', 'MANAJEMEN PENJUALAN', '<p>Kemampuan melakukan\r\nproses perencanaan, pengorganisasian, implementasi, dan pengendalian kegiatan penjualan untuk mencapai target secara efektif dan efesien<br></p>', '<p><p><ul><li><span style="line-height: 1.5em;">Kemampuan\r\nteknis penyusunan target dan rencana penjualan</span></li><li><span style="line-height: 1.5em;">Pengetahuan\r\nmetode pembayaran ekspor dan lokal (</span><i style="line-height: 1.5em;">L/C,\r\nT/T</i><span style="line-height: 1.5em;">)</span></li><li><span style="line-height: 1.5em;">Pengetahuan\r\nperaturan internasional dalam perdagangan ekspor</span></li><li><span style="line-height: 1.5em;">Pengetahuan\r\nperpajakan (perdagangan lokal)</span></li><li><span style="line-height: 1.5em;">Pengetahuan\r\nsyarat penyerahan barang (</span><i style="line-height: 1.5em;">FOB, FCA, Franco\r\n/ Loko</i><span style="line-height: 1.5em;">)</span></li><li><span style="line-height: 1.5em;">Pengetahuan\r\ndokumen ekspor (PEB, </span><i style="line-height: 1.5em;">COO, Invoice,\r\nPacking List, Quality Guarantee, Phytosanitary, ISPM#15,&nbsp; Certificate Of Weight, fumigasi, B/L, SI </i><span style="line-height: 1.5em;">dan\r\n</span><i style="line-height: 1.5em;">FCL Declaration</i><span style="line-height: 1.5em;">)</span></li><li><span style="line-height: 1.5em;">Pengetahuan\r\ntata laksana kepabeanan di pelabuhan</span></li><li><span style="line-height: 1.5em;">Pengetahuan pedoman pelaksanaan, TOR (</span><i style="line-height: 1.5em;">Term of Regulation</i><span style="line-height: 1.5em;">) dan ketentuan penjualan\r\nsetiap jenis produk yang dijual (PT KPBN &amp; PT BBJ)</span></li></ul></p></p>', 3),
(64, 'M.SAR.02', 'MANAJEMEN TRANSPORTASI', '<p>Mengatur hubungan dengan mitra kerja\r\n(transportir) secara efisien dan efektif sehingga semua hasil produksi sampai\r\nke tangki timbun/gudang pembeli<br></p>', '<p><p><ul><li><span style="line-height: 1.5em;">Kemampuan teknis pengelolaan\r\nkegiatan pengiriman hasil produksi ke tangki timbun/gudang pembeli</span></li><li><span style="line-height: 1.5em;">Pengetahuan administrasi transportasi (kontrak pengangkutan)</span></li><li><span style="line-height: 1.5em;">Penanganan klaim terhadap\r\ntransportir</span></li></ul></p></p>', 3),
(65, 'M.SAR.03', 'MANAJEMEN PERGUDANGAN', '<p>Kemampuan mengelola serta mengkoordinasikan&nbsp; stok&nbsp;\r\ndan&nbsp; mutu produk pada saat di\r\ngudang dan atau&nbsp; tangki timbun dengan\r\npihak internal maupun eksternal terkait<br></p>', '<p><p><ul><li><span style="line-height: 1.5em;">Pengetahuan\r\nadministrasi pergudangan</span></li><li><span style="line-height: 1.5em;">Kemampuan\r\nteknis pemeliharaan gudang dan tangki timbun</span></li><li><span style="line-height: 1.5em;">Kemampuan\r\nteknis penataan hasil produksi di gudang dan tangki timbun</span></li><li><span style="line-height: 1.5em;">Kemampuan teknis koordinasi dengan instansi terkait (spt: Bea Cukai,\r\nkarantina, pelayaran, EMKL, PT.KPBN, Pelindo,\r\nAsosiasi GAPKINDO, GAPKI, KADIN &amp; DISPERINDAG)</span></li></ul></p></p>', 3),
(66, 'M.SAR.04', 'ANALISA DAN INFORMASI PASAR', '<p>Kemampuan mengakses\r\ninformasi harga bursa dan menyajikan data kondisi pasar&nbsp; ter-<i>update</i>&nbsp; sebagai pertimbangan pengambilan keputusan\r\npenjualan<br></p>', '<p><p><ul><li><span style="line-height: 1.5em;">Pengetahuan perkembangan pasar komoditas kelapa sawit,\r\nkaret dan produk turunannya</span></li><li><span style="line-height: 1.5em;">Kemampuan teknis analisa pasar</span></li><li><span style="line-height: 1.5em;">Kemampuan teknis&nbsp;</span><i style="line-height: 1.5em;">forecasting</i><span style="line-height: 1.5em;"> dan penyusunan harga jual terbaik&nbsp;</span></li></ul></p></p>', 3),
(67, 'M.SAR.05', 'PELAYANAN PELANGGAN', '<p>Kemampuan menjalin\r\nhubungan jangka panjang yang saling menguntungkan dengan pihak pembeli dan\r\nmitra kerja (transportir)<br></p>', '<p><p><ul><li><span style="line-height: 1.5em;">Kemampuan teknis komunikasi dengan pembeli dan mitra kerja\r\n(transportir)</span></li><li><span style="line-height: 1.5em;">Kemampuan teknis pelayanan kebutuhan dan penanganan keluhan pelanggan secara profesional</span></li></ul></p></p>', 3),
(68, 'M.BKU.01', 'PENGELOLAAN TANAMAN', '<p>Kemampuan melakukan pengeloalaan\r\ntanaman &nbsp;plasma, meliputi pembukaan areal, replanting, pemeliharaan tanaman, produksi tanaman, dan mutu produksi<br></p>', '<p><p><ul><li><span style="line-height: 1.5em;">Pengetahuan\r\nteknis perencanaan areal tanaman &amp; replanting</span></li><li><span style="line-height: 1.5em;">Pengetahuan\r\nperencanaan produksi tanaman</span></li><li><span style="line-height: 1.5em;">Pengetahuan teknis pemeliharaan\r\ntanaman</span></li><li><span style="line-height: 1.5em;">Pengetahuan standar mutu produksi</span></li><li><span style="line-height: 1.5em;">Pengetahuan\r\nperemajaan\r\nkebun kelapa sawit</span></li></ul></p></p>', 3),
(69, 'M.BKU.02', 'PENGELOLAAN PROGRAM PLASMA', '<p>Kemampuan melakukan\r\npengelolaan program plasma perusahaan&nbsp;<br></p>', '<p><p><ul><li><span style="line-height: 1.5em;">Pengetahuan Program Revitalisasi Perkebunan</span></li><li><span style="line-height: 1.5em;">Pengetahuan peraturan\r\nperundangan, sistem, dan prosedur pengelolaan plasma/KKPA</span></li><li><span style="line-height: 1.5em;">Kemampuan\r\nteknis inventarisasi kebun plasma, antara lain: status\r\nkepemilikan, kondisi areal, status kredit, dll</span></li><li><span style="line-height: 1.5em;">Kemampuan teknis penyusunan perjanjian/kesepakatan pengelolaan plasma/KKPA</span></li></ul></p></p>', 3),
(70, 'M.BKU.03', 'PENGELOLAAN HUBUNGAN PETANI', '<p>Kemampuan dalam berkomunikasi yang berhubungan\r\ndengan petani plasma/KKPA<br></p>', '<p><p><ul><li><span style="line-height: 1.5em;">Kemampuan teknis sosialisasi pelaksanaan program\r\nrevitalisasi kepada petani plasma/KKPA</span></li><li><span style="line-height: 1.5em;">Pengetahuan sistem\r\natau pola hubungan kemitraan antara petani dengan perusahaan</span></li><li><span style="line-height: 1.5em;">Kemampuan teknis penyusunan program pembinaan petani plasma</span></li></ul></p></p>', 3),
(71, 'M.BKU.04', 'PROSES PENGOLAHAN', '<p>Kemampuan melakukan\r\nmonitoring proses pengolahan dalam\r\nrangka menjaga dan menetapkan pasokan bahan baku<br></p>', '<p><p><ul><li><span style="line-height: 1.5em;">Pengetahuan penetapan\r\nanggaran produksi</span></li><li><span style="line-height: 1.5em;">Pengetahuan penetapan\r\nstandar mutu produk</span></li><li><span style="line-height: 1.5em;">Pengetahuan penetapan mutu bahan baku</span></li><li><span style="line-height: 1.5em;">Pengetahuan proses produksi&nbsp;</span></li></ul></p></p>', 3),
(72, 'M.BKU.05', 'PENGELOLAAN KEUANGAN PLASMA DAN KKPA', '<p>Kemampuan dalam\r\npengelolaan keuangan terkait dengan modal kerja, pembiayaan dan investasi KKPA\r\nsecara efektif dan efisien.<br></p>', '<p><p><ul><li><span style="line-height: 1.5em;">Pengetahuan\r\nmengenai laporan keuangan plasma dan KKPA</span></li><li><span style="line-height: 1.5em;">Pengetahuan tentang pengelolaan modal kerja plasma dan\r\nKKPA</span></li><li><span style="line-height: 1.5em;">Pengetahuan\r\ntentang manajemen akuntansi, termasuk di dalamnya analisis investasi dan\r\nkeputusan pendanaan</span></li></ul></p></p>', 3),
(73, 'M.PNG.01', 'PENGEMBANGAN USAHA TANAMAN', '<p>Kemampuan melaksanakan\r\npengembangan kebun melalui perluasan areal kebun inti/kemitraan maupun akuisisi\r\nareal<br></p>', '<p><p><ul><li><span style="line-height: 1.5em;">Pengetahuan\r\npotensi areal untuk pengembangan tanaman</span></li><li><span style="line-height: 1.5em;">Pengetahuan\r\nkebijakan, sasaran dan prosedur pengembangan tanaman</span></li><li><span style="line-height: 1.5em;">Pengetahuan\r\nkebijakan, sasaran dan proses akuisisi kebun jadi</span></li><li><span style="line-height: 1.5em;">Pengetahuan\r\nmanajemen keuangan (manajemen keuangan untuk non manajer keuangan)</span></li><li><span style="line-height: 1.5em;">Kemampuan menjalin kerja sama dengan perorangan,\r\nkorporasi, dan instansi terkait dalam pengembangan areal tanaman</span></li></ul></p></p>', 3),
(74, 'M.PNG.2', 'PENGEMBANGAN USAHA NON TANAMAN', '<p>Pengembangan usaha untuk\r\nmenambah profitabilitas perusahan&nbsp;<br></p>', '<p><p><ul><li><span style="line-height: 1.5em;">Pengetahuan\r\npotensi pengembangan usaha non tanaman</span></li><li><span style="line-height: 1.5em;">Pengetahuan\r\nmetode analisis kelayakan pengembangan usaha non tanaman</span></li><li><span style="line-height: 1.5em;">Pengetahuan\r\nkebijakan, sasaran, dan prosedur pengembangan usaha non tanaman</span></li><li><span style="line-height: 1.5em;">Pengetahuan\r\nmanajemen keuangan (manajemen keuangan untuk non manajer keuangan)</span></li><li><span style="line-height: 1.5em;">Kemampuan menjalin kerja sama dengan perorangan,\r\nkorporasi, dan instansi terkait dalam pengembangan usaha non tanaman</span></li></ul></p></p>', 3),
(75, 'M.PNG.03', 'PENGELOLAAN ADMINISTRASI PERUSAHAAN PATUNGAN', '<p>Kemampuan melakukan pengelolaan\r\nadministrasi anak perusahaan dan kemitraan yang telah dan akan terbentuk<br></p>', '<p><p><ul><li><span style="line-height: 1.5em;">Pengetahuan\r\npelaporan perkembangan anak perusahaan dan kemitraan</span></li><li><span style="line-height: 1.5em;">Kemampuan teknis koordinasi dengan manajemen\r\nanak perusahaan dan kemitraan dalam hal peningkatan kinerja, penyelesaian\r\npermasalahan, membantu promosi produk yang dihasilkan dan melihat peluang untuk\r\npelaksanaan kerja sama usaha</span></li></ul></p></p>', 3),
(76, 'M.PNG.04', 'STUDI KELAYAKAN', '<p>Kemampuan melakukan analisis kelayakan terhadap pengembangan\r\nusaha<br></p>', '<p><p><ul><li><span style="line-height: 1.5em;">Pengetahuan\r\nmetode analisis kelayakan usaha</span></li><li><span style="line-height: 1.5em;">Pengetahuan\r\nmanajemen keuangan (manajemen keuangan untuk non manajer keuangan)</span></li><li><span style="line-height: 1.5em;">Kemampuan\r\nmenjalin kerja sama dengan perorangan, korporasi dan instansi terkait dalam\r\npengembangan usaha</span></li><li><span style="line-height: 1.5em;">Pengetahuan data &amp; informasi bisnis</span></li></ul></p></p>', 3),
(77, 'M.PNG.05', 'SURVEI', '<p>Melakukan observasi data secara primer maupun\r\nsekunder dalam rangka mendukung aktivitas bisnis maupun\r\npengembangannya<br></p>', '<p><p><ul><li><span style="line-height: 1.5em;">Pengetahuan\r\nregulasi yang berkaitan dengan pengembangan usaha</span></li><li><span style="line-height: 1.5em;">Pengetahuan\r\naspek teknis dan non teknis&nbsp; terhadap objek yang di survei</span></li><li><span style="line-height: 1.5em;">Kemampuan menjalin kerja sama dengan perorangan,\r\nkorporasi, dan instansi terkait kegiatan\r\nsurvei</span></li></ul></p></p>', 3),
(78, 'M.PNG.06', 'NETWORKING USAHA', '<p>Kemampuan membangun kerja sama secara&nbsp; perorangan, korporasi, dan instansi-instasi\r\npemerintahan yang terkait dengan kegiatan pengembangan usaha<br></p>', '<p><p><ul><li><span style="line-height: 1.5em;">Pengetahuan\r\ntentang isu-isu global yang berhubungan dengan kegiatan pengembangan usaha</span></li><li><span style="line-height: 1.5em;">Pengetahuan peraturan-peraturan yang\r\nberkaitan dengan pengembangan usaha</span></li><li><span style="line-height: 1.5em;">Kemampuan\r\nmengkomunikasikan &amp; mempresentasikan rencana\r\nkegiatan pengembangan usaha</span></li><li><span style="line-height: 1.5em;">Kemampuan menjalin kerja sama dengan perorangan,\r\nkorporasi dan instansi-instansi yang terkait dengan\r\npengembangan usaha</span></li></ul></p></p>', 3),
(79, 'M.PBJ.01', 'SURVEY HARGA BARANG', '<p>Kemampuan melakukan survey harga barang sesuai dengan kondisi terkini sebagai pedoman\r\ndalam pembuatan RKAP dan RKO<br></p>', '<p><p><ul><li><span style="line-height: 1.5em;">Ketrampilan\r\nmelakukan rekapitulasi harga realisasi terakhir dari semua jenis pengadaan\r\nbarang</span></li><li><span style="line-height: 1.5em;">Pengetahuan\r\ndan ketrampilan melakukan survey Harga baik secara langsung maupun melalui\r\nmedia cetak dan elektronik.</span></li><li><span style="line-height: 1.5em;">Pengetahuan prinsip-prinsip survey harga</span></li><li><span style="line-height: 1.5em;">Pengetahuan dan ketrampilan\r\npenentuan harga dasar berdasarkan harga survey yang didapat</span></li></ul></p></p>', 3),
(80, 'M.PBJ.02', 'HARGA PERHITUNGAN SENDIRI', '<p>Kemampuan menyusun\r\nharga perkiraan sendiri (HPS) sesuai dengan\r\nperkembangan harga terkini<br></p>', '<p><p><ul><li><span style="line-height: 1.5em;">Pengetahuan\r\ndan ketrampilan membuat HPS sesuai dengan hasil survey yang telah dilakukan\r\nsebelumnya</span></li><li><span style="line-height: 1.5em;">Pengetahuan prinsip-prinsip menyusun dan menetapkan HPS</span></li><li><span style="line-height: 1.5em;">Pengetahuan pembuatan dan\r\npenetapan HPS berdasarkan harga survey yang didapat</span></li></ul></p></p>', 3),
(81, 'M.PBJ.03', 'PENAWARAN HARGA', '<p>Kemampuan membuat RKS untuk permintaan penawaran harga dari pihak rekanan<br></p>', '<p><p><ul><li><span style="line-height: 1.5em;">Pengetahuan dan ketrampilan membuat RKS</span></li><li><span style="line-height: 1.5em;">Pengetahuan prinsip-prinsip\r\npembuatan RKS</span></li></ul></p></p>', 3),
(82, 'M.PBJ.04', 'NEGOSIASI HARGA BARANG/JASA', '<p>Kemampuan melakukan negosiasi harga barang/jasa\r\ndengan calon pemasok jika dalam proses tender tidak ditemukan kesepakatan harga\r\nmaksimal sama dengan HPS yang sudah ditentukan<br></p>', '<p><p><ul><li><span style="line-height: 1.5em;">Pengetahuan dan ketrampilan bernegosiasi</span></li><li><span style="line-height: 1.5em;">Pengetahuan prinsip-prinsip negosiasi harga</span></li><li><span style="line-height: 1.5em;">Pengetahuan penentuan dan\r\npenetapan hasil negosiasi harga&nbsp;\r\nberdasarkan hasil evaluasi penawaran dalam proses tender</span></li></ul></p></p>', 3),
(83, 'M.PBJ.05', 'PERJANJIAN PENGADAAN', '<p>Kemampuan membuat surat perjanjian untuk\r\npekerjaan pengadaan barang yang telah diproses pengadaannya<br></p>', '<p><p><ul><li><span style="line-height: 1.5em;">Pengetahuan dan ketrampilan membuat surat perjanjian</span></li><li><span style="line-height: 1.5em;">Pengetahuan prinsip-prinsip surat perjanjian</span></li><li><span style="line-height: 1.5em;">Pengetahuan penetapan surat\r\nperjanjian sebagai kontrak kerja dengan rekanan</span></li></ul></p></p>', 3),
(84, 'M.PBJ.06', 'DOKUMENTASI', '<p>Kemampuan melakukan dokumentasi setelah proses pengadaan\r\nselesai<br></p>', '<p><p><ul><li><span style="line-height: 1.5em;">Pengetahuan dan ketrampilan sistem dokumentasi</span></li><li><span style="line-height: 1.5em;">Pengetahuan prinsip-prinsip\r\ndokumentasi</span></li></ul></p></p>', 3),
(85, 'M.PBJ.07', 'PENERIMAAN DAN PENDISTRIBUSIAN BARANG', '<p>Kemampuan melakukan administrasi penerimaan &amp; pendistribusian barang dari gudang kantor pusat\r\n(gudang transit) ke bagian atau unit pemesan<br></p>', '<p><p><ul><li><span style="line-height: 1.5em;">Pengetahuan dan ketrampilan sistem pergudangan</span></li><li><span style="line-height: 1.5em;">Pengetahuan prinsip-prinsip penerimaan barang</span></li><li><span style="line-height: 1.5em;">Pengetahuan prinsip-prinsip pendistribusian barang</span></li><li><span style="line-height: 1.5em;">Kemampuan administrasi\r\npergudangan</span></li></ul></p></p>', 3),
(86, 'M.PBJ.08', 'PERSEDIAAN BARANG DI GUDANG', '<p>Kemampuan memonitor jumlah dan jenis barang yang\r\nmasih tersimpan di gudang kantor pusat (gudang transit) dan menginformasikan ke\r\nbagian atau unit yang memesan barang tersebut<br></p>', '<p><p><ul><li><span style="line-height: 1.5em;">Pengetahuan dan ketrampilan untuk memonitor persediaan barang gudang</span></li><li><span style="line-height: 1.5em;">Kemampuan membuat\r\nlaporan persediaan barang di gudang Kantor Pusat (gudang transit) secara\r\nperiodik</span></li><li><span style="line-height: 1.5em;">Kemampuan dan ketrampilan\r\ndalam mengelola persediaan barang yang ada</span></li></ul></p></p>', 3),
(87, 'M.LAH.01', 'MANAJEMEN PENGADAAN', '<p>Kemampuan melakukan\r\nproses pengajuan, pelaksanaan, pengadaan, dan penerimaan barang &amp; jasa\r\ntermasuk administrasinya<br></p>', '<p><p><ul><li><span style="line-height: 1.5em;">Pengetahuan prosedur dan proses permintaan barang dan jasa</span></li><li><span style="line-height: 1.5em;">Pengetahuan prosedur dan proses administrasi pelelangan</span></li><li><span style="line-height: 1.5em;">Pengetahuan prosedur dan proses penerimaan barang dan jasa</span></li><li><span style="line-height: 1.5em;">Pengetahuan alokasi\r\nanggaran dan penggunaan biaya</span></li></ul></p></p>', 3),
(88, 'M.LAH.02', 'MANAJEMEN PERAWATAN', '<p>Kemampuan\r\nmerencanakan, melaksanakan, mengevaluasi, dan mengembangkan proses pengolahan<br></p>', '<p><p><ul><li><span style="line-height: 1.5em;">Pengetahuan alur proses pengolahan</span></li><li><span style="line-height: 1.5em;">Pengetahuan parameter dan norma teknis pengolahan serta\r\npemakaian energi/utilitas olah</span></li><li><span style="line-height: 1.5em;">Pengetahuan pengoperasian dan pemeliharaan alat proses (</span><i style="line-height: 1.5em;">preventive maintenance</i><span style="line-height: 1.5em;">)</span></li><li><span style="line-height: 1.5em;">Pengendalian proses dan jaminan kualitas (QA &amp; QC)</span></li><li><span style="line-height: 1.5em;">Penyimpanan produksi/hasil&nbsp; olah</span></li><li><span style="line-height: 1.5em;">Alokasi anggaran dan biaya proses olah</span></li></ul></p></p>', 3),
(89, 'M.LAH.03', 'MANAJEMEN QUALITY CONTROL', '<p>Kemampuan mengelola<i>quality control</i>, meliputi:\r\nimplementasi, pengawasan dan evaluasi hasil <i>quality\r\ncontrol</i>, untuk proses olah serta produk turunannya<br></p>', '<p><p><ul><li><span style="line-height: 1.5em;">Pengetahuan\r\nhasil </span><i style="line-height: 1.5em;">quality control</i><span style="line-height: 1.5em;"> (data\r\nquality) dan pengelolaannya</span></li><li><span style="line-height: 1.5em;">Pengetahuan\r\nimplementasi hasil </span><i style="line-height: 1.5em;">quality control</i><span style="line-height: 1.5em;">\r\nuntuk proses produksi dan turunannya (premi produksi)</span></li><li><span style="line-height: 1.5em;">Pengetahuan\r\nadministrasi dan pelaporan </span><i style="line-height: 1.5em;">quality control</i></li><li><span style="line-height: 1.5em;">Pengetahuan standard/parameter\r\nangka angka pengawasan mutu</span></li><li><span style="line-height: 1.5em;">Teknik pengendalian mutu</span></li></ul></p></p>', 3),
(90, 'M.LAH.05', 'SISTEM MANAJEMEN MUTU  LINGKUNGAN & SUSTAINABLE PALM OIL', '<p>Kemampuan\r\nmerencanakan, melaksanakan, mengevaluasi dan mengembangkan sistem manajemen\r\nmutu - lingkungan &amp;&nbsp;<i>sustainable palm oil</i> di\r\nbidang tanaman maupun pengolahan.<br></p>', '<p><p><ul><li><span style="line-height: 1.5em;">Pengetahuan\r\ntentang standar/pedoman sistem manajemen mutu - lingkungan &amp; </span><i style="line-height: 1.5em;">sustainable palm oil</i></li><li><span style="line-height: 1.5em;">Pengetahuan\r\npenerapan sistem (SNI, ISO 9000 dan ISO 14000, ISPO, RSPO)</span></li><li><span style="line-height: 1.5em;">Pengetahuan pelaksanaan audit sistem (SNI, , ISO\r\n9000 dan ISO 14000, ISPO, RSPO)</span></li></ul></p></p>', 3),
(91, 'M.LAH.05', 'PENGELOLAAN DAN PEMANTAUAN LINGKUNGAN', '<p>Kemampuan merencanakan, melaksanakan, mengevaluasi, serta &nbsp;mengembangkan teknik pengelolaan dan\r\npemantauan lingkungan.<br></p>', '<p><p><ul><li><span style="line-height: 1.5em;">Pengetahuan\r\ntentang perlindungan dan pengelolaan lingkungan hidup</span></li><li><span style="line-height: 1.5em;">Pengetahuan\r\ntentang persyaratan kegiatan wajib dokumen kajian lingkungan (AMDAL, UKL-UPL)</span></li><li><span style="line-height: 1.5em;">Pengetahuan\r\ntentang teknologi pengelolaan limbah padat, cair, dan gas serta dampak sosial</span></li><li><span style="line-height: 1.5em;">Pengetahuan\r\ntentang pengelolaan limbah B3 (bahan beracun dan berbahaya)</span></li><li><span style="line-height: 1.5em;">Pengetahuan tentang kebijakan, peraturan\r\nperundangan-undangan terkait perlindungan dan pengelolaan lingkungan hidup</span></li></ul></p></p>', 3),
(92, 'M.LAH.06', 'SISTEM MANAJEMEN KESEHATAN DAN KESELAMATAN KERJA (SMK3)', '<p>Kemampuan\r\nmelaksanakan SMK3<br></p>', '<p><p><ul><li><span style="line-height: 1.5em;">Pengetahuan SMK3</span></li><li><span style="line-height: 1.5em;">Ketrampilan mengidentifikasi bahaya dan penilaian resiko</span></li><li><span style="line-height: 1.5em;">Pengetahuan\r\nperundang-undangan berkaitan dengan SMK3</span></li></ul></p></p>', 3),
(93, 'M.LAH.07', 'MANAJEMEN PABRIK	', '<p>Kemampuan mengelola\r\nsumber daya pabrik sehingga proses produksi dapat dilaksanakan secara efektif\r\ndan efisien<br></p>', '<p><p><ul><li><span style="line-height: 1.5em;">Pengetahuan kualitas dan kuantitas bahan baku</span></li><li><span style="line-height: 1.5em;">Pengetahuan pelaksanaan proses produksi dan SOP</span></li><li><span style="line-height: 1.5em;">Pengetahuan pengendalian </span><i style="line-height: 1.5em;">losses</i><span style="line-height: 1.5em;">\r\ndan pencapaian efisiensi pabrik</span></li><li><span style="line-height: 1.5em;">Pengetahuan kebutuhan, jenis, penggunaan bahan/material dan alat pembantu\r\nproses</span></li><li><span style="line-height: 1.5em;">Pengetahuan prosedur administrasi dan pelaporan</span></li><li><span style="line-height: 1.5em;">Pengetahuan manajemen pengiriman produksi</span></li><li><span style="line-height: 1.5em;">Pengetahuan pengajuan\r\nanggaran, pengendalian, dan evaluasi biaya (RKAP/RKO)</span></li></ul></p></p>', 3),
(94, 'M.PKB.01', 'PENILAIAN CALON MITRA BINAAN', '<p>Kemampuan\r\nmelakukan penilaian melalui survei/seleksi terhadap UMKM (calon mitra binaan),\r\nsebagai dasar pertimbangan pemberian pinjaman dan besaran pinjaman untuk\r\nmendorong percepatan kemajuan usahanya<br></p>', '<p><p><ul><li><span style="line-height: 1.5em;">Pengetahuan perkembangan jenis UMKM</span></li><li><span style="line-height: 1.5em;">Pengetahuan format dan isi permohonan\r\npengajuan kredit UMKM</span></li><li><span style="line-height: 1.5em;">Pengetahuan strategi </span><i style="line-height: 1.5em;">assesment </i><span style="line-height: 1.5em;">penjaringan\r\nUMKM</span></li><li><span style="line-height: 1.5em;">Pengetahuan penilaian lingkungan UMKM</span></li><li><span style="line-height: 1.5em;">Pengetahuan pembukuan dan akuntansi</span></li><li><span style="line-height: 1.5em;">Pengetahuan aspek\r\nlegal usaha UMKM</span></li></ul></p></p>', 3),
(95, 'M.PKB.02', 'PEMBINAAN MITRA BINAAN', '<p>Kemampuan\r\nmelakukan pembinaan terhadap mitra binaan untuk membentuk sikap, perilaku serta\r\npeningkatan pengetahuan menuju perilaku kewirausahaan yang etis dan\r\nprofessional<br></p>', '<p><p><ul><li><span style="line-height: 1.5em;">Pengetahuan strategi pendekatan pembinaan mitra</span></li><li><span style="line-height: 1.5em;">Pengetahuan pengembangan usaha dan promosi produk usaha kecil menengah</span></li><li><span style="line-height: 1.5em;">Kemampuan teknis pengembangan teknis &amp; materi diklat manajemen\r\nusaha kecil menengah</span></li></ul></p></p>', 3),
(96, 'M.PKB.03', 'PELAPORAN PROGRAM UMKM', '<p>Kemampuan\r\nmelakukan penyusunan laporan pelaksanaan Program UMKM<br></p>', '<p><p><ul><li><span style="line-height: 1.5em;">Pengetahuan kinerja Program UMKM</span></li><li><span style="line-height: 1.5em;">Pengetahuan administrasi Program UMKM</span></li><li><span style="line-height: 1.5em;">Pengetahuan pelaporan periodik Program UMKM</span></li><li><span style="line-height: 1.5em;">Pengetahuan akuntansi &amp; keuangan</span></li><li><span style="line-height: 1.5em;">Kemampuan\r\nteknis\r\nmonitoring angsuran mitra binaan</span></li></ul></p></p>', 3),
(97, 'M.PKB.04', 'PENANGANAN PINJAMAN ', '<p>Kemampuan\r\nmenangani pinjaman kategori macet&nbsp;<br></p>', '<p><p><ul><li><span style="line-height: 1.5em;">Pengetahuan\r\nteknis penanganan pinjaman kategori macet</span></li><li><span style="line-height: 1.5em;">Pengetahuan\r\nkinerja Program UMKM</span></li><li><span style="line-height: 1.5em;">Kemampuan teknis monitoring angsuran mitra binaan</span></li><li><span style="line-height: 1.5em;">Kemampuan teknis pemetaan kondisi dan kualitas\r\nmitra binaan&nbsp;</span></li></ul></p></p>', 3),
(98, 'M.PKB.05', 'PENILAIAN OBYEK BINA LINGKUNGAN', '<p>Kemampuan\r\nmelakukan penilaian obyek yang layak mendapatkan bantuan bina lingkungan<br></p>', '<p><p><ul><li><span style="line-height: 1.5em;">Pengetahuan kriteria kebutuhan\r\nmasyarakat</span></li><li><span style="line-height: 1.5em;">Pengetahuan format dan isi permohonan bantuan</span></li><li><span style="line-height: 1.5em;">Pengetahuan metode\r\npemberian bantuan bina lingkungan&nbsp;</span></li></ul></p></p>', 3),
(99, 'M.PKB.06', 'MONITORING BANTUAN BINA LINGKUNGAN ', '<p>Kemampuan\r\nmelakukan monitoring terhadap pemberian bantuan Bina\r\nLingkungan<br></p>', '<p><p><ul><li><span style="line-height: 1.5em;">Pengetahuan teknis pelaksanaan penyerahan bantuan&nbsp;</span></li><li><span style="line-height: 1.5em;">Pengetahuan\r\nadministrasi penyerahan bantuan&nbsp;</span></li></ul></p></p>', 3),
(100, 'M.PKB.07', 'ADMINISTRASI PKBL', '<p>Kemampuan\r\nmelakukan\r\nkegiatan administrasi yang berhubungan dengan rencana dan pelaksanaan PKBL,\r\nantara lain perencanaan kerja &amp; anggaran, perjanjian, penyaluran, pembukuan dsb<br></p>', '<p><p><ul><li><span style="line-height: 1.5em;">Pengetahuan penyusunan RKA &amp; RJP PKBL</span></li><li><span style="line-height: 1.5em;">Pengetahuan kinerja PKBL</span></li><li><span style="line-height: 1.5em;">Pengetahuan pelaporan PKBL</span></li><li><span style="line-height: 1.5em;">Pengetahuan legalitas perjanjian kredit</span></li><li><span style="line-height: 1.5em;">Pengetahuan teknis\r\nmonitoring PKBL</span></li><li><span style="line-height: 1.5em;">Pengetahuan akuntansi\r\ndan keuangan&nbsp;</span></li></ul></p></p>', 3),
(101, 'M.KIT.01', 'PENATALAKSANAAN PENDERITA GAWAT DARURAT', '<p>Kemampuan\r\nmelakukan penanganan dan tindakan terhadap penderita gawat darurat<br></p>', '<p><p><ul><li><span style="line-height: 1.5em;">Pengetahuan\r\nstandar pelayanan medik di unit gawat darurat:</span></li><ul><li><span style="line-height: 1.5em;">Pengetahuan\r\nmengenai pengenalan, penilaian dan pengelolaan awal terhadap penderita gawat\r\ndarurat (</span><i style="line-height: 1.5em;">initial assesment</i><span style="line-height: 1.5em;">)</span></li><li><span style="line-height: 1.5em;">Pengetahuan,dan\r\nkemampuan tentang Penanggulangan dan tindakan&nbsp;\r\nPenderita Gawat Darurat/PPGD dan </span><i style="line-height: 1.5em;">Basic\r\nLife Support</i><span style="line-height: 1.5em;">/BLS</span></li><li><span style="line-height: 1.5em;">Ketrampilan\r\nmelakukan tindakan terhadap jenis-jenis keadaan&nbsp; gawat darurat yang di jumpai dan\r\nketrampilan melakukan tindakan resusitasi jantung dan paru</span></li><li><span style="line-height: 1.5em;">Pengetahuan\r\ndan ketrampilan dalam mengoperasikan sarana medis dan peralatan medis dalam menunjang\r\npengelolaan kegawatdaruratan</span></li></ul><li><span style="line-height: 1.5em;">Pengetahuan </span><i style="line-height: 1.5em;">patient safety</i></li><li><span style="line-height: 1.5em;">Pengetahuan syarat administrasi (STR, Surat Ijin\r\nPraktek/SIP)</span></li></ul></p></p>', 3),
(102, 'M.KIT.02', 'PENATALAKSANAAN PELAYANAN MEDIK', '<p>Kemampuan\r\nmelakukan penatalaksanaan pelayanan medik<br></p>', '<p><p><ul><li><span style="line-height: 1.5em;">Pengetahuan&nbsp; standar&nbsp;\r\npelayanan&nbsp; medik meliputi kemampuan mendiagnosa penyakit,\r\nmelakukan terapi dan tindakan medis</span></li><li><span style="line-height: 1.5em;">Pengetahuan terhadap\r\nkeamanan pasien (</span><i style="line-height: 1.5em;">Patient Safety</i><span style="line-height: 1.5em;">) dan&nbsp; Keamanan diri sendiri (</span><i style="line-height: 1.5em;">Self Safety</i><span style="line-height: 1.5em;">)</span></li><li><span style="line-height: 1.5em;">Pengetahuan\r\nmengenai sarana medis dan peralatan medis dalam menunjang pelayanan medik</span></li><li><span style="line-height: 1.5em;">Pengetahuan syarat administrasi (STR, Surat Ijin\r\nPraktek/SIP)</span></li></ul></p></p>', 3),
(103, 'M.KIT.03', 'PENATALAKSANAAN PELAYANAN PENUNJANG MEDIK', '<p>Kemampuan\r\nmelakukan penatalaksanaan pelayanan\r\npenunjang medik<br></p>', '<p></p><p>Pengetahuan pelayanan penunjang medik, meliputi:</p><p></p><p><ul><li><span style="line-height: 1.5em;">Pengetahuan tentang SOP pelayanan Laboratorium</span></li><li><span style="line-height: 1.5em;">Pengetahuan tentang SOP pelayanan Farmasi</span></li><li><span style="line-height: 1.5em;">Pengetahuan tentang SOP pelayanan Gizi</span></li><li><span style="line-height: 1.5em;">Pengetahuan tentang SOP pelayanan Radiologi</span></li><li><span style="line-height: 1.5em;">Pengetahuan tentang SOP pelayanan Kamar operasi</span></li><li><span style="line-height: 1.5em;">Pengetahuan tentang SOP pelayanan Fisioterapi</span></li><li><span style="line-height: 1.5em;">Pengetahuan tentang SOP pelayanan ICU (</span><i style="line-height: 1.5em;">Intensive Care Unit</i><span style="line-height: 1.5em;">)</span></li><li><span style="line-height: 1.5em;">Pengetahuan tentang SOP rawat jalan</span></li><li><span style="line-height: 1.5em;">Pengetahuan tentang SOP rawat inap</span></li><li><span style="line-height: 1.5em;">Pengetahuan tentang SOP Unit Kebidanan dan Kandungan</span></li><li><span style="line-height: 1.5em;">Pengetahuan tentang SOP pelayanan\r\nRuang Post Operasi (RPO)</span></li><li><span style="line-height: 1.5em;">Pengetahuan tentang SOP Rekam Medik</span></li><li>Pengetahuan tentang SOP Perawatan Neo Natal.</li></ul></p><p></p><p></p>', 3),
(104, 'M.KIT.04', 'PERATURAN PERUNDANG-UNDANGAN KESEHATAN', '<p>Kemampuan&nbsp; memahami&nbsp;\r\nserta&nbsp; melaksanakan&nbsp; peraturan&nbsp;\r\nperundang- undangan kesehatan<br></p>', '<p><p><ul><li><span style="line-height: 1.5em;">Pengetahuan\r\nperaturan perundang-undangan kesehatan</span></li><li><span style="line-height: 1.5em;">Pengetahuan tentang\r\nkepmen (Keputusan Menteri Kesehatan)</span></li></ul></p></p>', 3),
(105, 'M.KIT.05', 'KODE ETIK PROFESI DAN MEDIKO LEGAL', '<p><span style="line-height: 1.5em;">Kemampuan\r\n&nbsp;memahami&nbsp;\r\nserta&nbsp; melaksanakanKode Etik\r\nProfesi dan Mediko Legal</span><br></p>', '<p><p><ul><li><span style="line-height: 1.5em;">Pengetahuan Kode\r\nEtik Profesi</span></li><li><span style="line-height: 1.5em;">Pengetahuan Mediko Legal</span></li></ul></p></p>', 3),
(106, 'M.KIT.06', 'SISTEM INFORMASI MANAJEMEN (SIM) RS', '<p>Kemampuan\r\nmelakukan teknik komunikasi dan SIM<br></p>', '<p><p><ul><li><span style="line-height: 1.5em;">Pengetahuan entri data</span></li><li><span style="line-height: 1.5em;">Pengetahuan pengolahan data</span></li><li><span style="line-height: 1.5em;">Kemampuan teknis\r\npenyusunan laporan</span></li></ul></p></p>', 3),
(107, 'M.KIT.07', 'PATIENT SAFETY', '<p>Kemampuan\r\nmelakukan <i>patient safety</i> (keselamatan pasien) sehingga membuat asuhan\r\npasien lebih aman<br></p>', '<p><p><ul><li><span style="line-height: 1.5em;">Pengetahuan sistem dan standar&nbsp;</span><i style="line-height: 1.5em;">patient safety</i></li><li><span style="line-height: 1.5em;">Pengetahuan risiko pasien</span></li><li><span style="line-height: 1.5em;">Kemampuan teknis\r\npenanganan/tindakan penanganan insiden</span></li></ul></p></p>', 3),
(108, 'M.KIT.08', 'ASUHAN KEPERAWATAN', '<p>Kemampuan\r\nmelakukan teknis dan prosedur\r\nasuhan keperawatan<br></p>', '<p><p><ul><li><span style="line-height: 1.5em;">Pengetahuan teknis dan standar asuhan keperawatan</span></li><li><span style="line-height: 1.5em;">Pengetahuan </span><i style="line-height: 1.5em;">patient safety</i></li></ul></p></p>', 3),
(109, 'M.KIT.09', 'ASUHAN KEBIDANAN', '<p>Kemampuan\r\nmelakukan teknis dan prosedur\r\nasuhan Kebidanan<br></p>', '<p><p><ul><li><span style="line-height: 1.5em;">Pengetahuan asuhan kebidanan, asuhan\r\npersalinan normal (APN) dan manajemen terpadu balita sakit (MTBS) serta\r\nPengenalan Kehamilan yang tidak normal yang harus di rujuk persalinannya ke\r\nDokter Spesialis Kebidanan</span></li><li><span style="line-height: 1.5em;">Pengetahuan </span><i style="line-height: 1.5em;">patient safety</i></li></ul></p></p>', 3),
(110, 'M.KIT.10', 'HIPERKES', '<p>Kemampuan\r\nmelaksanakan konsep hiperkes<br></p>', '<p><p><ul><li><span style="line-height: 1.5em;">Pengetahuan konsep hiperkes meliputi:</span></li><ul><li><span style="line-height: 1.5em;">Hygiene perusahaan</span></li><li><span style="line-height: 1.5em;">K3(Keselamatan Kesehatan\r\nKerja)</span></li></ul></ul></p></p>', 3),
(111, 'M.KIT.11', 'PELAYANAN PENUNJANG NON MEDIS', '<p>Kemampuan\r\nmelaksanakan pelayanan penunjang non medis<br></p>', '<p><p><ul><li><span style="line-height: 1.5em;">Pengetahuan tata kelola pelayanan penunjang\r\nnon medis:</span></li><ul><li><span style="line-height: 1.5em;">Pengetahuan tata kelola lingkungan dan limbah\r\nrumah sakit</span></li><li><span style="line-height: 1.5em;">Pengetahuan tata kelola Laundry</span></li><li><span style="line-height: 1.5em;">Pengetahuan pemeliharaan\r\nfisik dan sarana transportasi</span></li></ul></ul></p></p>', 3),
(112, 'M.KIT.12', 'TATA KELOLA RUJUKAN', '<p>Kemampuan\r\nmelaksanakan SOP rujukan<br></p>', '<p><ul><li><span style="line-height: 1.5em;">Pengetahuan\r\nSOP rujukan ke Dokter Spesialis</span><br></li></ul></p>', 3),
(113, 'M.UUB.11', 'MANAJEMEN PENGADAAN ', '<p>Kemampuan melakukan\r\nproses pengajuan, pelaksanaan, pengadaan, dan penerimaan barang &amp; jasa\r\ntermasuk administrasinya<br></p>', '<p><p><ul><li><span style="line-height: 1.5em;">Pengetahuan prosedur dan proses permintaan barang dan jasa</span></li><li><span style="line-height: 1.5em;">Pengetahuan prosedur dan proses administrasi pelelangan</span></li><li><span style="line-height: 1.5em;">Pengetahuan prosedur dan proses penerimaan barang dan jasa</span></li><li><span style="line-height: 1.5em;">Pengetahuan alokasi\r\nanggaran dan penggunaan biaya</span></li></ul></p></p>', 3),
(114, 'M.UUB.12', 'AKUNTANSI KEUANGAN', '<p>Kemampuanmelaksanakan siklus akuntansi mulai dari\r\nanalisis transaksi sampai dengan penyajian laporan keuangan<br></p>', '<p><p><ul><li><span style="line-height: 1.5em;">Pengetahuanklasifikasi&nbsp; danfungsi rekening (akun/perkiraan)\r\nmeliputi pos laba rugi dan posisi keuangan (neraca)</span></li><li><span style="line-height: 1.5em;">Keterampilan\r\nmelakukan penjurnalan dan posting transaksi atau kejadian akuntansi lainnya</span></li><li><span style="line-height: 1.5em;">Pengetahuan&nbsp; penyusunan&nbsp;\r\nlaporan&nbsp; keuangan&nbsp; meliputi&nbsp;\r\nlaporan posisi keuangan (neraca), laba-rugi, perubahan ekuitas, arus kas\r\nserta catatan atas laporan keuangan dan laporan pendukung</span></li><li><span style="line-height: 1.5em;">Pengetahuankebijakan akuntansi yang berlaku\r\numum, meliputi kebijakan akuntansi perusahaan dan PSAK (Pedoman Standar\r\nAkuntansi Keuangan) dan Pedoman Akuntansi BUMN Perkebunan yang berbasis IFRS</span></li></ul></p></p>', 3),
(115, 'M.UUB.14', 'PERPAJAKAN', '<p>Kemampuan&nbsp; memahami&nbsp; ketentuan umum perpajakan dan melaksanakan sistem administrasi perpajakan yang&nbsp; berlaku&nbsp;\r\nberkaitan dengan kegiatan perusahaan<br></p>', '<p><p><ul><li><span style="line-height: 1.5em;">Pengetahuan\r\nketentuan umum perpajakan beserta aplikasinya</span></li><li><span style="line-height: 1.5em;">Pengetahuan penerapan administrasi perpajakan</span></li></ul></p></p>', 3),
(116, 'M.UUB.15', 'AKUNTANSI MANAJEMEN', '<p>Pengetahuan dan kemampuan memahami dan\r\nmenganalisis informasi akuntansi manajemen<br></p>', '<p><p><ul><li><span style="line-height: 1.5em;">Pengetahuan\r\nanalisis pendapatan mengenai Laporan Manajemen</span></li><li><span style="line-height: 1.5em;">Pengetahuan pengendalian biaya mengenai alat analisis dalam akuntansi manajemen</span></li></ul></p></p>', 3),
(117, 'M.UUB.16', 'VERIFIKASI', '<p>Pengetahuan dan kemampuan memverifikasi\r\ndokumen/bukti transaksi serta sistem dan prosedur akuntansi<br></p>', '<p><ul><li><span style="line-height: 1.5em;">Pengetahuan validasi\r\nkeabsahan dan kelengkapan dokumen transaksi yang dilakukan oleh perusahaan</span><br></li></ul></p>', 3),
(118, 'M.UUB.17', 'ADMINISTRASI PERSONALIA', '<p>Kemampuan mengelola sistem administrasi personalia\r\nmulai dari penerimaan s.d. pengakhiran hubungan kerja&nbsp;<br></p>', '<p><p><ul><li><span style="line-height: 1.5em;">Pengetahuan\r\nsistem administrasi personalia</span></li><li><span style="line-height: 1.5em;">Kemampuan teknis pengelolaan data personalia</span></li></ul></p></p>', 3),
(119, 'M.UUB.18', 'HUBUNGAN INDUSTRIAL', '<p>Kemampuan menciptakan Hubungan Industrial (HI) yang\r\nharmonis, dinamis, dan berkeadilan di perusahaan<br></p>', '<p><p><ul><li><span style="line-height: 1.5em;">Pengetahuan\r\nperaturan perundang-undangan terkait HI</span></li><li><span style="line-height: 1.5em;">Pengetahuan\r\nsistem Hubungan Industrial</span></li><li><span style="line-height: 1.5em;">Pengetahuan\r\nperan dan posisi Serikat Pekerja, LKS Bipartit dan Tripartit</span></li><li><span style="line-height: 1.5em;">Pengetahuan\r\nPerjanjian Kerja Bersama</span></li><li><span style="line-height: 1.5em;">Kemampuan teknis penyelesaian perselisihan\r\nHubungan Industrial&nbsp;</span></li></ul></p></p>', 3),
(120, 'M.UUB.20', 'PERENCANAAN TENAGA KERJA', '<p>Kemampuan melakukan perencanaan pemenuhan\r\nkebutuhan tenaga kerja, baik fisik, biaya maupun kompetensi untuk jangka\r\npendek, menengah dan panjang (RKO, RKAP &amp; RJP)<br></p>', '<p><p><ul><li><span style="line-height: 1.5em;">Pengetahuan kebutuhan formasi tenaga kerja</span></li><li><span style="line-height: 1.5em;">Pengetahuan\r\nstandar kompetensi sesuai bidang kerja</span></li><li><span style="line-height: 1.5em;">Pengetahuan penyusunan RKO, RKAP &amp; RJP</span></li></ul></p></p>', 3),
(121, 'M.UUB.21', 'SISTEM MANAJEMEN KESEHATAN DAN KESELAMATAN KERJA (SMK3)', '<p>Kemampuan\r\nmelaksanakan SMK3<br></p>', '<p><p><ul><li><span style="line-height: 1.5em;">Pengetahuan SMK3</span></li><li><span style="line-height: 1.5em;">Ketrampilan mengidentifikasi bahaya dan penilaian resiko</span></li><li><span style="line-height: 1.5em;">Pengetahuan\r\nperundang-undangan berkaitan dengan SMK3</span></li></ul></p></p>', 3),
(122, 'M.UUB.22', 'MASYARAKAT & LINGKUNGAN UNIT', '<p>Kemampuan\r\nmengidentifikasi sosial budaya, membangun pola hubungan, serta membina&nbsp; kerja sama dengan masyarakat dan lingkungan\r\nsekitar unit dalam rangka mendukung kelancaran kegiatan&nbsp; teknis dan produksi&nbsp;<br></p>', '<p><p><ul><li><span style="line-height: 1.5em;">Pengetahuan\r\nsosial &amp; budaya masyarakat</span></li><li><span style="line-height: 1.5em;">Pengetahuan pola hubungan Pemerintah Daerah</span></li><li><span style="line-height: 1.5em;">Pengetahuan pola hubungan\r\norganisasi kemasyarakatan</span></li></ul></p></p>', 3),
(123, 'M.SAP.01', 'MANAJEMEN PETERNAKAN SAPI-SAWIT', '<p>Kemampuan\r\nmengelola sumber daya dan kegiatan peternakan sapi untuk menghasilkan <i>performance </i>&nbsp;ternak sapi dan produksi sesuai norma maupun potensi<br></p>', '<p><p><ul><li><span style="line-height: 1.5em;">Pengetahuankonsep peternakan integrasi sapi -sawit</span></li><li><span style="line-height: 1.5em;">Pengetahuan teknis pengelolaan\r\nkandang</span></li><li><span style="line-height: 1.5em;">Pengetahuan teknis pengelolaan\r\npakan</span></li><li><span style="line-height: 1.5em;">Pengetahuan teknisproduksi (penggemukan &amp; pembiakan) sapi</span></li><li><span style="line-height: 1.5em;">Pengetahuan\r\nadministrasi dan pelaporan usaha</span></li></ul></p></p>', 3),
(124, 'M.SAP.02', 'PERATURAN PETERNAKAN SAPI', '<p>Kemampuan memahami prinsip\r\ndan implementasi peraturan perundangan yang berkaitan dengan usaha peternakan\r\nsapi<br></p>', '<p><p>Pengetahuan peraturan\r\nperundangan dan standarisasi yang terkait ternak dan usaha peternakan sapi,\r\nantara lain:</p><p><ul><li><span style="line-height: 1.5em;">Perundang-undangan peternakan dan kesehatan hewan</span></li><li><span style="line-height: 1.5em;">Peraturan usaha peternakan</span></li><li><span style="line-height: 1.5em;">Peraturan teknis: bibit, pakan, dan penyakit ternak</span></li><li><span style="line-height: 1.5em;">Peraturan\r\npengelolaan limbah peternakan</span></li><li><span style="line-height: 1.5em;">Standar nasional pakan</span></li></ul></p></p>', 3),
(125, 'M.SAP.03', 'PENGELOLAAN LIMBAH', '<p>Kemampuan mengendalikan\r\ndan mengelola limbah peternakan untuk menghasilkan kinerja dan produksi ternak\r\nsapi yang aman bagi lingkungan serta sesuai norma dan peraturan yang ada<br></p>', '<p><p><ul><li><span style="line-height: 1.5em;">Pengetahuan jenis, prinsip, metode, pengukuran, dan teknik pengendalian\r\nlimbah peternakan</span></li><li><span style="line-height: 1.5em;">Pengetahuan peraturan dan standar pengengendalian limbah peternakan</span></li><li><span style="line-height: 1.5em;">Kemampuan teknis pengolahan\r\nlimbah ternak</span></li></ul></p></p>', 3),
(126, 'M.UUB.13', 'AKUNTANSI KEUANGAN', '<p>Kemampuan melaksanakan siklus akuntansi mulai dari analisis transaksi sampai dengan penyajian laporan keuangan<br></p>', '<p><p><ul><li><span style="line-height: 1.5em;">Pengetahuanklasifikasi&nbsp; danfungsi rekening (akun/perkiraan) meliputi\r\npos laba rugi dan posisi keuangan (neraca)</span></li><li><span style="line-height: 1.5em;">Keterampilan\r\nmelakukan penjurnalan dan posting transaksi atau kejadian akuntansi lainnya</span></li><li><span style="line-height: 1.5em;">Pengetahuan&nbsp; penyusunan&nbsp;\r\nlaporan&nbsp; keuangan&nbsp; meliputi&nbsp;\r\nlaporan posisi keuangan (neraca), laba-rugi, perubahan ekuitas, arus kas\r\nserta catatan atas laporan keuangan dan laporan pendukung</span></li><li><span style="line-height: 1.5em;">Pengetahuankebijakan akuntansi yang berlaku\r\numum, meliputi kebijakan akuntansi perusahaan dan PSAK (Pedoman Standar\r\nAkuntansi Keuangan) dan Pedoman Akuntansi BUMN Perkebunan yang berbasis IFRS</span></li></ul></p></p>', 3),
(127, 'M.UUB.19', 'HUBUNGAN INDUSTRIAL', '<p>Kemampuan menciptakan Hubungan Industrial (HI) yang\r\nharmonis, dinamis, dan berkeadilan di perusahaan<br></p>', '<p><p><ul><li><span style="line-height: 1.5em;">Pengetahuan\r\nperaturan perundang-undangan terkait HI</span></li><li><span style="line-height: 1.5em;">Pengetahuan\r\nsistem Hubungan Industrial</span></li><li><span style="line-height: 1.5em;">Pengetahuan\r\nperan dan posisi Serikat Pekerja, LKS Bipartit dan Tripartit</span></li><li><span style="line-height: 1.5em;">Pengetahuan\r\nPerjanjian Kerja Bersama</span></li><li><span style="line-height: 1.5em;">Kemampuan teknis penyelesaian perselisihan\r\nHubungan Industrial&nbsp;</span></li></ul></p></p>', 3),
(128, 'M.UUB.21', 'PERENCANAAN TENAGA KERJA', '<p>Kemampuan melakukan perencanaan pemenuhan kebutuhan tenaga kerja,\r\nbaik fisik, biaya maupun kompetensi untuk jangka pendek, menengah dan panjang (RKO,\r\nRKAP &amp; RJP)<br></p>', '<p></p><p><ul><li><span style="line-height: 1.5em;">Pengetahuan kebutuhan formasi tenaga kerja</span></li><li><span style="line-height: 1.5em;">Pengetahuan standar kompetensi sesuai\r\nbidang kerja</span></li><li>Pengetahuan penyusunan RKO, RKAP &amp; RJP</li></ul></p><p></p>', 3),
(129, 'M.UUB.12', 'MANAJEMEN PENGADAAN ', '<p>Kemampuan melakukan\r\nproses pengajuan, pelaksanaan, pengadaan, dan penerimaan barang &amp; jasa\r\ntermasuk administrasinya<br></p>', '<p><p><ul><li><span style="line-height: 1.5em;">Pengetahuan prosedur dan proses permintaan barang dan jasa</span></li><li><span style="line-height: 1.5em;">Pengetahuan prosedur dan proses administrasi pelelangan</span></li><li><span style="line-height: 1.5em;">Pengetahuan prosedur dan proses penerimaan barang dan jasa</span></li><li><span style="line-height: 1.5em;">Pengetahuan alokasi\r\nanggaran dan penggunaan biaya</span></li></ul></p></p>', 3),
(130, 'M.UUB.15', 'PERPAJAKAN', '<p>Kemampuan&nbsp; memahami&nbsp; ketentuan umum perpajakan dan melaksanakan sistem administrasi perpajakan yang&nbsp; berlaku berkaitan dengan kegiatan perusahaan<br></p>', '<p><p><ul><li><span style="line-height: 1.5em;">Pengetahuan\r\nketentuan umum perpajakan beserta aplikasinya</span></li><li><span style="line-height: 1.5em;">Pengetahuan penerapan administrasi perpajakan</span></li></ul></p></p>', 3),
(131, 'M.UUB.16', 'AKUNTANSI MANAJEMEN', '<p>Pengetahuan dan kemampuan memahami dan menganalisis informasi akuntansi manajemen<br></p>', '<p><p><ul><li><span style="line-height: 1.5em;">Pengetahuan\r\nanalisis pendapatan mengenai Laporan Manajemen</span></li><li><span style="line-height: 1.5em;">Pengetahuan pengendalian biaya mengenai alat analisis dalam akuntansi\r\nmanajemen</span></li></ul></p></p>', 3),
(132, 'M.UUB.17', 'VERIFIKASI', '<p>Pengetahuan dan kemampuan memverifikasi dokumen/bukti transaksi serta sistem dan prosedur akuntansi<br></p>', '<p><ul><li><span style="line-height: 1.5em;">Pengetahuan validasi\r\nkeabsahan dan kelengkapan dokumen transaksi yang dilakukan oleh perusahaan</span><br></li></ul></p>', 3),
(133, 'M.UUB.18', 'ADMINISTRASI PERSONALIA', '<p>Kemampuan mengelola sistem administrasi personalia mulai dari penerimaan s.d. pengakhiran hubungan kerja<br></p>', '<p><p><ul><li><span style="line-height: 1.5em;">Pengetahuan\r\nsistem administrasi personalia</span></li><li><span style="line-height: 1.5em;">Kemampuan teknis pengelolaan data personalia</span></li></ul></p></p>', 3),
(134, 'M.UUB.22', 'SISTEM MANAJEMEN KESEHATAN DAN KESELAMATAN KERJA (SMK3)', '<p>Kemampuan\r\nmelaksanakan SMK3<br></p>', '<p><p><ul><li><span style="line-height: 1.5em;">Pengetahuan SMK3</span></li><li><span style="line-height: 1.5em;">Ketrampilan mengidentifikasi bahaya dan penilaian resiko</span></li><li><span style="line-height: 1.5em;">Pengetahuan\r\nperundang-undangan berkaitan dengan SMK3</span></li></ul></p></p>', 3),
(135, 'M.UUB.23', 'MASYARAKAT & LINGKUNGAN UNIT', '<p>Kemampuan\r\nmengidentifikasi sosial budaya, membangun pola hubungan, serta membina&nbsp; kerja sama dengan masyarakat dan lingkungan\r\nsekitar unit dalam rangka mendukung kelancaran kegiatan&nbsp; teknis dan produksi<br></p>', '<p><p><ul><li><span style="line-height: 1.5em;">Pengetahuan\r\nsosial &amp; budaya masyarakat</span></li><li><span style="line-height: 1.5em;">Pengetahuan pola hubungan Pemerintah Daerah</span></li><li><span style="line-height: 1.5em;">Pengetahuan pola hubungan\r\norganisasi kemasyarakatan</span></li></ul></p></p>', 3),
(136, 'M.SDM.01', 'ADMINISTRASI PERSONALIA', '<p>Kemampuan mengelola sistem administrasi personalia\r\nmulai dari penerimaan s.d. pengakhiran hubungan kerja&nbsp;<br></p>', '<p><p><ul><li><span style="line-height: 1.5em;">Pengetahuan\r\nsistem administrasi personalia</span></li><li><span style="line-height: 1.5em;">Kemampuan teknis pengelolaan\r\ndata personalia</span></li></ul></p></p>', 3),
(137, 'M.SDM.02', 'SISTEM REKRUT & SELEKSI', '<p>Kemampuan mengelola sistem rekrut &amp; seleksi\r\nuntuk mendapatkan orang yang tepat bagi suatu jabatan tertentu<br></p>', '<p><p><ul><li><span style="line-height: 1.5em;">Pengetahuan\r\nsistem rekrut &amp; seleksi berbasis kompetensi</span></li><li><span style="line-height: 1.5em;">Pengetahuan\r\nstandar formasi</span></li><li><span style="line-height: 1.5em;">Pengetahuan\r\npersyaratan jabatan (</span><i style="line-height: 1.5em;">job requirements</i><span style="line-height: 1.5em;">)\r\ndan profil kompetensi</span></li><li><span style="line-height: 1.5em;">Pengetahuan tentang\r\nAsessmen dan Asessmen Center</span></li></ul></p></p>', 3),
(138, 'M.SDM.03', 'SISTEM MANAJEMEN KINERJA', '<p>Kemampuan melaksanakan dan mengembangkan sistem\r\nmanajemen kinerja SDM&nbsp;<br></p>', '<p><p><ul><li><span style="line-height: 1.5em;">Pengetahuan\r\nsistem manajemen kinerja</span></li><li><span style="line-height: 1.5em;">Pengetahuan\r\nindikator, sistem pengukuran, dan penilaianan kinerja</span></li><li><span style="line-height: 1.5em;">Pengetahuan monitoring kinerja dan </span><i style="line-height: 1.5em;">coaching\r\nfor performance </i><span style="line-height: 1.5em;">&nbsp;</span></li></ul></p></p>', 3),
(139, 'M.SDM.04', 'SISTEM KARIR & SUKSESI', '<p>Kemampuan melaksanakan dan mengembangkan sistem\r\nremunerasi perusahaan<br></p>', '<p><p><ul><li><span style="line-height: 1.5em;">Pengetahuan\r\nsistem karir &amp; suksesi berbasis kompetensi</span></li><li><span style="line-height: 1.5em;">Pengetahuan\r\nstrata jabatan serta </span><i style="line-height: 1.5em;">job family </i><span style="line-height: 1.5em;">(kelompok jabatan yang sejenis)</span></li><li><span style="line-height: 1.5em;">Pengetahuan </span><i style="line-height: 1.5em;">carrier path </i><span style="line-height: 1.5em;">(jalur karir) serta siklus karir (mutasi,\r\nrotasi, promosi dan demosi)</span></li><li><span style="line-height: 1.5em;">Pengetahuan suksesi karyawan</span></li><li><span style="line-height: 1.5em;">Pengetahuan pemetaan\r\npotensi dan kompetensi karyawan, &nbsp;asessmen,\r\nserta Asessmen Center</span></li></ul></p></p>', 3),
(140, 'M.SDM.05', 'SISTEM REMUNERASI', '<p>Kemampuan melaksanakan dan mengembangkan sistem\r\nremunerasi perusahaan&nbsp;<br></p>', '<p><p><ul><li><span style="line-height: 1.5em;">Pengetahuan\r\nsistem remunerasi berbasis kompetensi</span></li><li><span style="line-height: 1.5em;">Pengetahuan\r\nteknis struktur, komponen dan administrasi gaji/insentif</span></li><li><span style="line-height: 1.5em;">Pengetahuan peraturan dan perundang-undangan terkait penggajian/pengupahan</span></li></ul></p></p>', 3);
INSERT INTO `competency_category` (`id`, `code`, `name`, `description`, `definition`, `competency_type_id`) VALUES
(141, 'M.SDM.06', 'SISTEM PENGEMBANGAN SDM', '<p>Kemampuan merencanakan dan melaksanakan program pengembangan\r\nSDM yang meliputi aspek pendidikan, pelatihan, karir maupun pengembangan\r\norganisasi<br></p>', '<p><p><ul><li><span style="line-height: 1.5em;">Pengetahuan\r\nprogram pengembangan berbasis kompetensi</span></li><li><span style="line-height: 1.5em;">Pengetahuan profil dan gap kompetensi</span></li><li><span style="line-height: 1.5em;">Pengetahuan </span><i style="line-height: 1.5em;">needs assessment</i><span style="line-height: 1.5em;">: </span><i style="line-height: 1.5em;">organisational, job, dan individual analysis</i></li><li><span style="line-height: 1.5em;">Pengetahuan </span><i style="line-height: 1.5em;">Training Need Analysis</i></li></ul></p></p>', 3),
(142, 'M.SDM.07', 'HUBUNGAN INDUSTRIAL', '<p>Kemampuan menciptakan Hubungan Industrial (HI) yang\r\nharmonis, dinamis, dan berkeadilan di perusahaan<br></p>', '<p><p><ul><li><span style="line-height: 1.5em;">Pengetahuan\r\nperaturan perundang-undangan terkait HI</span></li><li><span style="line-height: 1.5em;">Pengetahuan\r\nsistem Hubungan Industrial</span></li><li><span style="line-height: 1.5em;">Pengetahuan\r\nperan dan posisi Serikat Pekerja, LKS Bipartit dan Tripartit</span></li><li><span style="line-height: 1.5em;">Pengetahuan\r\nPerjanjian Kerja Bersama</span></li><li><span style="line-height: 1.5em;">Kemampuan teknis penyelesaian perselisihan Hubungan\r\nIndustrial&nbsp;</span></li></ul></p></p>', 3),
(143, 'M.SDM.08', 'MANAJEMEN KESEHATAN', '<p>Kemampuan mengelola sistem\r\nmanajemen kesehatan bagi karyawan dan batihnya<br></p>', '<p><p><ul><li><span style="line-height: 1.5em;">Kemampuan\r\nteknis administrasi dan pengelolaan data perawatan kesehatan karyawan beserta\r\nbatihnya</span></li><li><span style="line-height: 1.5em;">Pengetahuan teknis penyusunan dan pengendalian anggaran kesehatan</span></li><li><span style="line-height: 1.5em;">Pengetahuan teknis upaya\r\npreventif bidang kesehatan</span></li></ul></p></p>', 3),
(144, 'M.SDM.09', 'PENGEMBANGAN ORGANISASI', '<p>Kemampuan merencanakan dan melakukan kajian/analisa\r\norganisasi, penyusunan atau penyempurnaan struktur organisasi dan\r\nkelengkapannya&nbsp;<br></p>', '<p><p><ul><li><span style="line-height: 1.5em;">Pengetahuan\r\n</span><i style="line-height: 1.5em;">organizational behavior</i></li><li><span style="line-height: 1.5em;">Pengetahuan\r\nmanajemen strategik</span></li><li><span style="line-height: 1.5em;">Pengetahuan proses bisnis perusahaan</span></li></ul></p></p>', 3),
(145, 'M.SDM.10', 'KEPUASAN KARYAWAN (EMPLOYEE SATISFACTION)', '<p>Kemampuan untuk melakukan pengukuran kepuasan\r\nkerja karyawan, memberikan rekomendasi, saran tindak lanjut dan pelaksanaannya&nbsp;<br></p>', '<p><p><ul><li><span style="line-height: 1.5em;">Pengetahuan konsep </span><i style="line-height: 1.5em;">employee\r\nsatisfaction</i></li><li><span style="line-height: 1.5em;">Keterampilan\r\nmengukur kepuasan kerja karyawan</span></li><li><span style="line-height: 1.5em;">Keterampilan\r\nmenyusun rekomendasi terhadap hasil pengukuran</span></li><li><span style="line-height: 1.5em;">Keterampilan melaksanakan tindak lanjut rekomendasi&nbsp;</span></li></ul></p></p>', 3),
(146, 'M.SDM.11', 'PERENCANAAN TENAGA KERJA', '<p>Kemampuan melakukan perencanaan pemenuhan\r\nkebutuhan tenaga kerja, baik fisik, biaya maupun kompetensi untuk jangka\r\npendek, menengah dan panjang (RKO, RKAP &amp; RJP)<br></p>', '<p><p><ul><li><span style="line-height: 1.5em;">Pengetahuan kebutuhan formasi tenaga kerja</span></li><li><span style="line-height: 1.5em;">Pengetahuan\r\nstandar kompetensi sesuai bidang kerja</span></li><li><span style="line-height: 1.5em;">Pengetahuan penyusunan RKO, RKAP &amp; RJP</span></li></ul></p></p>', 3),
(147, 'M.SEK.01', 'KESEKRETARIATAN', '<p>Kemampuan melaksanakan kegiatan tata usaha\r\nperkantoran dan tugas-tugas administrasi surat menyurat<br></p>', '<p><p><ul><li><span style="line-height: 1.5em;">Pengetahuan\r\ndan keterampilan pengelolaan arsip</span></li><li><span style="line-height: 1.5em;">Pengetahuan\r\ndan keterampilan korespondensi</span></li><li><span style="line-height: 1.5em;">Pengetahuan dan keterampilan manajemen administrasi perkantoran</span></li></ul></p></p>', 3),
(148, 'M.SEK.02', 'HUKUM BISNIS', '<p>Kemampuan menerapkan perundang-undangan dan peraturan yang berkaitan dengan kegiatan atau pengelolaan bisnis perusahaan<br></p>', '<p><p><ul><li><span style="line-height: 1.5em;">Pengetahuan\r\nperundang-undangan dan peraturan terkait hukum bisnis</span></li><li><span style="line-height: 1.5em;">Pengetahuan dan keterampilan pengurusan perizinan dan\r\nkelengkapan dokumen hukum perusahaan</span></li><li><span style="line-height: 1.5em;">Pengetahuan&nbsp;</span><i style="line-height: 1.5em;">Good Corporate Governance</i></li></ul></p></p>', 3),
(149, 'M.SEK.03', 'LEGAL OPINION', '<p>Kemampuan memberikan pendapat hukum atas permasalahan hukum yang dihadapi perusahaan agar didapat suatu keputusan atau\r\ntindakan yang tepat atas persoalan tersebut<br></p>', '<p><p><ul><li><span style="line-height: 1.5em;">Pengetahuan\r\nteknis dan format penyampaian pendapat hukum</span></li><li><span style="line-height: 1.5em;">Pengetahuan perundang-undangan dan peraturan terkait</span></li></ul></p></p>', 3),
(150, 'M.SEK.04', 'LEGAL DRAFTING', '<p>Kemampuan membuat ketentuan atau peraturan (privat) seperti: perjanjian, kontrak, dan\r\nperaturan perusahaan<br></p>', '<p><p><ul><li><span style="line-height: 1.5em;">Pengetahuan\r\nperaturan perundang-undangan terkait perjanjian</span></li><li><span style="line-height: 1.5em;">Pengetahuan\r\nperaturan produk korporasi</span></li><li><span style="line-height: 1.5em;">Pengetahuan teknis perancangan perjanjian/kontrak</span></li></ul></p></p>', 3),
(151, 'M.SEK.05', 'PUBLIC RELATION', '<p>Kemampuan untuk menciptakan dan memelihara citra perusahaan<br></p>', '<p><p><ul><li><span style="line-height: 1.5em;">Pengetahuan\r\nteknis kehumasan</span></li><li><span style="line-height: 1.5em;">Pengetahuan\r\ninformasi perusahaan &amp; unit bisnis</span></li><li><span style="line-height: 1.5em;">Kemampuan\r\nanalisa isu perusahaan</span></li><li><span style="line-height: 1.5em;">Pengetahuan\r\nhukum pers dan kode etik jurnalistik</span></li><li><span style="line-height: 1.5em;">Kemampuan\r\nmenyusun </span><i style="line-height: 1.5em;">press release/conference</i></li><li><span style="line-height: 1.5em;">Pengetahuan c</span><i style="line-height: 1.5em;">orporate image</i></li></ul></p></p>', 3),
(152, 'M.SEK.06', 'PROTOKOLER', '<p>Kemampuan melaksanakan kegiatan (resmi) sesuai ketentuan keprotokoleran<br></p>', '<p><p><ul><li><span style="line-height: 1.5em;">Pengetahuan\r\nkeprotokoleran</span></li><li><span style="line-height: 1.5em;">Ketrampilan teknis pengaturan protokoler</span></li></ul></p></p>', 3),
(153, 'M.SEK.07', 'PENGELOLAAN LIAISON OFFICE', '<p>Kemampuan melaksanakan kegiatan Kantor Perwakilan <span>atau <i>Liaison Office</i>\r\n(LO)</span>perusahaan<br></p>', '<p><p><ul><li><span style="line-height: 1.5em;">Pengetahuan\r\ndan keterampilan pengelolaan arsip</span></li><li><span style="line-height: 1.5em;">Pengetahuan\r\ndan keterampilan korespondensi</span></li><li><span style="line-height: 1.5em;">Pengetahuandan\r\nketerampilan manajemen administrasi perkantoran</span></li><li><span style="line-height: 1.5em;">Pengetahuan dan keterampilan pelayanan sebagai\r\nkantor perwakilan</span></li></ul></p></p>', 3),
(154, 'M.SEK.08', 'HUBUNGAN PELANGGAN/MITRA', '<p>Kemampuan menjalin dan memelihara hubungan baik dengan pelanggan/mitra perusahaan<br></p>', '<p><p><ul><li><span style="line-height: 1.5em;">Pengetahuan\r\ndata dan informasi pelanggan/mitra</span></li><li><span style="line-height: 1.5em;">Pengetahuan dan keterampilan pengukuran kepuasan pelanggan/mitra</span></li></ul></p></p>', 3),
(155, 'M.SEK.09', 'KERUMAHTANGGAAN', '<p>Kemampuan melaksanakan kegiatan pelayanan rumah tangga perusahaan<br></p>', '<p><p><ul><li><span style="line-height: 1.5em;">Pengetahuan\r\nkerumahtanggaan organisasi</span></li><li><span style="line-height: 1.5em;">Kemampuan teknis pelayanan</span></li></ul></p></p>', 3),
(156, 'M.SPI.01', 'PEMERIKSAAN OPERASIONAL', '<p>Kemampuan\r\nmelakukan audit internal bidang tanaman, teknik, pengolahan, pemasaran, keuangan, SDM/umum dan rumah sakit<br></p>', '<p><p><ul><li><span style="line-height: 1.5em;">Pengetahuan </span><i style="line-height: 1.5em;">auditing</i><span style="line-height: 1.5em;"> sesuai Standar\r\nProfesi Audit Internal (SPAI) dan Piagam Internal Audit (</span><i style="line-height: 1.5em;">Audit Charter</i><span style="line-height: 1.5em;">)</span></li><li><span style="line-height: 1.5em;">Pengetahuan sistem dan prosedur yang ditetapkan oleh Manajemen</span></li><li><span style="line-height: 1.5em;">Pengetahuan prinsip-prinsip\r\nGCG, meliputi: </span><i style="line-height: 1.5em;">transparancy, independency,\r\nresposnsibilty, akuntability &amp; fairness</i></li></ul></p></p>', 3),
(157, 'M.SPI.02', 'SISTEM PENGENDALIAN MANAJEMEN', '<p>Kemampuan\r\nmemahami struktur organisasi, sistem, prosedur dan pengendaliannya<br></p>', '<p><ul><li><span style="line-height: 1.5em;">Pengetahuan\r\nstruktur organisasi, sistem &amp; prosedur</span><br></li></ul></p>', 3),
(158, 'M.SPI.03', 'AUDIT KEUANGAN', '<p>Kemampuan memeriksa laporan keuangan, laporan\r\nmanajemen, dan perpajakan<br></p>', '<p><ul><li><span style="line-height: 1.5em;">Pengetahuan tentang Akuntansi Keuangan,\r\nAkuntansi Manajemen,&nbsp; Manajemen Keuangan\r\ndan Perpajakan</span><br></li></ul></p>', 3),
(159, 'M.SPI.04', 'PEMERIKSAAN PERENCANAAN & ANGGARAN', '<p>Kemampuan memeriksa bidang perencanaan dan\r\npengendalian anggaran<br></p>', '<p><ul><li><span style="line-height: 1.5em;">Pengetahuan ketentuan perencanaan perusahaan dan pengendalian anggaran</span><br></li></ul></p>', 3),
(160, 'M.SPI.05', 'AUDIT INVESTIGASI  DAN FRAUD', '<p>Kemampuan\r\nmelakukan audit investigasi dan kecurangan<br></p>', '<p><ul><li><span style="line-height: 1.5em;">Pengetahuan audit investigasi dan kecurangan</span><br></li></ul></p>', 3),
(161, 'M.SPI.06', 'AUDIT BERBASIS RISIKO', '<p>Kemampuan melakukan pemeriksaan berbasis risiko<br></p>', '<p><p><ul><li><span style="line-height: 1.5em;">Pengetahuan proses bisnis</span></li><li><span style="line-height: 1.5em;">Pengetahuan manajemen\r\nrisiko: meliputi identifikasi,\r\nparameter, asesmen, dan mitigasi risiko</span></li></ul></p></p>', 3),
(162, 'M.SPI.07', 'PEMERIKSAAN BERBASIS TI', '<p>Kemampuan melakukan pemeriksaan berbasis teknologi\r\ninformasi (TI)<br></p>', '<p><p><ul><li><span style="line-height: 1.5em;">Pengetahuan\r\nproses bisnis perusahaan</span></li><li><span style="line-height: 1.5em;">Pengetahuan teknologi informasi</span></li></ul></p></p>', 3),
(163, 'M.TAN.01', 'KULTUR TEKNIS TANAMAN ', '<p>Kemampuan melakukan proses\r\ndan kegiatan kultur teknis, mulai dari bibitan, LC, penanaman, pemeliharaan\r\nhingga&nbsp; panen/deres kelapa sawit dan atau\r\nkaret<br></p>', '<p><p><ul><li><span style="line-height: 1.5em;">Pengetahuan SOP dan IK (prosedur &amp; instruksi kerja) budidaya tanaman\r\nkelapa sawit dan atau karet</span></li><li><span style="line-height: 1.5em;">Kemampuan teknis budidaya tanaman kelapa sawit dan\r\natau karet</span></li></ul></p></p>', 3),
(164, 'M.TAN.02', 'ADMINISTRASI TANAMAN', '<p>Kemampuan melakukan\r\nsemua proses administrasi tanaman dalam mendukung efektivitas produksi tanaman\r\nkelapa sawit dan atau karet<br></p>', '<p><p><ul><li><span style="line-height: 1.5em;">Pengetahuan\r\nteknis administrasi tanaman</span></li><li><span style="line-height: 1.5em;">Kemampuan penyusunan RKAP\r\ndan RKO tanaman</span></li></ul></p></p>', 3),
(165, 'M.TAN.03', 'MASYARAKAT & LINGKUNGAN KEBUN', '<p>Kemampuan\r\nmengidentifikasi sosial budaya, membangun pola hubungan, serta membina&nbsp; kerja sama dengan masyarakat dan lingkungan\r\nsekitar kebun dalam rangka mendukung kelancara kegiatan &nbsp;teknis dan produksi tanaman<br></p>', '<p><p><ul><li><span style="line-height: 1.5em;">Pengetahuan\r\nsosial &amp; budaya masyarakat</span></li><li><span style="line-height: 1.5em;">Pengetahuan pola hubungan Pemerintah Daerah</span></li><li><span style="line-height: 1.5em;">Pengetahuan pola hubungan organisasi\r\nkemasyarakatan</span></li></ul></p></p>', 3),
(166, 'M.TEK.01', 'MANAJEMEN PENGADAAN', '<p>Kemampuan\r\nmelakukan proses pengajuan, pelaksanaan, pengadaan, dan penerimaan barang &amp;\r\njasa termasuk administrasinya<br></p>', '<p><p><ul><li><span style="line-height: 1.5em;">Pengetahuan prosedur dan proses permintaan barang dan\r\njasa</span></li><li><span style="line-height: 1.5em;">Pengetahuan prosedur dan proses administrasi pelelangan</span></li><li><span style="line-height: 1.5em;">Pengetahuan prosedur dan proses penerimaan barang dan\r\njasa</span></li><li><span style="line-height: 1.5em;">Pengetahuan\r\nalokasi anggaran dan penggunaan biaya</span></li></ul></p></p>', 3),
(167, 'M.TEK.02', 'MANAJEMEN PEMELIHARAAN', '<p>Kemampuan\r\nmerencanakan, melaksanakan, mengevaluasi, dan mengembangkan teknik pemeliharaan<br></p>', '<p><p><ul><li><span style="line-height: 1.5em;">Pengetahuan pemeliharaan mesin/instalasi pabrik</span></li><li><span style="line-height: 1.5em;">Pengetahuan pemeliharaan mesin pembangkit</span></li><li><span style="line-height: 1.5em;">Pengetahuan pemeliharaan mesin&nbsp; listrik, instalasi listrik (PUIL) &amp; instrumentasi</span></li><li><span style="line-height: 1.5em;">Pengetahuan pemeliharaan mesin dan instalasi air/pengolahan\r\nair termasuk distribusinya</span></li><li><span style="line-height: 1.5em;">Pengetahuan pemeliharaan alsintan &amp; kendaraan</span></li><li><span style="line-height: 1.5em;">Pengetahuan pemeliharaan bangunan sipil dan infrastruktur</span></li><li><span style="line-height: 1.5em;">Pengetahuan manajemen workshop</span></li><li><span style="line-height: 1.5em;">Pengetahuan anggaran dan biaya pemeliharaan</span></li><li><span style="line-height: 1.5em;">Pengetahuan\r\nperaturan perundang-undangan terkait perijinan (a.l.: operasional peralatan\r\nbejana tekan, alat angkat/angkut, mesin pembangkit dan alat berat)</span></li></ul></p></p>', 3),
(168, 'M.TEK.03', 'PENGOPERASIAN PERALATAN/MESIN DAN LISTRIK', '<p>Kemampuan\r\nmengoperasikan masing-masing peralatan/mesin pabrik, alsintan, kendaran dan\r\nmesin listrik sesuai dengan standar SOP<br></p>', '<p><p><ul><li><span style="line-height: 1.5em;">Pengetahuan peralatan dan pengoperasian peralatan/mesin pabrik,\r\nalsintan, kendaran dan mesin listrik sesuai dengan standar SOP</span></li><li><span style="line-height: 1.5em;">Pengetahuan administrasi dan pelaporan jam operasional\r\n(jam jalan), </span><i style="line-height: 1.5em;">service</i><span style="line-height: 1.5em;"> dan kerusakan</span></li><li><span style="line-height: 1.5em;">Pengetahuan\r\n</span><i style="line-height: 1.5em;">trouble shooting</i><span style="line-height: 1.5em;"> operasional\r\nperalatan/mesin dan listrik</span></li></ul></p></p>', 3),
(169, 'M.TEK.04', 'PENGETAHUAN BAHAN TEKNIK', '<p>Kemampuan memahami jenis bahan/material, sifat-sifat,&nbsp; penggunaan dan pengerjaannya dalam proses\r\npemeliharaan mesin/ peralatan, instalasi &amp; mesin listrik serta bangunan sipil dan infrastruktur\r\nlainnya<br></p>', '<p><p><ul><li><span style="line-height: 1.5em;">Pengetahuan standar bahan/material untuk mesin/peralatan,\r\nkelistrikan dan bangunan sipil/infrastruktur (JIS, ANSI, ASTM, BS, SNI,SNI\r\nKelistrikan PUIL, PBI dll)</span></li><li><span style="line-height: 1.5em;">Pengetahuan\r\nproses pengerjaan/</span><i style="line-height: 1.5em;">machining</i><span style="line-height: 1.5em;">, </span><i style="line-height: 1.5em;">welding</i><span style="line-height: 1.5em;"> dan konstruksi/bangunan sipil</span></li></ul></p></p>', 3),
(170, 'M.MUM.01', 'HUKUM PERTANAHAN', '<p>Kemampuan melaksanakan ketentuan hukum\r\npertanahan dalam kegiatan perusahaan<br></p>', '<p><ul><li><span style="line-height: 1.5em;">Pengetahuan hukum pertanahan, meliputi:\r\nketentuan, referensi, praktek, dan kajiannya</span><br></li></ul></p>\r\n', 3),
(171, 'M.MUM.02', 'HUKUM ACARA PERDATA', '<p>Kemampuan melaksanakan beracara perdata di pengadilan<br></p>', '<p><ul><li><span style="line-height: 1.5em;">Pengetahuan Hukum Acara Perdata</span><br></li></ul></p>', 3),
(172, 'M.MUM.03', 'PERATURAN PERUNDANGAN', '<p>Kemampuan melaksanakan dan mengaplikasikan berbagai peraturan\r\nperundang-undangan yang berkaitan dengan aspek hukum bisnis perusahaan<br></p>', '<p><p>Pengetahuan mengenai peraturan\r\nperundangan perusahaan, meliputi aspek :&nbsp;</p><p><p><ul><li><span style="line-height: 1.5em;">Organisasi\r\nperusahaan</span></li><li><span style="line-height: 1.5em;">Kontrak/perjanjian</span></li><li><span style="line-height: 1.5em;">Perpajakan</span></li><li><span style="line-height: 1.5em;">Anti Monopoli dan persaingan tidak sehat</span></li></ul></p></p></p>', 3),
(173, 'M.MUM.04', 'PERIZINAN', '<p>Kemampuan untuk mengetahui ketentuan hukum mengenai perijinan bagi\r\nperusahaan, antara lain: SIUP, HO, TDP, NPWP, Merk, Hak Patent, dsb<br></p>', '<p><p><ul><li><span style="line-height: 1.5em;">Pengetahuan\r\nketentuan hukum perijinan</span></li><li><span style="line-height: 1.5em;">Kemampuan teknis pengajuan perijinan</span></li></ul></p></p>', 3),
(174, 'M.MUM.05', 'PENGELOLAAN KEAMANAN', '<p>Kemampuan untuk mengelola sistem keamanan\r\nperusahaan<br></p>', '<p><p><ul><li><span style="line-height: 1.5em;">Pengetahuan\r\nsistem pengamanan perusahaan, meliputi aset perusahaan, dan lingkungan kerja</span></li><li><span style="line-height: 1.5em;">Pengetahuan\r\nteknis pengamanan dan upaya penanggulangan gangguan keamanan</span></li><li><span style="line-height: 1.5em;">Kemampuan teknis pembinaan\r\ndan pengembangan tenaga pengamanan&nbsp;</span></li></ul></p></p>', 3),
(175, 'M.MUM.06', 'PEMBINAAN KEGIATAN KARYAWAN', '<p>Kemampuan membina kegiatan\r\nbidang kerohanian, olah raga, dan seni baik untuk tujuan umum maupun tujuan\r\nprestatif<br></p>', '<p><p><ul><li><span style="line-height: 1.5em;">Pengetahuan\r\nkebutuhan kerohanian, keolahragaan, dan kesenian</span></li><li><span style="line-height: 1.5em;">Pengetahuan\r\npola-pola pembinaan rohani, olah raga, dan seni</span></li><li><span style="line-height: 1.5em;">Kemampuan perencanaan program dan\r\nteknis pembinaan kegiatan rohani, olah raga, dan seni</span></li></ul></p></p>', 3),
(176, 'M.MUM.07', 'MANAJEMEN SMK3', '<p>Kemampuan melaksanakan sistem Manajemen\r\nKeselamatan dan Kesehatan Kerja (SMK3) sesuai norma, peraturan dan perundang-undangan<br></p>', '<p><p><ul><li><span style="line-height: 1.5em;">Pengetahuan\r\nkebijakan, sasaran, ketentuan dan prosedur Sistem Manajemen Keselamatan dan\r\nKesehatan Kerja (SMK3)</span></li><li><span style="line-height: 1.5em;">Pengetahuan potensi dan risiko bahaya, kecelakaan kerja, serta penyakit akibat kerja</span></li></ul></p></p>', 3),
(177, 'M.MUM.08', 'PENYELESAIAN SENGKETA TANAH', '<p>Kemampuan melakukan penyelesaian permasalahan\r\ntuntutan/klaim tanah khususnya non litigasi\r\natau dengan cara musyawarah dan mufakat<br></p>', '<p><p><ul><li><span style="line-height: 1.5em;">Pengetahuan\r\ndata dan fakta obyek sengketa serta pemahaman kondisi sosial budaya setempat</span></li><li><span style="line-height: 1.5em;">Pengetahuan\r\nmetode pola penyelesaian sengketa lahan (non litigasi) sesuai ketentuan yang\r\nberlaku dan kebijakan perusahaan</span></li><li><span style="line-height: 1.5em;">Kemampuan\r\nmelakukan negosiasi baik secara vertikal maupun horisontal</span></li><li><span style="line-height: 1.5em;">Pengetahuan teknik </span><i style="line-height: 1.5em;">legal draffting </i><span style="line-height: 1.5em;">penyelesaian\r\nsengketa (MoU/Kesepahaman, kesepakatan, perjanjian, dan dokumen hukum lainnya)&nbsp;</span></li></ul></p></p>', 3),
(178, 'M.UUB.01', 'KULTUR TEKNIS TANAMAN', '<p>Kemampuan melakukan proses\r\ndan kegiatan kultur teknis, mulai dari bibitan, LC, penanaman, pemeliharaan\r\nhingga&nbsp; panen/deres kelapa sawit dan atau\r\nkaret<br></p>', '<p><p><ul><li><span style="line-height: 1.5em;">Pengetahuan SOP dan IK (prosedur &amp; instruksi kerja) budidaya tanaman\r\nkelapa sawit dan atau karet</span></li><li><span style="line-height: 1.5em;">Kemampuan teknis budidaya tanaman kelapa sawit dan\r\natau karet</span></li></ul></p></p>', 3),
(179, 'M.UUB.02', 'ADMINISTRASI TANAMAN', '<p>Kemampuan melakukan\r\nsemua proses administrasi tanaman dalam mendukung efektivitas produksi tanaman\r\nkelapa sawit dan atau karet<br></p>', '<p><p><ul><li><span style="line-height: 1.5em;">Pengetahuan\r\nteknis administrasi tanaman</span></li><li><span style="line-height: 1.5em;">Kemampuan penyusunan RKAP\r\ndan RKO tanaman</span></li></ul></p></p>', 3),
(180, 'M.UUB.03', 'PENGELOLAAN PROGRAM PLASMA/KKPA', '<p>Kemampuan melakukan\r\npengelolaan program plasma/KKPA perusahaan<br></p>', '<p><p><ul><li><span style="line-height: 1.5em;">Pengetahuan Program Revitalisasi Perkebunan</span></li><li><span style="line-height: 1.5em;">Pengetahuan peraturan\r\nperundangan pengelolaan plasma/KKPA</span></li><li><span style="line-height: 1.5em;">Pengetahuan\r\nsistem dan pola hubungan kemitraan antara petani dengan perusahaan</span></li><li><span style="line-height: 1.5em;">Kemampuan\r\nteknis penyusunan perjanjian/kesepakatan pengelolaan plasma/KKPA</span></li><li><span style="line-height: 1.5em;">Ketrampilan penyusunan program hubungan dan pembinaan petani</span></li></ul></p></p>', 3),
(181, 'M.UUB.04', 'MANAJEMEN PRODUKSI PABRIK', '<p>Kemampuan mengelola\r\nsumber daya pabrik sehingga proses produksi dapat dilaksanakan secara efektif\r\ndan efisien<br></p>', '<p><p><ul><li><span style="line-height: 1.5em;">Pengetahuan kualitas dan kuantitas bahan baku</span></li><li><span style="line-height: 1.5em;">Pengetahuan pelaksanaan proses produksi dan SOP</span></li><li><span style="line-height: 1.5em;">Pengetahuan pengendalian losses dan pencapaian efisiensi pabrik</span></li><li><span style="line-height: 1.5em;">Pengetahuan kebutuhan, jenis, penggunaan bahan/material dan alat pembantu\r\nproses</span></li><li><span style="line-height: 1.5em;">Pengetahuan prosedur administrasi dan pelaporan</span></li><li><span style="line-height: 1.5em;">Pengetahuan manajemen pengiriman produksi</span></li><li><span style="line-height: 1.5em;">Pengetahuan pengajuan\r\nanggaran, pengendalian dan evaluasi biaya (RKAP/RKO)</span></li></ul></p></p>', 3),
(182, 'M.UUB.05', 'MANAJEMEN QUALITY CONTROL', '<p>Kemampuan mengelola&nbsp;<i>quality control</i>, meliputi:\r\nimplementasi, pengawasan dan evaluasi hasil <i>quality\r\ncontrol</i>, untuk proses olah serta produk turunannya<br></p>', '<p><p><ul><li><span style="line-height: 1.5em;">Pengetahuan\r\nhasil quality control (data quality) dan pengelolaannya</span></li><li><span style="line-height: 1.5em;">Pengetahuan\r\nimplementasi hasil quality control untuk proses produksi dan turunannya\r\n(premi produksi)</span></li><li><span style="line-height: 1.5em;">Pengetahuan\r\nadministrasi dan pelaporan Quality Control</span></li><li><span style="line-height: 1.5em;">Pengetahuan standard/parameter\r\nangka angka pengawasan mutu</span></li><li><span style="line-height: 1.5em;">Teknik pengendalian mutu</span></li></ul></p></p>', 3),
(183, 'M.UUB.06', 'PENGELOLAAN KOMPOS', '<p>Kemampuan\r\nmelaksanakan pengelolaan\r\nkompos yang berasal dari limbah (tankos) kelapa sawit<br></p>', '<p><p><ul><li><span style="line-height: 1.5em;">Pengetahuan teknis pengolahan kompos dari limbah (tankos) kelapa sawit</span></li><li><span style="line-height: 1.5em;">Pengetahuan teknis penyimpanan dan aplikasi kompos</span></li><li><span style="line-height: 1.5em;">Kemampuan teknis pengaturan\r\nperalatan dan pekerja pengolah kompos</span></li></ul></p></p>', 3),
(184, 'M.UUB.07', 'MANAJEMEN MUTU PENGELOLAAN LINGKUNGAN DAN LIMBAH', '<p>Kemampuan\r\nmerencanakan, melaksanakan, mengevaluasi dan mengembangkan sistem manajemen\r\nmutu, teknik pengelolaan lingkungan dan pengelolaan limbah<br></p>', '<p><p><ul><li><span style="line-height: 1.5em;">Pengetahuan tentang kebijakan mutu, standard mutu dan Audit mutu (SNI, ISO\r\n9000 dan ISO 14000)</span></li><li><span style="line-height: 1.5em;">Pengetahuan Teknik Pengelolaan Lingkungan (Amdal)</span></li><li><span style="line-height: 1.5em;">Pengetahuan teknologi&nbsp; pengolahan\r\nlimbah padat, cair dan gas</span></li><li><span style="line-height: 1.5em;">Pengetahuan pengelolaan limbah B3 (bahan beracun dan berbahaya)</span></li><li><span style="line-height: 1.5em;">Pengetahuan Kebijakan,\r\nperaturan perundang-undangan terkait Pengelolaan Lingkungan Hidup untuk\r\nmendapatkan minimal peringkat PROPER BIRU</span></li></ul></p></p>', 3),
(185, 'M.UUB.08', 'MANAJEMEN PEMELIHARAAN', '<p>Kemampuan\r\nmerencanakan, melaksanakan, mengevaluasi dan mengembangkan teknik pemeliharaan<br></p>', '<p><p><ul><li><span style="line-height: 1.5em;">Pengetahuan pemeliharaan mesin / instalasi</span></li><li><span style="line-height: 1.5em;">Pengetahuan pemeliharaan mesin pembangkit</span></li><li><span style="line-height: 1.5em;">Pengetahuan pemeliharaan Mesin&nbsp; Listrik, Instalasi Listrik (PUIL) &amp;\r\nInstrumentasi</span></li><li><span style="line-height: 1.5em;">Pengetahuan pemeliharaan mesin dan instalasi\r\nair/pengolahan air termasuk distribusinya</span></li><li><span style="line-height: 1.5em;">Pengetahuan Pemeliharaan alsintan &amp; kendaraan</span></li><li><span style="line-height: 1.5em;">Pengetahuan Pemeliharaan bangunan sipil dan infrastruktur</span></li><li><span style="line-height: 1.5em;">Pengetahuan manajemen workshop</span></li><li><span style="line-height: 1.5em;">Pengetahuan anggaran dan biaya pemeliharaan</span></li><li><span style="line-height: 1.5em;">Pengetahuan\r\nperaturan perundang-undangan terkait perijinan (a.l.: operasional peralatan\r\nbejana tekan, alat angkat / angkut, mesin pembangkit dan alat berat)</span></li></ul></p></p>', 3),
(186, 'M.UUB.09', 'PENGOPERASIAN PERALATAN/MESIN DAN LISTRIK', '<p>Kemampuan\r\nmengoperasikan masing-masing peralatan/mesin Pabrik, Alsintan, Kendaraan dan\r\nMesin listrik sesuai dengan standar SOP<br></p>', '<p><p><ul><li><span style="line-height: 1.5em;">Pengetahuan peralatan dan pengoperasian peralatan/mesin\r\nPabrik, Alsintan, Kendaran dan Mesin listrik sesuai dengan standar SOP</span></li><li><span style="line-height: 1.5em;">Pengetahuan administrasi dan pelaporan jam operasional\r\n(jam jalan), <i>service </i>dan kerusakan</span></li><li><span style="line-height: 1.5em;">Pengetahuan\r\n<i>troubleshooting</i> operasional peralatan/mesin dan listrik</span></li></ul></p></p>', 3),
(187, 'M.UUB.10', 'MANAJEMEN PENGADAAN', '<p>Kemampuan melakukan\r\nproses pengajuan, pelaksanaan, pengadaan, dan penerimaan barang &amp; jasa\r\ntermasuk administrasinya<br></p>', '<p><p><ul><li><span style="line-height: 1.5em;">Pengetahuan prosedur dan proses permintaan barang dan jasa</span></li><li><span style="line-height: 1.5em;">Pengetahuan prosedur dan proses administrasi pelelangan</span></li><li><span style="line-height: 1.5em;">Pengetahuan prosedur dan proses penerimaan barang dan jasa</span></li><li><span style="line-height: 1.5em;">Pengetahuan alokasi\r\nanggaran dan penggunaan biaya</span></li></ul></p></p>', 3),
(188, 'M.UUB.11', 'AKUNTANSI KEUANGAN', '<p>Kemampuan melaksanakan siklus akuntansi mulai dari\r\nanalisis transaksi sampai dengan penyajian laporan keuangan<br></p>', '<p><p><ul><li><span style="line-height: 1.5em;">Pengetahuan klasifikasi&nbsp; dan fungsi rekening (akun/perkiraan)\r\nmeliputi pos laba rugi dan posisi keuangan (neraca)</span></li><li><span style="line-height: 1.5em;">Keterampilan\r\nmelakukan penjurnalan dan posting transaksi atau kejadian akuntansi lainnya</span></li><li><span style="line-height: 1.5em;">Pengetahuan&nbsp; penyusunan&nbsp;\r\nlaporan&nbsp; keuangan&nbsp; meliputi&nbsp;\r\nlaporan posisi keuangan (neraca), laba-rugi, perubahan ekuitas, arus kas\r\nserta catatan atas laporan keuangan dan laporan pendukung</span></li><li><span style="line-height: 1.5em;">Pengetahuan kebijakan akuntansi yang berlaku\r\numum, meliputi kebijakan akuntansi perusahaan dan PSAK (Pedoman Standar\r\nAkuntansi Keuangan) dan Pedoman Akuntansi BUMN Perkebunan yang berbasis IFRS</span></li></ul></p></p>', 3),
(189, 'M.UUB.12', 'SISTEM INFORMASI AKUNTANSI', '<p>Kemampuan&nbsp; melaksanakan sistem&nbsp;\r\ndan&nbsp; prosedur informasi akuntansi yang berbasis teknologi informasi<br></p>', '<p><p><ul><li><span style="line-height: 1.5em;">Pengetahuan&nbsp; sistem&nbsp; dan&nbsp; prosedur&nbsp;\r\nakuntansi&nbsp; yang meliputikas/bank, pengadaan barang/jasa,&nbsp; penyertaandan investasi, penjualan, persediaan, aset tetap, aset\r\ntanaman, dan hutang-piutang</span></li><li><span style="line-height: 1.5em;">Pengetahuan\r\nsistem aplikasi akuntansi (SPDK-Net) seperti: keuangan, </span><i style="line-height: 1.5em;">payroll</i><span style="line-height: 1.5em;">, inventori, aset tetap, EAP/ETL,\r\ndan SDM</span></li><li><span style="line-height: 1.5em;">Pengetahuan&nbsp;\r\nsistem&nbsp; informasi&nbsp;\r\nakuntansi&nbsp; bagi&nbsp; manajemen&nbsp;\r\nyang memuat laporan pertanggungjawaban keuangan</span></li></ul></p></p>', 3),
(190, 'M.UUB.13', 'PERPAJAKAN', '<p>Kemampuan&nbsp; memahami&nbsp; ketentuan umum perpajakan dan melaksanakan sistem administrasi perpajakan yang&nbsp; berlaku&nbsp;\r\nberkaitan dengan kegiatan perusahaan<br></p>', '<p><p><ul><li><span style="line-height: 1.5em;">Pengetahuan\r\nketentuan umum perpajakan beserta aplikasinya</span></li><li><span style="line-height: 1.5em;">Pengetahuan penerapan administrasi perpajakan</span></li></ul></p></p>', 3),
(191, 'M.UUB.14', 'AKUNTANSI MANAJEMEN', '<p>Pengetahuan dan kemampuan memahami dan\r\nmenganalisis informasi akuntansi manajemen<br></p>', '<p><p><ul><li><span style="line-height: 1.5em;">Pengetahuan\r\nanalisis pendapatan mengenai Laporan Manajemen</span></li><li><span style="line-height: 1.5em;">Pengetahuan pengendalian biaya mengenai alat analisis dalam akuntansi\r\nmanajemen</span></li></ul></p></p>', 3),
(192, 'M.UUB.15', 'VERIFIKASI', '<p>Pengetahuan dan kemampuan memverifikasi\r\ndokumen/bukti transaksi serta sistem dan prosedur akuntansi<br></p>', '<p><ul><li><span style="line-height: 1.5em;">Pengetahuan validasi\r\nkeabsahan dan kelengkapan dokumen transaksi yang dilakukan oleh perusahaan</span><br></li></ul></p>', 3),
(193, 'M.UUB.16', 'ADMINISTRASI PERSONALIA', '<p>Kemampuan mengelola sistem administrasi personalia\r\nmulai dari penerimaan s.d. pengakhiran hubungan kerja<br></p>', '<p><p><ul><li><span style="line-height: 1.5em;">Pengetahuan\r\nsistem administrasi personalia</span></li><li><span style="line-height: 1.5em;">Kemampuan teknis pengelolaan data personalia</span></li></ul></p></p>', 3),
(194, 'M.UUB.17', 'HUBUNGAN INDUSTRIAL', '<p>Kemampuan menciptakan Hubungan Industrial (HI) yang\r\nharmonis, dinamis, dan berkeadilan di perusahaan<br></p>', '<p><p><ul><li><span style="line-height: 1.5em;">Pengetahuan\r\nperaturan perundang-undangan terkait HI</span></li><li><span style="line-height: 1.5em;">Pengetahuan\r\nsistem Hubungan Industrial</span></li><li><span style="line-height: 1.5em;">Pengetahuan\r\nperan dan posisi Serikat Pekerja, LKS Bipartit dan Tripartit</span></li><li><span style="line-height: 1.5em;">Pengetahuan\r\nPerjanjian Kerja Bersama</span></li><li><span style="line-height: 1.5em;">Kemampuan teknis penyelesaian perselisihan\r\nHubungan Industrial&nbsp;</span></li></ul></p></p>', 3),
(195, 'M.UUB.18', 'MANAJEMEN KESEHATAN', '<p>Kemampuan mengelola\r\nsistem manajemen kesehatan bagi karyawan dan batihnya<br></p>', '<p><p><ul><li><span style="line-height: 1.5em;">Kemampuan\r\nteknis administrasi dan pengelolaan data perawatan kesehatan karyawan beserta\r\nbatihnya</span></li><li><span style="line-height: 1.5em;">Pengetahuan teknis penyusunan dan pengendalian anggaran kesehatan</span></li><li><span style="line-height: 1.5em;">Pengetahuan teknis upaya\r\npreventif bidang kesehatan</span></li></ul></p></p>', 3),
(196, 'M.UUB.19', 'PERENCANAAN TENAGA KERJA', '<p>Kemampuan melakukan perencanaan pemenuhan\r\nkebutuhan tenaga kerja, baik fisik, biaya maupun kompetensi untuk jangka\r\npendek, menengah dan panjang (RKO, RKAP &amp; RJP)<br></p>', '<p><p><ul><li><span style="line-height: 1.5em;">Pengetahuan kebutuhan formasi tenaga kerja</span></li><li><span style="line-height: 1.5em;">Pengetahuan\r\nstandar kompetensi sesuai bidang kerja</span></li><li><span style="line-height: 1.5em;">Pengetahuan penyusunan RKO, RKAP &amp; RJP</span></li></ul></p></p>', 3),
(197, 'M.UUB.20', 'SISTEM MANAJEMEN KESEHATAN DAN KESELAMATAN KERJA (SMK3)', '<p>Kemampuan\r\nmelaksanakan SMK3<br></p>', '<p><p><ul><li><span style="line-height: 1.5em;">Pengetahuan SMK3</span></li><li><span style="line-height: 1.5em;">Ketrampilan mengidentifikasi bahaya dan penilaian resiko</span></li><li><span style="line-height: 1.5em;">Pengetahuan\r\nperundang-undangan berkaitan dengan SMK3</span></li></ul></p></p>', 3),
(198, 'M.UUB.21', 'MASYARAKAT & LINGKUNGAN UNIT', '<p>Kemampuan\r\nmengidentifikasi sosial budaya, membangun pola hubungan, serta membina&nbsp; kerja sama dengan masyarakat dan lingkungan\r\nsekitar unit dalam rangka mendukung kelancaran kegiatan &nbsp;teknis dan produksi<br></p>', '<p><p><ul><li><span style="line-height: 1.5em;">Pengetahuan\r\nsosial &amp; budaya masyarakat</span></li><li><span style="line-height: 1.5em;">Pengetahuan pola hubungan Pemerintah Daerah</span></li><li><span style="line-height: 1.5em;">Pengetahuan pola hubungan organisasi\r\nkemasyarakatan</span></li></ul></p></p>', 3);

--
-- Dumping data for table `competency_library`
--

INSERT INTO `competency_library` (`id`, `category`, `code`, `dimension`, `name`, `definition`, `level_1`, `level_2`, `level_3`, `level_4`, `level_5`, `date`, `active`) VALUES
(1, 1, 'S.01.ACH.A', 'A', 'Intensitas', '', '<p><p><b>Kurang fokus pada\r\npekerjaan. Kurang memiliki semangat untuk\r\nmemenuhi </b><b>target</b><b>&nbsp;\r\nyang ditetapkan manajemen.</b></p>\r\n\r\nPerhatian lebih kepada hal-hal diluar pekerjaan\r\n(hobi, kehidupan sosial dsb), hasil kerja yang ditunjukkan tidak sesuai dengan target.&nbsp;<br></p>', '<p><p><b>Fokus pada pekerjaan. Memiliki semangat untuk memenuhi target\r\nyang ditetapkan manajemen. </b></p>\r\n\r\nContoh : Semangat mencapai hasil kerja sesuai dengan RKAP yang telah\r\nditetapkan.<br></p>', '<p><p><b>Selalu berusaha untuk melebihi target orang lain/prestasi rata-rata. </b></p>\r\n\r\n<p>Mampu mencapai target yang ditetapkan manajemen atau memiliki\r\ndorongan untuk mencapai hasil kerja yang melebihi standar orang lain/prestasi rata-rata.\r\n</p>\r\n\r\n<p>Contoh : Hasil\r\nkerja telah mencapai RKAP.</p>\r\n\r\n<p><b>Memiliki kemandirian untuk menetapkan ukuran prestasi\r\nkerja, tanpa bimbingan manajemen.</b></p>\r\n\r\n<p>Menetapkan target\r\nyang sedikit lebih tinggi, namun target tersebut tidak menantang atau target\r\nyang aman. </p>\r\n\r\nContoh : Penetapan target yang aman meskipun potensi cukup mendukung\r\nuntuk pencapaian hasil yang lebih baik.&nbsp;<br></p>', '<p><p><b>Terus berusaha\r\nmelampaui target dengan menetapkan tujuan yang\r\nmenantang.</b></p>\r\n\r\n<p>Menetapkan suatu\r\ntindakan untuk mencapai tujuan yang menantang, namun tetap realistis. Menganalisa\r\nsegala tindakan berdasarkan prioritas, pertimbangan terhadap peluang\r\nmendapatkan keuntungan, atau analisis biaya manfaat <b>(<i>Benefit Cost Analysis</i>).</b></p>\r\n\r\n<p><b>Menetapkan target yang selalu meningkat dari\r\nwaktu ke waktu. </b></p>\r\n\r\n<p>Misalkan mengerjakan\r\nsesuatu dengan lebih baik, cepat, biaya yang lebih efisien.</p>\r\n\r\n<p>Catatan : meski\r\ntujuan yang menantang tidak dapat tercapai, tetap di beri skor 4. </p>\r\n\r\nContoh : Menetapkan target diatas RKAP pada\r\nsetiap triwulan (RKO).&nbsp;<br></p>', '<p><p><b>Berani mengambil\r\nrisiko dengan pertimbangan yang matang.</b></p>\r\n\r\n<p>Memanfaatkan sumber daya\r\ndan atau waktu yang signifikan untuk meningkatkan kinerja, mencoba sesuatu yang\r\nbaru/menantang, meminimalkan risiko yang terjadi, memberikan semangat dan\r\nmendukung bawahan dalam menghadapirisiko enterpreneurial/kewirausahaan. </p>\r\n\r\n<p><b>Mengambil kesempatan baru dengan penuh pertimbangan</b><b>. </b></p>\r\n\r\nMeninggalkan apa yang telah dicapai/dimiliki dengan risiko terbesar akan kehilangan sesuatu yang telah dimiliki,&nbsp; meski ternyata kesempatan baru\r\nyang diambil tersebut gagal.<br></p>', '2013-03-29', '1'),
(2, 1, 'S.01.ACH.B', 'B', 'Dampak semangat prestasi', '(berlaku jika level kompetensi Dimensi A skor 3 atau lebih)', '<p><b>Kurang memiliki dampak terhadap siapapun.</b><br></p>', '<p><p><b>Memiliki dampak pada\r\npeningkatan efisiensi kerja diri sendiri atau orang lain (salah satu\r\nbawahannya). </b></p>\r\n\r\n<p>Peningkatan\r\nefisiensi melalui menajemen waktu, metode kerja dsb.</p>\r\n\r\n<p><b>Memiliki dampak dalam </b><b>m</b><b>empengaruhi satu\r\nsampai tiga orang lain. </b></p>\r\n\r\nMampu menumbuhkan komitmen finansial\r\n(pendapatan/penghematan) yang kecil bagi perusahaan.<br></p>', '<p><p><b>Memiliki dampak dalam mempengaruhi satu\r\nkelompok kerja (4-15 orang).</b></p>\r\n\r\nMampu meningkatkan komitmen\r\nyang finansial yang cukup besar bagi perusahaan (ukuran moderat). Bekerja\r\ndengan disertai penyusunan sistem yang lebih efisien, mempengaruhi orang lain\r\nuntuk lebih efisien, meningkatkan kinerja kelompok.<br></p>', '<p><b>Mempengaruhi satu Unit\r\nUsaha (Kebun/PKS/Bagian) dalam perusahaan.</b><br></p>', '<p><b>Mempengaruhi satu SBU atau beberapa SBU atau satu Perusahaan dalam skala yang luas.&nbsp;</b><br></p>', '2013-03-29', '1'),
(3, 2, 'S.02.INV', '', 'Innovation', '', '<p><p><b>Tidak mempunyai dan atau tidak mampu\r\nmenerapkan ide atau gagasan baru.</b></p>\r\n\r\nBekerja hanya menjalankan rutinitas tanpa memikirkan\r\npeluang untuk&nbsp; kemajuan perusahaan&nbsp;<br></p>', '<p><p><b>Mampu melihat dan menyampaikan peluang\r\nyang memungkinkan terciptanya ide atau gagasan baru. </b></p>\r\n\r\n<p>Memiliki kemampuan untuk melihat\r\nhal-hal yang terjadi di lingkungan perusahaan, yang dapat memberikan peluang\r\nuntuk menciptakan ide baru. </p>\r\n\r\n<p>Contoh: Curah hujan yang tinggi\r\nberdampak pada terganggunya proses sadapan atau gagal sadap sehingga mengganggu\r\npencapaian produksi. </p>\r\n\r\n<b>Mampu menerapkan &nbsp;ide baru di unit kerjanya, namun ide atau\r\ngagasan&nbsp;</b><b style="font-size: 15px; line-height: 1.5em;">tersebut sudah dilakukan unit lain di PTPN V.</b><br></p>\r\n\r\nContoh : Penanganan tanaman kacangan <i>muccuna brachteata</i> yang telah berumur\r\nlebih dari 2 bulan di pembibitan.', '<p><p><b>Mampu menciptakan ide atau gagasan\r\nbaru. </b></p>\r\n\r\n<p>Mampu memanfaatkan peluang sebatas\r\ndalam bentuk konsep riil dan dapat memberikan alternatif solusi. </p>\r\n\r\n<p>Contoh: Penggunaan alat penebar\r\ntankos.</p>\r\n\r\n<p><b>Mampu menerapkan ide atau gagasan baru\r\nyang belum pernah di dilaksanakan di PTPN V</b>, <b>namun\r\npernah dilaksanakan di perusahaan perkebunan</b> <b>lain </b>.</p>\r\n\r\nContoh: Menerapkan penggunaan\r\nalat penebar tankos di unit.<br></p>', '<p><p><b>Mampu mengimplementasikan ide atau\r\ngagasan baru yang sudah dilaksanakan industri lain di luar industri perkebunan .</b></p>\r\n\r\nContoh : Pemanfaatan limbah\r\ncair menjadi biogas plant.<br></p>', '<p><p><b>Mampu menciptakan ide atau gagasan\r\nbaru dan efektif yang </b><b>dampaknya bisa mempengaruhi perkembangan industri\r\nperkebunan</b></p>\r\n\r\n<p>Contoh\r\n: Sistem\r\npembelian TBS yang lebih fleksibel.</p>\r\n\r\n<p><b>Mampu mengimplementasikan ide atau\r\ngagasan baru dan efektif yang dapat merubah PTPN V ke arah pembaharuan (<i>level\r\ncorporate</i>)</b></p>\r\n\r\nContoh : Implementasi CBHRM, penghasilan berkorelasi\r\ndengan kinerja.<br></p>', '2013-03-29', '1'),
(4, 3, 'S.03.KPT', '', 'Keeping Track', '', '<p><p><b>Kurang&nbsp; memiliki perhatian kepada kejelasan tugas\r\n(kualitas, ketelitian). </b></p>\r\n\r\nKurang aktif mencari kejelasan\r\ntugas atau kurang\r\nperhatian terhadap aturan yang berlaku.<br></p>', '<p><p><b>Memperlihatkan</b><b> kepedulian </b><b>terhadap aturan dan kejelasan tugas.</b></p>\r\n\r\nMencari kejelasan terhadap hasil yang diharapkan,\r\nberikut tugas-tugasnya mencakup kejelasan data/sumber daya\r\nyang digunakan. Lebih menyukai penugasan\r\nsecara tertulis.<br></p>', '<p><p><b>Memeriksa ulang pekerjaan\r\nsendiri.</b></p>\r\n\r\n<p>Secara sadar selalu memeriksa\r\nulang sendiri akurasi informasi atau pekerjaan sendiri.</p>\r\n\r\n<p><b>Memonitor pekerjaan orang\r\nlain. </b></p>\r\n\r\nMemonitor kualitas pekerjaan orang lain, mengecek\r\nuntuk menyakinkan bahwa prosedur yang berlaku sudah dilaksanakan dengan baik,\r\natau melakukan pencatatan proses kerja secara detail dan jelas mengenai\r\naktivitas diri sendiri atau orang lain.<br></p>', '<p><p><b>Memonitor\r\nkegiatan dari suatu pekerjaan.</b></p>\r\n\r\n<p>Memonitor dan menemukan kelemahan dari suatu proses kerja untuk memastikan pekerjaan\r\nselesai dalam batas waktu tertentu, serta mencari informasi untuk menjaga dan meningkatkan keteraturan di dalam suatu sistem.</p>\r\n\r\n<p><b>Mengembangkan sistem. </b></p>\r\n\r\nMengembangkan dan menggunakan sistem untuk\r\nmengorganisir dan menjaga kemampuan lacak setiap informasi.<br></p>', '<p><p><b>Mengembangkan sistem yang kompleks. </b></p>\r\n\r\nMengembangkan suatu sistem yang baru, detail, dan\r\nkompleks (terdiri dari banyak komponen &amp; banyak pihak yang terlibat) untuk\r\nmeningkatkan keteraturan dan meningkatkan kualitas\r\ndata atau mengurangi kebutuhan-kebutuhan baru dari ketidakteraturan\r\nsebelumnya.<br></p>', '2013-03-29', '1'),
(5, 4, 'S.04.INT.A', 'A', 'Waktu : keputusan yang diambil berkaitan dengan waktu', '', '<p><p><b>Tidak mengambil inisiatif. </b></p>\r\n\r\nTidak mampu melihat peluang,\r\nperlu petunjuk dan pengawasan terus menerus.<br></p>', '<p><p><b>Konsisten\r\nmengambil inisiatif. </b></p>\r\n\r\n<p>Dapat mengambil inisiatif ketika mengatasi ketidakjelasan\r\ntugas atau penolakan. Tidak mudah menyerah apabila rencana tidak berjalan\r\nmulus.</p>\r\n\r\n<p><b>Memusatkan\r\npada kesempatan atau masalah yang dihadapi saat ini. </b></p>\r\n\r\nMengenali dan melakukan tindakan terhadap kesempatan\r\nyang ada sekarang atau fokus pada masalah yang dihadapi sekarang (biasanya\r\ndiselesaikan pada waktu 1-2 hari)<br></p>', '<p><p><b>Dapat\r\nmengambil inisiatif pada situasi kritis atau genting.</b></p>\r\n\r\n<p>Dapat mengambil inisiatif dan bertindak secara\r\ncepat, tanpa menunggu petunjuk/arahan dari atasan.</p>\r\n\r\n<p><b>Melakukan tindakan\r\nantisipatif 1- 12 bulan ke depan.</b></p>\r\n\r\nMenciptakan kesempatan atau meminimalisasi\r\nmasalah-masalah potensial dengan usaha khusus ekstra (merancang program baru\r\ndsb). Mengantisipasi dan\r\nmenyiapkan&nbsp; segala sesuatu untuk\r\nkesempatan dan masalah&nbsp; yang tidak diperhatikan\r\noleh orang lain. Melakukan tindakan untuk menciptakan kesempatan atau\r\nmenghindari krisis yang mungkin terjadi di masa yang akan datang. Melihat&nbsp; jauh 1 -12 bulan ke depan.<br></p>', '<p><p><b>Melakukan\r\ntindakan antisipatif 1 sampai &nbsp;5 tahun ke\r\ndepan.</b></p>\r\n\r\nMengantisipasi situasi 1 sampai 5 tahun dan bertindak\r\nmenciptakan kesempatan dan menghindari masalah.<br></p>', '<p><p><b>Melakukan tindakan\r\nantisipatif lebih dari 5 tahun ke depan.</b></p>\r\n\r\nMengantisipasi\r\nsituasi lebih&nbsp; dari 5 tahun&nbsp; ke depan dan bertindak untuk menciptakan kesempatan\r\ndan menghindari masalah.<br></p>', '2013-03-29', '1'),
(6, 4, 'S.04.INT.B', 'B', 'Dorongan dalam diri sendiri', '', '<p><b>Selalu membutuhkan\r\npengawasan secara terus menerus. Cenderung menghindari pekerjaan.</b><br></p>', '<p><p><b>Memiliki\r\ndorongan untuk bekerja sesuai deskripsi tugasnya, namun masih perlu bimbingan. </b></p>\r\n\r\nContoh : bekerja di akhir pekan, di hari libur,\r\nbekerja lembur dengan bimbingan atasan.&nbsp;<br></p>', '<p><p><b>Melaksanakan\r\npekerjaan sesuai dengan deskripsi tugasnya secara mandiri.</b></p>\r\n\r\nContoh : Dapat mengendalikan biaya produksi di\r\nafdeling.<br></p>', '<p><p><b>Melaksanakan\r\npekerjaan lebih dari yang diperintahkan.</b></p>\r\n\r\n<p>Melakukan pekerjaan tambahan atas inisiatif sendiri. Melakukan\r\ntugas-tugas atau proyek-proyek baru.</p>\r\n\r\n<p>Contoh: Manajer PKS\r\nmelakukan koordinasi dengan petani plasma untuk meningkatkan pasokan TBS.</p>\r\n\r\n<p><b>Melakukan usaha-usaha yang luar\r\nbiasa atau heroik. </b></p>\r\n\r\nBertindak tanpa kewenangan formal, mengambil resiko\r\npersonal, mengabaikan aturan demi memenuhi\r\nkebutuhan pekerjaan (penekanan diberikan pada bagaimana memenuhi tuntutan pekerjaan, bukan bagaimana agar tidak\r\nmelanggar norma yang berlaku).<br></p>', '<p><p><b>Melibatkan orang lain dalam usaha ekstra yang tidak biasa. </b></p>\r\n\r\nMelibatkan <i>stakeholder </i>untuk terlibat dalam proses bisnis perusahaan.<br></p>', '2013-03-29', '1'),
(7, 5, 'S.05.INF', '', 'Information seeking', '', '<p><b>Tidak mencari informasi\r\ntambahan selain yang diberikan kepadanya.</b><br></p>', '<p><p><b>Bertanya. </b></p>\r\n\r\n<p>Mengajukan pertanyaan kepada orang yang\r\nterlibat secara langsung, berusaha bertanya jika orang tersebut tidak hadir\r\nsecara fisik, berkonsultasi dengan sumber daya yang ada. </p>\r\n\r\n<p><b>Melakukan penelusuran.</b></p>\r\n\r\nMelakukan penelusuran sendiri untuk melihat\r\npermasalahan dan menanyai orang-orang yang paling dekat atau yang terkait\r\ndengan permasalahan tersebut.<br></p>', '<p><p><b>Menggali lebih dalam masalah.\r\n</b></p>\r\n\r\n<p>Mengajukan serangkaian\r\npertanyaan untuk mencari akar permasalahan atau latar belakang situasi.</p>\r\n\r\n<p><b>Menghubungi pihak-pihak lain.\r\n</b></p>\r\n\r\nMenghubungi pihak lain yang tidak terlibat secara\r\npersonal untuk mengetahui pandangan mereka mengenai informasi yang\r\nmelatarbelakangi beserta pengalamannya.<br></p>', '<p><p><b>Melakukan kajian. </b></p>\r\n\r\n<p>Melakukan usaha-usaha yang\r\nsistematis selama periode waktu yang tak terbatas, untuk memperoleh data yang\r\ndiinginkan atau umpan balik yang dibutuhkan atau melakukan kajian melalui surat\r\nkabar, majalah dan media lainnya (apabila informasi ini terkait dengan data\r\nteknis yang memerlukan pelatihan, maka pencarian informasi tersebut tidak\r\ntermasuk level ini, namun merupakan level dari <i>Expertise</i>).</p>\r\n\r\n<p><b>Menggunakan cara kerja sendiri. </b></p>\r\n\r\nMerencanakan cara kerja atau kebiasaan dalam\r\nmengumpulkan berbagai jenis informasi (bisa berupa pertemuan\r\ninformal secara regular, dsb). Hal ini ditujukan benar-benar untuk mengumpulkan\r\ninformasi. &nbsp;&nbsp;<br></p>', '<p><p><b>Melibatkan pihak yang kompeten. </b></p>\r\n\r\nMelibatkan orang lain yang semestinya tidak terlibat\r\ndan meminta mereka mencari informasi yang diperlukan (level ini tidak termasuk &nbsp;pendelegasian riset atau pencarian informasi\r\nkepada bawahan, level ini hanya untuk melibatkan pihak-pihak yang seharusnya\r\ntidak terlibat).<br></p>', '2013-03-29', '1'),
(8, 6, 'S.06.EMP.A', 'A', 'Kedalaman pemahaman terhadap orang lain', '', '<p><p><b>Kurang mampu memahami orang lain. </b></p>\r\n\r\nTidak menunjukkan kepedulian nyata terhadap orang\r\nlain, tapi tidak menimbulkan kesalahpahaman.<br></p>', '<p><p><b>Mampu\r\nmemahami isi pesan verbalnya atau kandungan emosinya</b></p>\r\n\r\nMampu\r\nmemahami perasaan emosi seseorang yang sedang terjadi ataupun menangkap isi\r\npesan eksplisit yang disampaikan, tetapi tidak kedua-duanya secara bersamaan.<br></p>', '<p><p><b>Memahami</b><b> emosi maupun isinya. </b></p>\r\n\r\n<p>Mampu memahami perasaan\r\nemosi seseorang&nbsp; yang sedang terjadi dan\r\njuga sekaligus menangkap isi pesan eksplisit yang disampaikan. </p>\r\n\r\n<p><b>Memahami dengan penuh\r\npengertian. </b></p>\r\n\r\nMengerti pikiran yang&nbsp;\r\ntidak terungkap secara verbal, peduli dan penuh perasaan.<br></p>', '<p><p><b>Memahami issue &nbsp;yang ada dibalik suatu percakapan.</b></p>\r\n\r\n<p>Mampu mengerti hal-hal yang mendasari suatu\r\npermasalahan, alasan yang mendasari munculnya emosi, tindakan, ataupun\r\nkepedulian seseorang. </p>\r\n\r\nMampu menunjukkan suatu pandangan yang seimbang\r\ntentang kekuatan dan kelemahan spesifik seseorang.<br></p>', '<p><p><b>Memahami isue kompleks yang\r\nada dibalik suatu percakapan. </b></p>\r\n\r\nMampu mengerti penyebab yang kompleks dari suatu\r\nperbuatan, pola kebiasaan maupun masalah&nbsp;\r\nseseorang<br></p>', '2013-03-29', '1'),
(9, 6, 'S.06.EMP.B', '', 'Mendengar dan merespon orang lain', '', '<p><p><b>Tidak simpatik. </b></p>\r\n\r\nTidak ada usaha untuk\r\nmendengarkan,menutup\r\njalannya pembicaraan, tidak membuat orang lain merasa nyaman untuk terbuka<br></p>', '<p><p><b>Mendengarkan. </b></p>\r\n\r\nMenangkap kunci pokok pesan atau perasaan seseorang,\r\natau bersedia mendengarkan apabila didekati seseorang. Mengajukan pertanyaan\r\nuntuk mengkonfirmasikan pengertian tentang topik pembicaraan. Menggunakan\r\npemahaman/kata-katanya sendiri dalam menerangkan apa yang sedang terjadi/pernah\r\ndisampaikan kepadanya&nbsp;<br></p>', '<p><p><b>Menjadi\r\npribadi yang siap mendengarkan. </b></p>\r\n\r\nSelalu menyediakan diri mendengarkan orang lain, dan\r\nsecara aktif berusaha untuk mengerti persoalan<br></p>', '<p><p><b>Mampu memprediksi respon\r\norang lain. </b></p>\r\n\r\n<p>Menggunakan pemahaman yang\r\ndidasari apa yang telah didengar dan dilihat, dan kemudian siap merespon orang\r\nlain</p>\r\n\r\n<p><b>Mendengarkan dengan\r\nresponsif. </b></p>\r\n\r\nMerefleksikan kepedulian terhadap orang lain, mudah\r\ndiajak bicara, merespon kepedulian orang lain dengan tindakan reponsif untuk\r\nmembantu. Selalu berusaha berdialog, berkomunikasi dua arah<br></p>', '<p><p><b>Siap untuk menolong. </b></p>\r\n\r\nMembantu menyelesaikan&nbsp;\r\nmasalah orang lain baik yang mereka ungkapkan maupun tidak<br></p>', '2013-03-29', '1'),
(10, 7, 'S.07.CSO.A', 'A', 'Fokus pada kebutuhan pelanggan', '', '<p><p><b>Tidak peka/memahami kebutuhan\r\npelanggan.</b> &nbsp;</p>\r\n\r\n<p>Pelanggan\r\nkecewa karena tidak terpenuhi kebutuhannya. </p>\r\n\r\n<p><b>Mengalami hambatan untuk bersikap\r\ntulus, memberikan pelayanan yang minimal.</b></p>\r\n\r\n<p>Memberikan\r\nkomentar yang negatif atau cenderung menyalahkan pelanggan.</p>\r\n\r\nMemberikan respon seadanya atas pertanyaan/kebutuhan pelanggan meskipun kesempatan memungkinkan untuk\r\nmemberikan pelayanan yang dapat memuaskan pelanggan.&nbsp;<br></p>', '<p><p><b>Menindaklanjuti\r\npermintaan/kebutuhan/keluhan pelanggan.</b></p>\r\n\r\n<p>Melayani sesuai dengan\r\npermintaan/kebutuhan/keluhan pelanggan , namun tidak mencari akar permasalahn\r\nyang dihadapi pelanggan.</p>\r\n\r\nContoh : Melayani permintaan kelengkapan data,\r\npelanggan terpenuhi data tersebut.&nbsp;<br></p>', '<p><p><b>Menjalin dan memelihara\r\nkomunikasi yang baik dengan pelanggan dengan tujuan untuk mendapatkan\r\nkeuntungan kedua belah pihak. </b></p>\r\n\r\n<p>Memonitor kepuasan pelanggan,\r\nmendistribusikan informasi yang membantu pelanggan. Memberikan layanan yang\r\nramah dan bersikap sebagai mitra.</p>\r\n\r\n<p>Contoh : mencari informasi\r\nsejauhmana kebutuhan data terpenuhi.</p>\r\n\r\n<p><b>Bertanggung jawab untuk\r\nmenyelesaikan masalah pelayanan kepada pelanggan. </b></p>\r\n\r\n<p>Menyelesaikan masalah secara\r\ncepat dan tidak bersifat defensif. Tidak &nbsp;melemparkan atau lepas tangan dari masalah\r\npelanggan yang ditangani. </p>\r\n\r\n<p>Contoh : tidak menyalahkan\r\nsiapapun apabila pelanggan kurang puas.</p>\r\n\r\n<p><b>Selalu\r\nsiap membantu terutama jika pelanggan berada pada situasi yang kritis. </b></p>\r\n\r\n<p>Memberikan\r\nkemudahan untuk akses dan selalu menyediakan waktu untuk pelanggan.</p>\r\n\r\nContoh : memberikan kemudahan pelanggan untuk\r\nkonfirmasi lebih lanjut apabila pelanggan mengalami permasalahan<br></p>', '<p><p><b>Melakukan\r\nsegala tindakan supaya menjadi baik. </b></p>\r\n\r\n<p>Bertindakuntuk meningkatkan nilai tambah,\r\nmembuat keadaan lebih baik dan&nbsp;\r\nmenunjukkan harapan yang positif terhadap pelanggan</p>\r\n\r\n<p><b>Mencari informasi mengenai kebutuhan-kebutuhan\r\npelanggan yang sifatnya spesifik/mendasar</b><b> (</b><b>selain yang sudah diketahui sebelumnya</b><b>)</b><b> dan </b><b>menyesuaikan tindakannya untuk memenuhi\r\nkebutuhan tersebut.</b></p>\r\n\r\n<b>Memiliki orientasi jangka panjang.&nbsp;</b><br></p><p>Bekerja\r\ndengan orientasi jangka panjang&nbsp; dalam\r\nmembina hubungan dengan pelanggan walaupun akan mengakibatkan tambahan biaya.<b><br></b></p>', '<p><p><b>Dapat bertindak\r\nsecara obyekti</b><b>f</b><b> dalam\r\nmemberikan </b><b>alternatif solusi</b><b> terhadap permasalahan pelanggan</b><b>. </b></p>\r\n\r\n<p>Terlibat secara langsung dan aktif dalam proses pengambilan keputusan\r\npelanggan.</p>\r\n\r\n<p><b>Menjaga </b><b>citra perusahaan dengan </b><b>menyelesaikan permasalahan yang berkaitan dengan kepuasan\r\npelanggan.&nbsp; </b></p>\r\n\r\nMendorong pihak manajemen untuk menyelesaikan\r\npermasalahan yang berkaitan dengan pelanggan.<br></p>', '2013-03-29', '1'),
(11, 7, 'S.07.CSO.B', 'B', 'Inisiatif (usaha yang dilakukan) untuk melayani', '', '<p><p><b>Menimbulkan penilaian negatif pelanggan. </b></p>\r\n\r\nTidak melakukan tindakan apapun. Selalu membuat alasan.&nbsp;<br></p>', '<p><p><b>Melakukan tindakan seperlunya (rutin). </b></p>\r\n\r\nMemenuhi kebutuhan pelanggan sebatas pada\r\nperannya/tugasnya atau\r\nberdasarkan permintaan pelanggan.&nbsp;<br></p>', '<p><p><b>Bersikap sangat membantu\r\nkepada pelanggan. </b></p>\r\n\r\nMelakukan lebih dari tindakan\r\nrutin untuk membantu pelanggan (melakukan pelayanan 2 kali usaha normal)<br></p>', '<p><p><b>Berusaha lebih keras untuk memenuhi kebutuhan pelanggan. </b></p>\r\n\r\n<p>Lebih dari\r\n2 sampai dengan 6 kali&nbsp; usaha normal.</p>\r\n\r\n<b>Melibatkan orang lain dalam tindakan non rutin untuk\r\nmemenuhi kebutuhan pelanggan</b><br></p>', '<p><p><b>Melakukan usaha yang sangat luar biasa. </b></p>\r\n\r\nMenggunakan waktu atau usaha pribadi selama\r\nberminggu-minggu untuk membantu pelanggan, atau melaksanakan tugas atau usaha\r\nyang jauh melebihi deskripsi tugas<br></p>', '2013-03-29', '1'),
(12, 8, 'S.08.IMP.A', 'A', 'Tindakan untuk mempengaruhi orang lain.', '', '<p><b>Tidak berusaha untuk\r\nmempengaruhi orang lain</b>&nbsp;&nbsp;<br></p>', '<p><p><b>Menyatakan keinginannya tetapi tidak melakukan tindakan\r\nyang spesifik.</b>&nbsp; </p>\r\n\r\n<p>Menginginkan suatu pengaruh namun tidak melakukan\r\ntindakan khusus untuk meningkatkan ketertarikan orang lain.</p>\r\n\r\n<p><b>Melakukan satu tindakan untuk meyakinkan</b><b> orang lain</b><b>. </b></p>\r\n\r\n<p>Meyakinkan orang lain secara langsung dalam suatu\r\ndiskusi atau presentasi. </p>\r\n\r\nContoh : menyampaikan pengaruh secara langsung atau\r\ntatap muka<br></p>', '<p><p><b>Melakukan dua tindakan untuk\r\nmeyakinkan orang lain</b></p>\r\n\r\n<p>Berusaha melakukan tindakan\r\nuntuk meningkatkan ketertarikan orang lain, dengan melakukan persiapan yang seksama. </p>\r\n\r\n<p>Contoh : menyakinkan dengan\r\nmempersiapkan presentasi disertai data atau menyertakan\r\ndua atau lebih argumen dari berbagai\r\nsudut\r\npandang yang berbeda. </p>\r\n\r\n<p><b>Menyesuaikan cara mempengaruhi dengan komentar atau\r\ntindakan seseorang. </b></p>\r\n\r\n<p>Memperhitungkan pengaruh\r\ntindakan. Menyesuaikan presentasi atau diskusi dengan kepentingan orang lain,\r\nmengantisipasi efek dari suatu tindakan.</p>\r\n\r\n<p>Contoh : menyajikan presentasi sesuai target orang\r\nyang perlu diyakinkan</p>\r\n\r\n<p><b>Memperhitungkan dampak dari suatu tindakan yang dramatis.\r\n</b></p>\r\n\r\n<p>Memodelkan perilaku orang lain yang diinginkan atau memperhitungkan perilaku yang\r\ntidak biasa atau dramatis untuk menghasilkan dampak yang spesifik.</p>\r\n\r\nContoh : memberikan contoh perilaku orang lain untuk\r\nmempengaruhi<br></p>', '<p><p><b>Melakukan tiga tahap\r\ntindakan atau menyusun pengaruh secara tidak langsung.</b></p>\r\n\r\n<p>Berusaha\r\nuntuk meningkatkan kepentingan orang lain.&nbsp;</p><p><p><b>Meminta bantuan pihak yang\r\nkompeten</b></p>\r\n\r\nMeminta\r\nbantuan dari ahli atau pihak ketiga untuk mempengaruhiatau\r\nmembuat&nbsp; argumen yang bertingkat dan\r\nkompleks. Membangun dukungan secara langsung maupun tidak langsung, memberikan\r\ninformasi secara bebas atau menahannya, demi untuk menimbulkan efek tertentu,\r\nmenggunakan <i>Group Process Skill</i> untuk\r\nmempengaruhi\r\norang lain.<br></p></p>', '<p><b>Menggunakan\r\nstrategi untuk mempengaruhi secara menyeluruh. </b>Menggunakan strategi yang kompleks yang disesuaikan\r\ndengan situasi tertentu (misalnya menggunakan serangkaian pengaruh tidak\r\nlangsung, melakukan A untuk mendapatkan B sehingga B akan mengatakan pada C ).\r\nMenyusun situasi atau pekerjaan, merubah struktur organisasi untuk\r\nmengembangkan perilaku tertentu yang diinginkan dengan menggunakan manuver\r\npolitis tertentu untuk mencapai tujuan (level kompleksitas ini biasanya\r\ndisertai dengan level 3 dan 4 dari <i>emphaty</i>, atau dengan level yang terkait dalam <i>Organizational\r\nAwareness)</i><i>.</i><br></p>', '2013-03-29', '1'),
(13, 8, 'S.08.IMP.B', 'B', 'Keluasan dari pengaruh yang ditimbulkan', '', '<p>Tidak\r\nmempunyai pengaruh terhadap orang lain<br></p>', '<p>Unit\r\nkerja/Urusan/Afdeling<br></p>', '<p>Unit\r\nUsaha/Kebun/Pabrik/Bagian<br></p>', '<p>SBU<br></p>', '<p>Keseluruhan\r\norganisasi yang berskala korporat dan <i>stakeholders</i><br></p>', '2013-03-29', '1'),
(14, 9, 'S.09.ORA.A', 'A', 'Kedalaman pemahaman organisasi', '', '<p><p><b>Kurang memahami struktur organisasi. </b></p>\r\n\r\nKurang mengenali dan tidak dapat mendeskripsikan\r\nstruktur formal atau hirarki dari suatu organisasi, rantai perintah kekuasaan\r\nsetiap posisi, peraturan dan <i>Standar Operating Procedur</i> dsb.<br></p>', '<p><p><b>Memahami struktur organisasi formal.</b></p>\r\n\r\nMengenali dan dapat mendeskripsikan struktur formal\r\natau hirarki dari suatu organisasi, rantai perintah kekuasaan setiap posisi,\r\nperaturan dan <i>Standar Operating Procedur</i> dsb.<br></p>', '<p><p><b>Memahami struktur informal dalam organisasi.</b></p>\r\n\r\n<p>Memahami dan bisa memanfaatkan jalur dan\r\nstruktur informal (mampu mengidentifikasi aktor kunci, orang yang bisa\r\nmempengaruhi keputusan dsb).</p>\r\n\r\n<p><b>Memahami iklim&nbsp; dan budaya/kebiasaan.</b></p>\r\n\r\nMampu memahami batasan organisasional yang tidak\r\ndinyatakan secara nyata. Mampu mengenali dan memanfaatkan kebiasaan tata cara,\r\nsituasi tertentu dan sebagainya sehingga apa yang disampaikan menjadi didengar/direspon.<br></p>', '<p><p><b>Memahami politik perusahaan.</b></p>\r\n\r\n<p>Memahami pengaruh dan hubungan/kekuatan\r\nkelompok yang sedang berjalan di organisasi (aliansi atau persaingan)<b>.</b></p>\r\n\r\n<p><b>Memahami isu-isu yang berada&nbsp; dibalik organisasi. </b></p>\r\n\r\nMemahami alasan-alasan dari perilaku perusahaan yang\r\nsedang berjalan atau masalah yang ada dibalik organisasi, kesempatan, atau\r\nkelompok-kelompok yang akan berpengaruh di perusahaan. Mampu menjelaskan\r\nstruktur fungsional yang menjadi tulang punggung organisasi (misalnya mampu\r\nmengenali think tank kelompok yang sedang memimpin).<br></p>', '<p><p><b>Memahami isu-isu jangka panjang. </b></p>\r\n\r\nMemahami dan memberikan perhatian pada isu-isu yang\r\nberjangka panjang, kesempatan atau kekuatan politik yang mempengaruhi\r\norganisasi dalam hubungannya dengan dunia luar.<br></p>', '2013-03-29', '1'),
(15, 9, 'S.09.ORA.B', 'B', 'Keluasan dari pemahaman organisasi', '', '<p>Tidak memiliki\r\npemahaman terhadap organisasi<br></p>', '<p>Memiliki\r\npemahaman pada Unit kerja/Urusan/Afdeling dan <i>stakeholders-</i>nya<br></p>', '<p>Unit\r\nUsaha/Kebun/Pabrik/Bagian dan <i>stakeholders</i>-nya<br></p>', '<p>SBU dan <i>stakeholders</i>-nya<br></p>', '<p>Keseluruhan\r\norganisasi yang berskala korporat dan <i>stakeholders</i><br></p>', '2013-03-29', '1'),
(16, 10, 'S.10.RLB.A', 'A', 'Kedalaman dalam membangun hubungan', '', '<p><p><b>Menghindari\r\n</b><b>interaksi sosial</b>. </p>\r\n\r\n<p><b>Menerima undangan. </b></p>\r\n\r\nMenerima undangan atau tawaran persahabatan lainnya, tetapi tidak mengembangkan tawaran tersebut untuk\r\nmembangun hubungan kerja.<br></p>', '<p><p><b>Sensitif dan\r\nakomodatif terhadap orang lain. </b></p>\r\n\r\nMembina hubungan baik dengan mitra kerja. Membina hubungan\r\ndengan pihak lain yang diajak bekerja sama, seperti instansi pemerintah,\r\npemasok, dsb.<br></p>', '<p><p><b>Melakukan inisiatif untuk\r\nberhubungan. </b></p>\r\n\r\n<p>Secara proaktif memulai hubungan\r\nyang sifatnya formal. Berinisiatif untuk melakukan kunjungan, mengundang orang\r\natau pihak tertentu untuk menjaga hubungan yang telah berlangsung agar lebih\r\nerat. </p>\r\n\r\n<p><b>Menciptakan jejaring\r\nkomunikasi</b>. </p>\r\n\r\nAktif untuk menciptakan jejaring komunikasi dengan\r\nsuatu komunitas tertentu. Melibatkan diri dalam suatu komunitas tertentu untuk\r\nmemperluas jejaring komunikasi.<br></p>', '<p><p><b>Memanfaatkan\r\njejaring untuk </b><b>kepentingan\r\norganisasi</b></p>\r\n\r\nMemanfaatkan hubungan atau jejaring komunikasi yang\r\nsudah terjalin untuk kepentingan organisasi atau perusahaan, seperti untuk promosi, penyelesaian masalah, kerja sama,\r\ndsb. Belum berfikir untuk memberikan\r\nkeuntungan juga bagi pihak yang diajak bekerja sama.&nbsp;<br></p>', '<p><p><b>B</b><b>erinisiatif untuk menciptakan\r\nsinergi. </b></p>\r\n\r\nMenciptakan hubungan kerja sama yang strategis yang\r\nsaling menguntungkan.<br></p>', '2013-03-29', '1'),
(17, 10, 'S.10.RLB.B', 'B', 'Keluasan dampak dalam membangun hubungan', '', '<p>Tidak\r\nmempunyai dampak dalam membangun hubungan kerja<br></p>', '<p>Setingkat\r\nUnit kerja/Urusan/Afdeling<br></p>', '<p>Setingkat\r\nUnit Usaha/Kebun/Pabrik/Bagian<br></p>', '<p>&nbsp;Setingkat\r\nSBU<br></p>', '<p>Keseluruhan\r\norganisasi yang berskala korporat dan <i>stakeholders</i><br></p>', '2013-03-29', '1'),
(18, 11, 'S.11.DVO.A', 'A', 'Intensitas pengembangan', '', '<p><p><b>Mempengaruhi orang lain untuk tidak berkembang. </b></p>\r\n\r\n<p>Menutup\r\njalan orang lain untuk berkembang.</p>\r\n\r\n<p>Contoh : tidak memberi\r\nkesempatan bawahan mengikuti program pengembangan diri.</p>\r\n\r\n<p><b>Tidak melakukan usaha yang spesifik untuk mengembangkan orang lain. </b></p>\r\n\r\nHanya berfokus pada melaksanakan tugasnya dengan baik.<br></p>', '<p><p><b>Memberikan instruksi secara mendetail dan atau mendemontrasikan\r\nmengenai suatu cara untuk melaksanakan tugas. </b></p>\r\n\r\n<p>Memberi tahu bagaimana caranya melakukan pekerjaan secara benar.</p>\r\n\r\n<p><b>Memiliki harapan</b><b> positif mengenai orang\r\nlain. </b></p>\r\n\r\nMemiliki keyakinan bahwa orang lain memiliki keinginan\r\nuntuk berkembang, memiliki potensi untuk dapat berkembang dan mampu untuk\r\nbelajar.<br></p>', '<p><p><b>Memberikan argumentasi atau dukungan lainnya. </b></p>\r\n\r\n<p>Memberikan pengarahan atau petunjuk teknis beserta alasannya, melibatkan logika sebagai suatu\r\nstrategi pelatihan, memberikan bantuan/dukungan praktis untuk mempermudah\r\npekerjaan (misalnya tanpa diminta memberikan tambahan sumber daya, informasi\r\ndan nasehat dari para pakar). Memastikan bahwa orang lain telah memahami\r\npenjelasan atau pengarahan. </p>\r\n\r\n<p><b>Memberikan umpan balik dengan tujuan pengembangan</b>. <b>Meyakinkan\r\nkembali dan memberikan semangat. </b></p>\r\n\r\nMemberikan umpan balik terhadap perilaku\r\nburuk untuk tujuan\r\npengembangan. Memiliki harapan bahwa kinerja di masa yang akan\r\ndatang mengalami peningkatan dan memberikan nasehat secara\r\npribadi untuk perbaikan.<br></p>', '<p><p><b>Mengusulkan/melakukan pelatihan sesuai kebutuhan jangka panjang. </b></p>\r\n\r\n<p>Menyiapkan tugas yang sesuai melalui latihan, kegiatan formal atau\r\npengalaman lainnya dengan tujuan untuk memaksa orang lain untuk belajar dan\r\nmengembangkan diri. Pelatihan formal\r\nsecara sederhana yang dilakukan untuk memenuhi persyaratan dari perusahaan\r\ntidak termasuk level\r\nkompetensi ini.</p>\r\n\r\n<p><b>Mengembangkan pilihan atau training </b><b>baru. </b></p>\r\n\r\nMengidentifikasi&nbsp; pengembangan yang diperlukan.&nbsp; Merancang program baru/materi atau\r\nmerencanakan pengalaman yang sukses orang lain untuk membangun keahlian dan\r\nkepercayaan diri sendiri.<br></p>', '<p><p><b>Mendelegasikan secara penuh. </b></p>\r\n\r\nMendelegasian tugas/pekerjaan dan wewenang secara\r\nbertanggung jawab&nbsp;<span style="font-size: 15px; line-height: 1.5em;">kepada bawahan (berdasar\r\nkompetensinya) untuk menyelesaikan pekerjaan sesuai dengan caranya untuk\r\nmemberikan kesempatan&nbsp; belajar dari\r\nkesalahan.</span><br></p>\r\n\r\n<p><b>Memberikan\r\npenghargaan bagi karyawan yang berhasil. </b></p>\r\n\r\nMempromosikan atau merencanakan promosi karyawan yang\r\nkompeten sebagai penghargaan atas pengembangan yang dilakukan atau memberikan penghargaan atas kinerjanya.&nbsp;', '2013-03-29', '1'),
(19, 11, 'S.11.DVO.B', 'B', 'Banyaknya dan tingkatan orang yang didorong untuk berkembang', '', '<p>Tidak seorangpun yang didorong untuk berkembang<br></p>', '<p>Melakukan\r\nusaha untuk mengembangkan sebagian besar orang&nbsp;\r\ndi Unit\r\nkerja/Urusan/Afdeling<br></p>', '<p>Melakukan\r\nusaha untuk mengembangkan sebagian besar orang diUnit Usaha/Kebun/Pabrik/Bagian<br></p>', '<p>Melakukan\r\nusaha untuk mengembangkan sebagian besar orang di SBU<br></p>', '<p>Melakukan\r\nusaha untuk mengembangkan sebagian besar orang di keseluruhan SBU atau perusahaan&nbsp;<br></p>', '2013-03-29', '1'),
(20, 12, 'S.12.DIR.A', 'A', 'Intensitas pengarahan', '', '<p><p><b>Tidak\r\nmemiliki kemampuan mengarahkan. </b></p>\r\n\r\nTidak memberikan pengarahan seperti yang diharapkan,\r\nmemberikan&nbsp;<span style="font-size: 15px; line-height: 1.5em;">perintah/pengarahan yang kurang jelas.</span><br></p>\r\n\r\nContoh :&nbsp; perintah/arahan\r\nyang tidak dipahami bawahan sehingga tidak mengetahui apa yang harus\r\ndikerjakan.', '<p><p><b>Menjelaskan\r\nperintah dan pengarahan rutin. </b></p>\r\n\r\n<p>Memberikan\r\npenjelasan yang jelas sesuai kebutuhan.</p>\r\n\r\n<p><b>Memberi\r\npengarahan secara detail. </b></p>\r\n\r\nMemberikan pengarahan tugas secara jelas dan rinci, menyampaikan tahap demi tahap tugas yang harus dikerjakan, sehingga menutup peluang pelaksanaan tugas dengan cara kerja yang berbeda atau memerintahkan secara\r\nspesifik (bila perintah ini digunakan untuk meningkatkan skill\r\norang lain, termasuk <i>Developing others</i>,bila perintah digunakan untuk memposisikan dirinya sendiri termasuk <i>Team\r\n</i><i>leadership</i>). Tujuan utama kompetensi ini adalah pekerjaan selesai.<br></p>', '<p><p><b>Berbicara dengan lugas. </b></p>\r\n\r\n<p>Dapat mengatakan tidak dengan\r\njelas untuk perintah yang tidak masuk akal atau menetapkan batasan untuk orang\r\nlain. Dapat mengkondisikan situasi yang dapat memaksa orang untuk menurut.</p>\r\n\r\n<p><b>Menuntut prestasi/performansi\r\nyang tinggi. </b></p>\r\n\r\n<p>Menetapkan standar kerja untuk\r\nmendapatkan kualitas atau menggunakan sumber daya dengan baik, memberikan\r\npengarahan/perintah dengan gaya yang tidak memberikan kesempatan orang untuk\r\nmenentang. </p>\r\n\r\n<p><b>Memantau performansi dengan pasti. </b></p>\r\n\r\nSecara terbuka selalu mengecek prestasi atau kinerja\r\nberdasarkan standar yang sudah ditentukan.<br></p>', '<p><p><b>Menegur\r\norang. </b></p>\r\n\r\n<p>Menegur\r\nsecara terbuka mengenai permasalahan kinerja, apabila perlu menggunakan kemarahan terkontrol (apabila kemarahan tidak\r\nterkontrol tidak termasuk level ini).</p>\r\n\r\n<p><b>Menjelaskan konsekuensi dari\r\nperilaku yang sesuai maupun tidak sesuai</b></p>\r\n\r\nMenggunakan <i>reward\r\ndan punishment</i> untuk mengontrol perilaku<br></p>', '<p><p><b>Memberikan/mengusulkan</b><b>hukuman</b><b>/sanksi</b><b>/<i>punishment</i>\r\norang yang memiliki kinerja buruk. </b></p>\r\n\r\nDilakukan tanpa ragu-ragu,\r\nsetelah melakukan usaha pencegahan sesuai prosedur yang berlaku (apabila ditujukan perasaan menyesal maka tidak termasuk\r\nlevel ini)<br></p>', '2013-03-29', '1'),
(21, 12, 'S.12.DIR.B', 'B', 'Banyaknya dan tingkatan orang yang diarahkan', '', '<p>Tidak\r\nseorangpun yang diarahkan<br></p>', '<p>Sebagian besar orang&nbsp;\r\ndi Unit\r\nkerja/Urusan/Afdeling<br></p>', '<p>Sebagian besar orang diUnit Usaha/Kebun/Pabrik/Bagian<br></p>', '<p>Sebagian besar orang di &nbsp;SBU<br></p>', '<p>Sebagian\r\nbesar orang di keseluruhan SBU atau perusahaan<br></p>', '2013-03-29', '1'),
(22, 13, 'S.13.TMW.A', 'A', 'Intensitas dalam mendorong kerja kelompok', '', '<p><p><b>Tidak mau bekerjasama, tidak\r\nkooperatif </b></p>\r\n\r\nContoh : Menolak bekerjasama, menimbulkan masalah,\r\npasif<br></p>', '<p><p><b>Kooperatif/bekerja sama. </b></p>\r\n\r\n<p>Berpartipasi dengan sepenuh\r\nhati, mendukung keputusan tim, menyelesaikan tugas dengan memberikan andil bagi\r\ntim</p>\r\n\r\n<p><b>Membagi informasi. </b></p>\r\n\r\nSelalu menjadikan orang lain tahu mengenai proses di dalam kelompok. Membagi informasi yang berguna\r\ndan relevan bagi anggota tim<br></p>', '<p><p><b>Menunjukkan harapan positif. </b></p>\r\n\r\nHarapan tersebut disampaikan pada anggota kelompok\r\ndengan cara pengungkapan positif serta menunjukkan respek terhadap kontribusi\r\nyang&nbsp;<span style="font-size: 15px; line-height: 1.5em;">positif</span><br></p>\r\n\r\n<p><b>Meminta input. </b></p>\r\n\r\nSelalu mencari masukan (informasi)tentang kecakapan orang lain (terutama bawahan). Meminta pendapat dan ide dalam proses pengambilan keputusan serta mengundang seluruh anggota kelompok untuk saling&nbsp; berkontribusi', '<p><p><b>Memberi semangat. </b></p>\r\n\r\n<p>Memberi penghargaan pada orang\r\nyang berkinerja baik. Memberi semangat dan menghargai kontribusi orang</p>\r\n\r\n<p><b>Membangun dan menjaga kelangsungan &nbsp;kelompok.</b></p>\r\n\r\nMenciptakan suasana\r\nbersahabat, moral yang baik, kerjasama (menciptakan identitas group). Menjaga\r\nkelangsungan hidup kelompok<br></p>', '<p><p><b>Menciptakan persaingan. </b></p>\r\n\r\nMembuat persaingan terbuka pada kelompok dengan tujuan\r\nmeningkatkan kompetensi, keberanian dan kerjasama anggota (termasuk memberi penjelasan\r\nsecara terbuka)<br></p>', '2013-03-29', '1'),
(23, 13, 'S.13.TMW.B', 'B', 'Ukuran tim yang dilibatkan', '', '<p>Tidak\r\nseorangpun yang diarahkan<br></p>', '<p>Sebagian besar orang&nbsp;\r\ndi Unit\r\nkerja/Urusan/Afdeling<br></p>', '<p>Sebagian besar orang diUnit Usaha/Kebun/Pabrik/Bagian<br></p>', '<p>Sebagian besar orang di &nbsp;SBU<br></p>', '<p>Sebagian\r\nbesar orang di keseluruhan SBU atau perusahaan<br></p>', '2013-03-29', '1'),
(24, 13, 'S.13.TMW.C', 'C', 'Besarnya usaha atau inisiatif untuk mendorong kerja kelompok', '', '<p>Tidak melakukan usaha apapun<br></p>', '<p>Hanya melakukan tindakan rutin<br></p>', '<p>Melakukan usaha diluar rutinitas<br></p>', '<p><p>Mengajak orang lain mengerjakan lebih dari sekedar pekerjaan rutin. </p>\r\n\r\n(Level ini tidak termasuk bawahannya atau yang\r\nberkaitan dengan tugas rutin sesuai dengan <i>job description-</i>nya)<br></p>', '<p>Melibatkan orang dengan usaha yang luar biasa pada\r\nlevel Keseluruhan organisasi yang berskala korporat dan <i>stakeholders</i><br></p>', '2013-03-29', '1'),
(25, 14, 'S.14.TML.A', 'A', 'Kekuatan peran kepemimpinan', '', '<p><b>Tidak mau dan mampu\r\nberperan sebagai pemimpin kelompok</b><br></p>', '<p><p><b>Berinisiatif dalam pertemuan. </b></p>\r\n\r\n<p>Mengusulkan acara pertemuan&nbsp;dengan tujuan mengontrol pemakaian\r\nwaktu dan membagi tugas.</p>\r\n\r\n<p><b>Membagi informasi.</b></p>\r\n\r\nMemberikan informasi yang relevan dan\r\njelas sehingga membuat orang yang terlibat mengetahui yang terjadi dan\r\nmemastikan bahwa seluruh anggota kelompok mengetahui informasi yang diperlukan.<br></p>', '<p><p><b>Menggunakan kekuasaan secara adil. </b></p>\r\n\r\n<p>Memperlakukan anggota kelompok\r\nsecara adil.</p>\r\n\r\n<p><b>Meningkatkan efektivitas. </b></p>\r\n\r\nMenggunakan strategi yang kompleks untuk meningkatkan\r\nmoral dan produktivitas kelompok (keputusan untuk merekrut dan menghentikan,\r\npenugasan tim, rotasi, magang). Tindakan yang bertujuan untuk meningkatkan saling pengertian/kesadaran anggota\r\ntermasuk dalam level ini.<br></p>', '<p><p><b>Menjaga kelompok dan\r\nreputasinya. </b></p>\r\n\r\n<p>Melindungi kelompok dan\r\nreputasinya. Mendampingi kelompok dimasa sulit. Memastikan kebutuhan kelompok\r\nterpenuhi (seperti kebutuhan personel, sumber daya, informasi). </p>\r\n\r\n<p><b>Memiliki\r\nkredibilitas.&nbsp;</b></p><p>Memastikan bahwa orang lain mengikuti misi, tujuan, suasana kerja, cara\r\nkerja, dan agenda kelompok, dengan cara memberi contoh yang baik. Memastikan\r\nkelompok bekerja dengan baik (sebagai pemimpin yang memiliki kredibilitas)<b><br></b></p></p>', '<p><p><b>Mengkomunikasikan visi. </b></p>\r\n\r\nMempunyai kharisma untuk mengkomunikasikan visi yang membangkitkan\r\nrasabangga, semangat dan komitmen\r\nterhadap misi kelompok (contoh kasus ini sangat jarang dan biasanya baru\r\nterlihat berdasarkan hasil suatu pekerjaan)<br></p>', '2013-03-29', '1'),
(26, 14, 'S.14.TML.B', 'B', 'Ukuran kelompok yang dipimpin', '', '<p>Tidak memimpin\r\nsekelompok orang.<br></p>', '<p><p>Tim\r\nsementara (ad-hok). Berdasarkan tugas tertentu.</p><p><span style="font-size: 15px; line-height: 1.5em;">Sebagian besar orang di Unit kerja/Urusan/Afdeling</span></p></p>', '<p>Sebagian\r\nbesar orang di Unit Usaha/Kebun/Pabrik/Bagian<br></p>', '<p>Sebagian\r\nbesar orang di SBU<br></p>', '<p>Sebagian\r\nbesar orang di keseluruhan SBU atau perusahaan<br></p>', '2013-03-29', '1'),
(27, 14, 'S.14.TML.C', 'C', 'Besarnya usaha atau inisiatif untuk memimpin kerja kelompok', '', '<p>Tidak melakukan usaha apapun<br></p>', '<p>Hanya melakukan tindakan rutin&nbsp;<br></p>', '<p>Melakukan usaha diluar rutinitas<br></p>', '<p><p>Mengajak orang lain mengerjakan lebih dari sekedar pekerjaan rutin. </p>\r\n\r\n(Level ini tidak termasuk bawahannya atau yang\r\nberkaitan dengan tugas rutin sesuai dengan <i>job description-</i>nya)<br></p>', '<p>Melibatkan orang dengan usaha yang luar biasa pada\r\nlevel Keseluruhan organisasi yang berskala korporat&nbsp;<br></p>', '2013-03-29', '1'),
(28, 15, 'S.15.ANT.A', 'A', 'Kompleksitas analisis/tingkat kesulitan analisis', '', '<p><p><b>Tidak\r\nmemiliki pemikiran analitis. </b></p>\r\n\r\n<p>Tidak mampu menguraikan masalah.</p>\r\n\r\nContoh :&nbsp;\r\nProduksi TM&nbsp; karet&nbsp; tidak mencapai 1&nbsp; ton/ha. Hanya menganalisa disebabkan&nbsp; faktor alam.<br></p>', '<p><p><b>Memiliki\r\nkemampuan untuk menguraikan masalah</b></p>\r\n\r\n<p>Menguraikan permasalahan menjadi\r\nbagian-bagian yang lebih rinci, dengan tidak memberikan bobot atau skala\r\nprioritas</p>\r\n\r\nContoh\r\n:&nbsp; Produksi TM&nbsp; karet tidak tercapai karena satuan pohon per\r\nhektar kurang, serangan hama &amp; penyakit , pencurian , curah hujan tinggi.<br></p>', '<p><p><b>Mampu mengidentifikasi hubungan yang sederhana</b></p>\r\n\r\n<p>Mampu\r\nmelakukan indentifikasi hubungan sebab akibat antara 2 aspek (A mengakibatkan\r\nB), memilah masalah menjadi pro dan kontra, sisi positif dan negatifnya.\r\nMenyusun daftar tugas berdasar skala prioritas.</p>\r\n\r\nContoh : Produksi TM&nbsp; karet&nbsp; tidak tercapai karena rendahnya jumlah satuan\r\npohon per hektar dimana produksi didapat dari jumlah pohon per hektar dikali\r\njumlah gr produksi/ph.<br></p>', '<p><p><b>Mampu mengidentifikasi\r\nhubungan yang bertingkat. </b></p>\r\n\r\n<p>Mampu mengidentifikasi hubungan\r\nmajemuk/ganda/bertingkat (masalah tersebut disebabkan oleh beberapa faktor yang\r\nbertingkat.&nbsp; A disebabkan oleh B dan\r\nB&nbsp; menyebabkan&nbsp; C dan seterusnya).</p>\r\n\r\nContoh :&nbsp; Produksi TM karet tidak tercapai karena\r\njumlah pohon per hektar kurang dari standar akibat dari serangan penyakit Jamur\r\nAkar Putih (JAP) yang&nbsp;\r\nberat.\r\nSerangan JAP disebabkan tidak dilaksanakannya pengolahan tanah pada saat\r\nreplanting sehingga sumber JAP yang berada pada sisa akar &amp; tunggul tanaman\r\ntetap berada di lapangan/dalam tanah.<br></p>', '<p><p><b>Mampu menyusun rencana atau\r\nanalisa yang kompleks. </b></p>\r\n\r\n<p>Mampu\r\nmenyusun analisa secara sistematis terhadap masalah yang rumit/kompleks dan\r\nmulti dimensi. Menggunakan\r\nbeberapa teknik analisis untuk menguraikan permasalahan menjadi bagian-bagian\r\nyang lebih kecil, selanjutnya mengindentifikasi beberapa solusi dan memberi\r\nbobot untuk setiap solusi tersebut. Pada level lima ini telah mencakup analisis\r\nmulti hubungan sebab akibat yang mengarah pada lebih dari satu solusi.</p>\r\n\r\nContoh : Menganalisa perbandingan&nbsp; biaya replanting secara&nbsp; sistem&nbsp;\r\npengolahan tanah&nbsp; dengan biaya pengendalian\r\npenyakit jika tidak dilaksanakan pengolahan tanah pada saat replanting.<br></p>', '2013-03-29', '1'),
(29, 15, 'S.15.ANT.B', 'B', 'Ukuran Permasalahan Yang dihadapi', '', '<p><b>Tidak\r\nmemikirkan permasalahan kinerja</b><br></p>', '<p><b>Memikirkan\r\npermasalahan kinerja </b>di Unit kerja/Urusan/Afdeling<br></p>', '<p><b>Memikirkan\r\npermasalahan kinerja </b>di Unit Usaha/Kebun/Pabrik/Bagian<br></p>', '<p><b>Memikirkan\r\npermasalahan kinerja </b>di SBU<br></p>', '<p><b>Memikirkan\r\npermasalahan kinerja jangka panjang yang berkelanjutan </b>pada skala perusahaan dalam lingkungan yang kompleks<br></p>', '2013-03-29', '1'),
(30, 16, 'S.16.CPT.A', 'A', 'Kompleksitas dan keaslian konsep/gagasan', '', '<p><p><b>Tidak menggunakan\r\nkonsep. </b></p>\r\n\r\nBerpikir&nbsp; secara\r\nkonkrit.<br></p>', '<p><p><b>Mengunakan\r\nrumusan sederhana </b></p>\r\n\r\n<p>Menggunakan aturan dasar, logika dan\r\npengalaman masa lampau, pola (pattern) dalam mengidentifikasi masalah. Mampu\r\nmengenali kesamaan antara satu peristiwa dengan persitiwa lain yang pernah terjadi sebelumnya.</p>\r\n\r\nContoh : Serangan hama ulat api terjadi disebabkan oleh pelaksanaan EWS\r\nyang tidak tertib dan sering terjadi pada musim kemarau. Sehingga pada saat\r\nmusim kemarau pelaksanaan EWS lebih intensif.<br></p>', '<p><p><b>Menggunakan konsep yang kompleks. </b></p>\r\n\r\n<p>Menggunakan pengetahuan teori atau trend\r\nmasa lalu dalam melihat situasi sekarang. Mengaplikasikan dan memodifikasi\r\nkonsep/metode kompleks untuk memecahkan permasalahan bisnis.</p>\r\n\r\n<p>Contoh : Serangan hama tidak terjadi\r\nsecara tiba-tiba. Perlu dilaksanakan observasi terhadap penyebab terjadinya\r\nledakan serangan hama tersebut dengan melihat kronologis dan kondisi awal pada\r\nareal yang terserang.</p>\r\n\r\n<p><b>Menyederhanakan hal yang kompleks</b><b>. </b></p>\r\n\r\n<p>Menyatukan\r\nide, isu, dan observasi menjadi konsep tunggal atau penjelasan yang jelas.\r\nMengidentifikasi isu kunci dalam situasi kompleks.</p>\r\n\r\nContoh\r\n: Setelah melihat kondisi stadia hama dilapangan bervariasi maka dapat disimpulkan\r\ncara pengendalian yang efektif.<br></p>', '<p><p><b>Menciptakan konsep baru. </b></p>\r\n\r\n<p>Membuat\r\nkonsep baru yang tidak tampak jelas bagi orang lain dan yang tidak dipelajari\r\ndari pendidikan atau pengalaman sebelumnya untuk menjelaskan situasi atau\r\nmemecahkan masalah. Melihat sesuatu dengan cara pandang yang sangat baru breakthrought thinking.</p>\r\n\r\n<p>Contoh : Pencegahan hama oryctes dengan melaksanakan\r\nland clearing metode cincang batang dan penanaman LCC Mucuna bracteata.</p>\r\n\r\n<p><b>Membuat\r\nkonsep-konsep baru untuk isu-isu yang kompleks.</b></p>\r\n\r\nMemformulasikan penjelasan yang bermanfaat untuk\r\npermasalahan-permasalahan, situasi-situasi atau kesempatan-kesempatan yang\r\nkompleks.&nbsp;\r\nMemunculkan dan menguji\r\nberbagai konsep dan dugaan atau penjelasan untuk situasi tertentu, atau mengidentifikasikan\r\npenjelasan hubungan-hubungan yang bermanfaat dari berbagai data yang kompleks\r\nyang berasal dari bidang area yang tidak saling berkaitan.<br></p>', '<p><p><b>Membuat model  model baru</b><b>. </b></p>\r\n\r\n<p>Menyelesaikan\r\nsuatu permasalahan yang kompleks dengan menggunakan model atau teori baru yang\r\ndiciptakan.</p>\r\n\r\nContoh\r\n: Penggunaan alat panen dan pemupukan secara mekanis untuk mengatasi kekurangan\r\ntenaga kerja.<br></p>', '2013-03-29', '1'),
(31, 16, 'S.16.CPT.B', 'B', 'Ukuran Permasalahan Yang dihadapi', '', '<p><b>Tidak\r\nmemikirkan permasalahan kinerja</b><br></p>', '<p><b>Memikirkan\r\npermasalahan kinerja </b>di Unit kerja/Urusan/Afdeling<br></p>', '<p><b>Memikirkan\r\npermasalahan kinerja </b>di Unit Usaha/Kebun/Pabrik/Bagian<br></p>', '<p><b>Memikirkan\r\npermasalahan kinerja </b>di SBU<br></p>', '<p><b>Memikirkan\r\npermasalahan kinerja jangka panjang yang berkelanjutan </b>pada skala perusahaan dalam lingkungan yang kompleks<br></p>', '2013-03-29', '1'),
(32, 17, 'S.17.EXP.A', 'A', 'Kedalaman pengetahuan', '', '<p><p><b>Pengetahuan\r\ndasar</b></p>\r\n\r\nPenguasaan pengetahuan untuk tugas-tugas rutin,\r\nsederhana, dan dapat dipelajari dalam beberapa jam atau beberapa hari.<br></p>', '<p><p><b>Ketrampilan\r\ndasar</b></p>\r\n\r\n<p>Ketrampilan dalam mengerjakan tugas yang\r\nbertipe berurutan, memerlukan latihan beberapa&nbsp;\r\nminggu untuk menguasainya.</p>\r\n\r\n<p>Contoh : pekerjaan pembukuan sederhana,\r\npekerjaan memanen kelapa sawit. </p>\r\n\r\n<p><b>Tenaga\r\ntrampil</b></p>\r\n\r\nKetrampilan\r\ndalam mengerjakan tugas yang membutuhkan perencanaan dan pengaturan. Untuk\r\nmengerjakan pekerjaan ini membutuhkan pendidikan profesi khusus, antara 6 bulan\r\nsampai 2 tahun<br></p>', '<p><p><b>Berketrampilan\r\ntinggi </b></p>\r\n\r\n<p>Ketrampilan dalam mengerjakan yang kompleks\r\ndan beragam, membutuhkan perencanaan yang teliti untuk mendapatkan hasil yang\r\nbaik. Untuk mengerjakan pekerjaan ini biasanya membutuhkan pendidikan tertentu\r\nyang dilengkapi dengan praktek/latihan. </p>\r\n\r\n<p>Contoh : asisten AKU, asisten Tanaman dsb</p>\r\n\r\n<p><b>Profesional dasar. </b></p>\r\n\r\nMampu memberikan pengaturan dan pelayanan profesional\r\nkepada pihak lain. Biasanya membutuhkan pendidikan formal seperti kuliah atau\r\ngelar keprofesionalan lainnya atau berdasarkan pengalaman yang dimiliki.&nbsp;<br></p>', '<p><p><b>Profesional\r\nmenengah.</b></p>\r\n\r\nMemberikan pelayanan spesialis dari suatu profesi\r\nsecara lebih khusus. Biasanya memerlukan pendidikan yang intensif (seperti\r\nmemperoleh gelar spesialis, master) yang disertai beberapa pengalaman langsung\r\npada bidangnya.&nbsp;<br></p>', '<p><p><b>Profesional atau pakar</b></p>\r\n\r\nAhli\r\ndalam bidangnya karena memiliki landasan filosofi, pengetahuan dan pengalaman\r\nyang mendalam tentang suatu bidang tertentu.<br></p>', '2013-03-29', '1');
INSERT INTO `competency_library` (`id`, `category`, `code`, `dimension`, `name`, `definition`, `level_1`, `level_2`, `level_3`, `level_4`, `level_5`, `date`, `active`) VALUES
(33, 17, 'S.17.EXP.B', 'B', 'Luas Keahlian Manajerial', '', '<p><b>Tidak\r\nmemiliki tanggung jawab</b> untuk mengkoordinir atau mengawasi pekerjaan orang\r\nlain<br></p>', '<p><b>Memiliki\r\ntanggung jawab untuk mengkoordinir atau mengelola pekerjaan</b> sebagian besar orang di Unit kerja<br></p>', '<p><b>Memiliki\r\ntanggung jawab untuk mengkoordinir atau mengelola pekerjaan </b>sebagian besar orang di Unit Usaha/Kebun/Pabrik/Bagian<br></p>', '<p><b>Memiliki\r\ntanggung jawab untuk mengkoordinir atau mengelola pekerjaan</b> sebagian besar orang di SBU<br></p>', '<p><b>Memiliki\r\ntanggung jawab untuk mengkoordinir atau mengelola pekerjaan</b> pada skala perusahaan atau korporat yang kompleks<br></p>', '2013-03-29', '1'),
(34, 17, 'S.17.EXP.C', 'C', 'Penguasaan Keilmuan', '', '<p><b>Tidak\r\nmemiliki pengetahuan dasar teknis</b><br></p>', '<p><b>Memiliki\r\npengetahuan dasar teknis</b><br></p>', '<p><p><b>Memelihara\r\npengetahuan teknis yang dimiliki.</b></p>\r\n\r\nSelalu sadar akan ilmu pengetahuan teknologi baru dan\r\nsecara aktif meningkatkankeahlian teknis yang dimiliki<br></p>', '<p><p><b>Memperluas dasar-dasar\r\npengetahuan. </b></p>\r\n\r\nMencari informasi baru dalam skala yang lebih kecil\r\nseperti informasi baru pada proyek yang ada, mengembangkan rasa ingin tahu\r\nuntuk mendapatkan hal baru tidak tergantung dari keahliannya<br></p>', '<p><p><b>Menggali pengetahuan. </b></p>\r\n\r\nMelakukan usaha yang besar untuk mendapatkan\r\npengetahuan dan ketrampilan yang baru atau menjaga kontak antar jaringan\r\nprofesional agar tetap mengetahui perkembangan mutakhir dari suatu bidang ilmu\r\npengetahuan tertentu<br></p>', '2013-03-29', '1'),
(35, 17, 'S.17.EXP.D', 'D', 'Penyebaran Pengetahuan yang dimiliki', '', '<p><b>Tidak\r\nmampu menjawab pertanyaan</b><br></p>', '<p><p><b>Dapat menjawab pertanyaan. </b></p>\r\n\r\nMembagi pengetahuan/informasi terkini dalam peran\r\nsebagai ahli<br></p>', '<p><b>Menerapkan\r\npengetahuan teknis dan mempelajari dampak yang muncul. </b>Dilakukan dengan cara menjawab pertanyaan (seperti\r\nmempengaruhi pelanggan) atau membantu kesulitan teknis orang lain dan\r\nmempelajari hasilnya<br></p>', '<p><p><b>Menawarkan bantuan teknis. </b></p>\r\n\r\nBerperan sebagai konsultan yang fleksibel dan\r\nmenawarkan kemampuannya untuk meningkatkan kinerja atau mengatasi kesulitan\r\nteknis tertentu<br></p>', '<p><p><b>Menyebarkan\r\nilmu pengetahuan dan teknologi baru. </b></p>\r\n\r\n<p>Secara\r\naktif menyebarkan misi atau berperan sebagai agen untuk menyebarkan ilmu pengetahuan dan teknologi baru\r\nkeluar organisasi</p>\r\n\r\n<b>Menerbitkan jurnal/tulisan tentang ilmu pengetahuan\r\ndan teknologi baru. </b>Dilakukan melalui artikel atau jurnal profesional\r\nmengenai metode baru<br></p>', '2013-03-29', '1'),
(36, 18, 'S.18.SCT', '', 'Self Control', '', '<p><p><b>Lepas\r\nkendali</b></p>\r\n\r\n<p>Contoh: Marah yang tidak terkontrol</p>\r\n\r\n<b>Menghindari situasi/orang yang dapat menimbulkan emosi&nbsp;</b><br></p>', '<p><p><b>Mengendalikan emosi.</b></p>\r\n\r\n<p>Melampiaskan\r\nperasaan marah, frustasi dan\r\nstress, menunjukkan ekspresi emosi tetapi tidak melakukan tindakan destruktif\r\nbaik bagi diri sendiri maupun orang lain</p>\r\n\r\n<p><b>Menahan godaan. </b></p>\r\n\r\nMampu mengendalikan diri untuk tidak bereaksi secara\r\nnegatif atau berbuat yang tidak sewajarnya (tidak mudah terpancing emosi)<br></p>', '<p><p><b>Bersikap\r\ntenang </b></p>\r\n\r\n<p>Dapat bertindak tenang meskipun ingin marah,\r\nmerasa frustrasi/stress, tetap dapat mengendalikan ekspresi emosi </p>\r\n\r\n<p><b>Mengelola stress dengan\r\nefektif. </b></p>\r\n\r\nMenggunakan\r\nteknik manajemen stress untuk menghindari reaksi yang berlebihan secara efektif<br></p>', '<p><p><b>Memberikan respon yang membangun. </b></p>\r\n\r\nMengontrol\r\nemosi, dan memberikan tindakan yang membangun/konstruktif\r\nuntuk merespon permasalahan yang ada<br></p>', '<p><p><b>Menenangkan\r\norang lain.</b></p>\r\n\r\nDalam\r\nsituasi stress dapat menenangkan orang lain seperti cara menenangkan dirinya sendiri<br></p>', '2013-03-29', '1'),
(37, 19, 'S.19.SCF.A', 'A', 'Keyakinan terhadap diri sendiri dalam menghadapi tantangan atau resiko', '', '<p><p><b>Tidak\r\nmemiliki kepercayaan diri</b></p>\r\n\r\nMenghindari tantangan.&nbsp;<br></p>', '<p><p><b>Menyatakan\r\nkepercayaan diri atas kemampuannya </b></p>\r\n\r\n<p>Mengungkapkan kepercayaan dirinya kepada orang\r\nlain, namun belum melakukan tindakan untuk membuktikan kemampuannya.</p>\r\n\r\nContoh : orang yang menyampaikan\r\nkepercayaan dirinya namun belum membuktikan ucapannya dalam menyelesaikan\r\ntugas.<br></p>', '<p><p><b>Menunjukkan\r\nrasa percaya diri secara terbuka </b></p>\r\n\r\n<p>Menempatkan posisi yang jelas ketika dalam\r\nsuatu masalah, melakukan tindakan untuk membuktikan kemampuannya.</p>\r\n\r\nContoh : orang\r\nyang memiliki keyakinan dan kemampuan menyelesaikan tugas yang dibebankan.<br></p>', '<p><p><b>Menerima\r\ntantangan dengan suka rela</b></p>\r\n\r\n<p>Merasa senang dengan\r\ntantangan dan mencari tanggung jawab yang lebih besar tanpa diminta</p>\r\n\r\nContoh\r\n: orang yang senang dengan tantangan tugas, walaupun\r\ntugas tersebut dirasakan ybs cukup berat.<br></p>', '<p><p><b>Menempatkan diri dala</b><b>m</b><b> situasi yang sangat menantang</b></p>\r\n\r\nMengambil\r\ntugas yang sangat menantang dan meminta tanggung jawab yang lebih besar<br></p>', '2013-03-29', '1'),
(38, 19, 'S.19.SCF.B', 'B', 'Tanggung jawab yang diambil dalam menghadapi kegagalan', '', '<p><p><b>Tidak mengakui kesalahan</b></p>\r\n\r\n<p>Menyalahkan\r\norang lain atau faktor lain pada saat menghadapi kegagalan</p>\r\n\r\n<p><b>Rasionalisasi terhadap\r\nkesalahan.</b></p>\r\n\r\nMembuat alasan yang nampak\r\nrasional pada saat menghadapi situasi kegagalan<br></p>', '<p><p><b>Menghindari tanggung jawab</b></p>\r\n\r\nTidak mengakui kesalahan\r\nsecara spesifik, pada saat menghadapi kegagalan ketika di konfirmasi, cara\r\npenyampaian atau penjelasannya cenderung berbelit-belit<br></p>', '<p><p><b>Menerima tanggung jawab</b></p>\r\n\r\nMengakui kesalahan secara spesifik, misal saya salah\r\nmenilai situasi saat itu<br></p>', '<p><p><b>Belajar dari kesalahan diri\r\nsendiri</b></p>\r\n\r\n<p>Menganalisa kinerja dan mengerti\r\nkesalahan dan ada upaya memperbaiki kesalahan</p>\r\n\r\nContoh: karena saya kurang teliti, maka saya perlu\r\nmereview kembali dengan&nbsp;\r\nmengecek\r\nulang pekerjaan saya&nbsp;<br></p>', '<p><p><b>Mengakui kesalahan diri\r\nterhadap orang lain dan bertindak untuk memperbaiki kesalahan</b></p>\r\n\r\nContoh : meskipun bawahan\r\natau rekan kerja yang salah, namun yang bersangkutan mengakui kesalahan dengan\r\ndisertai tindakan perbaikan supaya kegagalan tidak terjadi kembali<br></p>', '2013-03-29', '1'),
(39, 20, 'S.20.ADP.A', 'A', 'Besarnya perubahan yang dilakukan untuk beradaptasi', '', '<p><p><b>Tidak fleksibel\r\ndalam menerapkan prosedur</b></p>\r\n\r\nSelalu mengikuti prosedur, sulit\r\nmenerima perbedaan pendapat meskipun pendapat orang tersebut valid<br></p>', '<p><p><b>Melihat\r\nsituasi secara obyektif</b></p>\r\n\r\nMenyadari validitas pendapat\r\norang lain, mengakui kebenaran pendapat orang lain, namun belum dapat\r\nmenerapkan secara fleksibel<br></p>', '<p><p><b>Menerapkan prosedur dan aturan secara\r\nfleksibel</b></p>\r\n\r\n<p>Menyesuaikan\r\ntaktik pada situasi/orang yang berbeda.Merubah\r\ntingkah laku atau pendekatan sesuai dengan situasi atau orang yang dihadapi</p>\r\n\r\n<p>Contoh : penambahan norma HK pekerjaan tertentu dengan\r\nsubsidi dari pekerjaan lain (misal penambahan tenaga Tunasan dengan mengurangi\r\npemakaian tenaga Penyiangan).</p>\r\n\r\nContoh : penerapan\r\nsistem kerja pada areal yang tidak standart (berbukit/areal rendahan/rawa).<br></p>', '<p><p><b>Menyesuaikan\r\nstrategi dan tujuan diri sendiri sesuai dengan situasi</b></p>\r\n\r\n<p>Melakukan penyesuaian dengan membuat perubahan yang lebih kecil atau lebih berjangka pendek\r\nsebagai respon terhadap kebutuhan atau situasi</p>\r\n\r\nContoh\r\n: penundaan aplikasi pemupukan tertentu pada saat musim kemarau.<br></p>', '<p><p><b>Menyesuaikan strategi </b></p>\r\n\r\n<p>Menyesuaikan strategi dengn membuat\r\nperubahan besar dan jangka panjang untuk merespon perubahan situasi lingkungan\r\n(level ini melibatkan berbagai kompetensi, kemungkinan managerial, kognitif dan\r\nperencanaan/berprestasi)</p>\r\n\r\nContoh\r\n: penerapan kultur teknis tanaman untuk pencapaian sasaran produktivitas\r\n15 ton/ha pada saat TM I.<br></p>', '2013-03-29', '1'),
(40, 20, 'S.20.ADP.B', 'B', 'Kecepatan beradaptasi', '', '<p><b>Membutuhkan waktu yang cukup lama untuk\r\nberadaptasi&nbsp; </b>(lebih dari 1 bulan)<br></p>', '<p><b>Membutuhkan waktu yang cukup untuk beradaptasi&nbsp; </b>(1 minggu  1 bulan)<br></p>', '<p><p><b>Mampu beraadaptasi\r\ndengan cepat (kurang dari satu minggu). </b></p>\r\n\r\nTerjadi<b>&nbsp; </b>bila contoh kasus menunjukkan jangka\r\nwaktu yang tidak jelas<br></p>', '<p><b>Mampu beradaptasi sangat cepat </b>(dalam hitungan hari)<br></p>', '<p><b>Aksi spontan atau keputusan langsung. </b>Sekejap<br></p>', '2013-03-29', '1'),
(41, 21, 'S.21.ORC', '', 'Organizational commitment', '', '<p><b>Melakukan upaya minimal\r\nagar tetap dapat bekerja di organisasi.</b><br></p>', '<p><p><b>Usaha aktif. </b></p>\r\n\r\n<p>Melakukan usaha\r\naktif dalam menyesuaikan diri dan menghormati norma organisasi</p>\r\n\r\n<p><b>Menjadi warga\r\norganisasi yang baik. </b></p>\r\n\r\nMenunjukkan\r\nkesetiaan, keasadaran untuk menolong kolega\r\ndalam menyelesaikan tugasnya, menghormati keinginan pemegang kekuasaan\r\n/pengambil keputusan<br></p>', '<p><p><b>Menyatakan manfaat dan komitmen. </b></p>\r\n\r\n<p>Mengerti dan mendukung misi dan tujuan organisasi. Menyelaraskan kebutuhan pribadi\r\ndengan kebutuhan organisasi, mengerti kebutuhan bekerja sama untuk\r\nmencapai hasil yang lebih besar</p>\r\n\r\n<p><b>Melakukan pengorbanan diri. </b></p>\r\n\r\nMenempatkan\r\nkepentingan organisasi diatas kepentingan dan keinginan pribadi, status profesi\r\ndan kepentingan keluarga<br></p>', '<p><p><b>Mengedepankan\r\nkepentingan perusahaan dari pada kepentingan unit&nbsp; sendiri. </b></p>\r\n\r\n<p>Tindakan\r\nini berjangka pendek dan sangat baik bagi kelangsungan perusahaan berjangka\r\npanjang. </p>\r\n\r\nContoh : pengalihan/penundaan&nbsp;\r\npenggunaan anggaran ke Unit lain, mengambil lebih banyak\r\npekerjaan,\r\nmeminta\r\norang lain untuk mengedepankan kepentingan perusahaan yang lebih luas<br></p>', '<p><b>Membuat keputusan yang tidak populer demi keuntungan\r\nperusahaan walaupun\r\nmungkin bersifat kontroversial (bertentangan dengan pandangan umum)</b><br></p>', '2013-03-29', '1'),
(42, 22, 'S.22.PLN', '', 'Planning', '', '<p><p><b>Penetapan tujuan</b></p>\r\n\r\nMenetapkan tujuan yang akan dicapai\r\natau keadaan yang diinginkan tanpa melakukan persiapan yang sistematis untuk\r\nmencapai tujuan tersebut.<br></p>', '<p><p><b>Indentifikasi\r\nkebutuhan (sumber daya)</b></p>\r\n\r\nMelakukan identifikasi kebutuhan dan menentukan\r\nprioritas, dengan cara membandingkan keadaan sekarang dengan keadaan masa depan\r\n(tujuan) yang diinginkan&nbsp;<br></p>', '<p><p><b>Identifikasi\r\npersyaratan</b></p>\r\n\r\nMenginventarisir/identifikasi persyaratan yang harus\r\ndipenuhi untuk mencapai hasil yang diinginkan<br></p>', '<p><p><b>Penyusunan\r\nberbagai alternatif</b></p>\r\n\r\nMenyusun berbagai alternatif penyelesaian yang\r\nmemungkinkan supaya hasil yang diinginkan dapat tercapai&nbsp;<br></p>', '<p>\r\n<p><b>Penentuan alternatif </b></p>\r\n Menentukan alternatif yang strategis (termasuk didalamnya menyusun peralatan untuk melengkapi setiap persyaratan untuk mencapai kebutuhan, untung rugi dari berbagai strategi yang digunakan)<br>\r\n</p>', '2013-03-29', '1'),
(43, 23, 'S.23.CTR', '', 'Controlling', '', '<p><p><b>Tidak mampu melakukan pengendalian</b>.</p>\r\n\r\nMemahami metode dan SOP,\r\nnamun tidak dapat bertindak efektif dan efisien dalam mencapai tujuan perusahaan.<br></p>', '<p><p><b>Memantau\r\nkemajuan tugas</b></p>\r\n\r\nMelakukan pemantauan kemajuan tugas dengan cara\r\nmembandingkan hasil dan sasaran/target yang ingin dicapai.<br></p>', '<p><p><b>Analisis\r\ndan koreksi</b></p>\r\n\r\nMenganalisa dan mengkoreksi/merevisi terhadap\r\npenyimpangan-penyimpangan/perbedaan yang terjadi agar kegiatan dapat efektif\r\ndan efisien<br></p>', '<p><p><b>Memastikan\r\npelaksanaan tugas</b></p>\r\n\r\nMenjamin/memastikan pelaksanaan tugas sesuai dengan\r\nnorma, standar atau pedoman yang telah ditentukan<br></p>', '<p><p><b>Bertindak\r\nefektif dan efisien</b></p>\r\n\r\nMenyesuaikan pekerjaan/kegiatan, bertindak efektif dan\r\nefisien berdasar hasil dari pengawasan<br></p>', '2013-03-29', '1'),
(44, 24, 'S.24.DCM', '', 'Decision Making', '', '<p><p><b>Tidak dapat mengambil keputusan</b></p>\r\n\r\n<p>Tidak dapat\r\nmengambil keputusan karena tidak memahami permasalahan</p>\r\n\r\nPengambilan keputusan\r\nspontan yang tidak disertai fakta, data atau informasi.<br></p>', '<p><p><b>Dapat mengambil keputusan, namun belum\r\ndisertai pertimbangan yang matang</b></p>\r\n\r\nDapat mengambil keputusan\r\nberdasarkan fakta, data atau informasi yang diperoleh, namun belum\r\nmempertimbangkan hubungan dari&nbsp; fakta,\r\ndata atau informasi yang terkumpul.<br></p>', '<p><p><b>Dapat mengambil keputusan&nbsp; yang&nbsp;\r\ndisertai dengan pertimbangan </b></p>\r\n\r\nDapat mengambil keputusan\r\ndengan mempertimbangkan hubungan dari fakta, data, atau informasi yang\r\nterkumpul.<br></p>', '<p><p><b>Dapat mengambil keputusan dan memahami\r\ndampaknya </b></p>\r\n\r\nDalam mengambil keputusan\r\ndengan disertai pemahaman mengenai kemungkinan hasil, bila fakta, data atau\r\ninformasi yang diperoleh tidak lengkap.<br></p>', '<p><p><b>Dapat mengambil keputusan dengan disertai\r\nanalisis</b></p>\r\n\r\nPengambilan keputusan dengan\r\nanalisis masalah yang lebih mendalam, dan mempertimbangkan kemungkinan hasil\r\nserta antisipasinya.<br></p>', '2013-03-29', '1'),
(45, 25, 'S.25.SLD', '', 'Self Development', '', '<p><p><b>Tidak\r\nmemiliki kebutuhan untuk berkembang </b></p>\r\n\r\nTidak memiliki kemauan untuk pengembangan diri, tidak\r\nintrospeksi terhadap diri sendiri sehingga tidak mengetahui kelemahan dan\r\nkelebihannya.<br></p>', '<p><p><b>Memiliki kebutuhan untuk berkembang</b></p>\r\n\r\nMelakukan introspeksi diri dalam upaya\r\nmengidentifikasi kelebihan dan kekurangan&nbsp;\r\ndirinya sehingga memperoleh aspek-aspek dari dirinya yang perlu\r\ndikembangkan lebih lanjut<br></p>', '<p><p><b>Memahami proses belajar.</b></p>\r\n\r\n<p>Melakukan usaha-usaha untuk\r\nmenemukan cara-cara yang efektif bagi dirinya untuk mengembangkan diri secara\r\noptimal</p>\r\n\r\n<p><b>Mencari kesempatan belajar.</b></p>\r\n\r\nAktif melibatkan diri pada kegiatan-kegiatan yang dapat\r\nmemberikan kesempatan untuk meningkatkan wawasan, ilmu maupun keterampilannya;\r\nberusaha menangkap peluang yang ada untuk dapat mengembangkan diri<br></p>', '<p><p><b>Menerapkan hasil belajar untuk perusahaan</b></p>\r\n\r\nSecara proaktif menerapkan pengetahuan, keahlian dan\r\npemahaman baru secara praktis dalam menjalankan tugas agar bisa belajar lebih\r\njauh dengan cara <i>trial and error</i>\r\nwalaupun tidak mendapatkan dukungan dari orang lain<br></p>', '<p><p><b>Merencanakan target pengembangan diri secara\r\nsistematis.</b></p>\r\n\r\nMenyusun rencana pengembangan diri yang tepat guna,\r\nmelakukan pemantauan yang intensif terhadap kegiatan belajar yang dilakukan\r\nuntuk terus meningkatkan efektivitas belajarnya. Hal ini dilakukan melalui\r\npenunjukkan seorang mentor informal: bisa atasan atau rekan kerjanya<br></p>', '2013-03-29', '1'),
(46, 26, 'S.26.BSA', '', 'Business acumen', '', '<p><p><b>Tidak memiliki\r\nketajaman bisnis</b></p>\r\n\r\nTidak memiliki ketajaman\r\nmemahami proses bisnis pada lintas fungsi<br></p>', '<p><p><b>Memiliki ketajaman\r\nbisnis</b></p>\r\n\r\nMemiliki ketajaman\r\nmemahami proses bisnis pada lintas fungsi&nbsp;<br></p>', '<p><p><b>Memiliki ketajaman\r\ndan kecepatan pemahaman bisnis</b></p>\r\n\r\nMemiliki ketajaman dan\r\nkecepatan memahami proses bisnis pada lintas fungsi<br></p>', '<p><p><b>Memiliki ketajaman\r\ndan kecepatan pemahaman bisnis serta identifikasi sebagian sumber pertumbuhan</b></p>\r\n\r\nMemiliki ketajaman dan\r\nkecepatan memahami proses bisnis pada lintas fungsi serta mampu\r\nmengidentifikasi sejumlah sumber pertumbuhan (value chain)<br></p>', '<p><p><b>Memiliki ketajaman\r\ndan kecepatan pemahaman bisnis serta identifikasi sumber pertumbuhan secara\r\nkeseluruhan</b></p>\r\n\r\nMemiliki ketajaman dan\r\nkecepatan memahami proses bisnis pada lintas fungsi serta mampu mengidentifikasi&nbsp; sumber pertumbuhan (value chain) secara\r\nkeseluruhan<br></p>', '2013-03-29', '1'),
(47, 27, 'S.27.STT', '', 'Strategic Thingking', '', '<p><p><b>Tidak mampu berpikir strategis</b></p>\r\n\r\nBerpikir\r\nsektoral dan berorientasi pada kondisi saat ini<br></p>', '<p><p><b>Mampu memahami dinamika </b><b>lingkungan bisnis\r\nbeserta perubahannya </b></p>\r\n\r\nMemahami dinamika lingkungan bisnis internal dan\r\neksternal di masa mendatang beserta perubahannya<br></p>', '<p><p><b>Mampu merumuskan indikator-indikator\r\nkesuksesan</b></p>\r\n\r\nMampu mengidentifikasi kekuatan dan kelemahan internal\r\ndan eksternal yang mempengaruhi kesuksesan perusahaan serta merumuskan\r\nindikator-indikator kesuksesan perusahaan<br></p>', '<p><p><b>Mampu merumuskan langkah-langkah startegis\r\n</b></p>\r\n\r\nMampu merumuskan\r\nlangka-langkah strategis dengan mempertimbangkan kekuatan beserta kelemahan\r\ninternal dan ekternal, sehingga menghasilkan formula-formula bisnis baru dan\r\ngambaran peluang lain untuk meningkatkan kinerja perusahaan<br></p>', '<p><p><b>Konsisten berpikir strategis dalam\r\nkerangka bisnis jangka panjang</b></p>\r\n\r\nMemiliki\r\nkemampuan berpikir strategis terhadap visi dan area bisnis perusahaan secara\r\nterus menerus, mampu memantau implikasi\r\nkeputusan, permasalahan dan rencana jangka panjang sehingga mampu mengenali situasi dan kondisi yang menuntut\r\nperubahan strategi dan tindak lanjutnya&nbsp;<br></p>', '2013-03-29', '1'),
(48, 28, 'S.28.CRS', '', 'Conflict resolution', '', '<p><p><b>Tidak memahami penyebab, gejala, dan\r\ntipe konflik.</b> &nbsp;</p>\r\n\r\nTidak peka dalam melihat\r\nsituasi yang berpotensi menimbulkan konflik.<br></p>', '<p><p><b>Memahami\r\npenyebab, gejala, dan tipe konflik</b>.</p>\r\n\r\nBisa melihat situasi yang berpotensi menimbulkan\r\nkonflik, namun belum mampu menyusun antisipasi tindakan untuk mencegah konflik\r\ntersebut.<br></p>', '<p><p><b>Memahami peta konflik dan memahami resiko atas terjadinya konflik serta\r\nkerugiannya</b>.</p>\r\n\r\nMampu menganalisis permasalahan yang dapat menimbulkan\r\nkonflik dan menyusun antisipasi untuk mencegah konflik terjadi, namun belum\r\nmengimplementasikan<br></p>', '<p><p><b>Mengimplementasikan solusi untuk menangani konflik yang memiliki\r\ndampak&nbsp; jangka pendek.</b></p>\r\n\r\nMampu mengimplementasikan solusi yang efektif dan\r\nmenguntungkan kedua pihak <i>(win-win\r\nsolution)</i> dalam penyelesaian konflik yang terjadi dan mempertimbangkan\r\nresiko konflik serta kerugian yang dampaknya jangka pendek.<br></p>', '<p><p><b>Mengimplementasikan solusi untuk menangani konflik yang memiliki\r\ndampak&nbsp; jangka panjang</b></p>\r\n\r\nMampu mengimplementasikan solusi yang efektif dan\r\nmenguntungkan kedua pihak <i>(win-win\r\nsolution)</i> dalam penyelesaian konflik yang terjadi denganmempertimbangkan resiko konflik serta\r\nkerugian yang dampaknya jangka panjang.<br></p>', '2013-03-29', '1'),
(49, 29, 'S.29.STD', '', 'Strategic decision', '', '<p>Tidak mampu mengelompokkan persoalan strategis<br></p>', '<p>Mampu mengelompokkan persoalan strategis, namun tidak\r\nmampu menyusun atau menentukan prioritas persoalan yang\r\nharus diselesaikan<br></p>', '<p>Mampu mengelompokkan persoalan strategis dan menentukan prioritasnya, namun tidak mampu menyusun\r\nalternatif penyelesaian<br></p>', '<p>Mampu mengelompokkan persoalan strategis, menentukan prioritas dan alternatif penyelesaian, namun tidak mampu menganalisis resiko serta antisipasinya<br>\r\n</p>', '<p>Mampu mengelompokkan persoalan strategis, menentukan prioritas dan alternatif penyelesaian, mampu\r\nmenganalisis resiko serta &nbsp;antisipasinya<br></p>', '2013-03-29', '1'),
(50, 30, 'M.ABI.01.A', 'A', 'ANALISIS TRANSAKSI, JURNAL, DAN BUKU BESAR', '', '<p>Belum&nbsp; memahami&nbsp;\r\nanalisis transaksi, penjurnalan, dan posting<br></p>', '<p>Memahami&nbsp; analisis transaksi, penjurnalan,\r\ndan posting<br></p>', '<p>Mampu melakukan analisis\r\ntransaksi, penjurnalan, dan posting<br></p>', '<p>Mampu melakukan evaluasi\r\ndan monitoring analisis transaksi, jurnal, dan posting<br></p>', '<p>Mampu memberikan masukan\r\ndan saran/rekomendasi terhadap perbaikan, tindak lanjut atau kebijakan terkait analisis transaksi, penjurnalan, dan posting<br></p>', '2013-03-31', '1'),
(51, 30, 'M.ABI.01.B', 'B', 'PENYAJIAN LAPORAN KEUANGAN', '', '<p>Belum&nbsp; memahami&nbsp;\r\nproses penyusunan laporan keuangan<br></p>', '<p>Memahami&nbsp; proses penyusunan laporan keuangan<br></p>', '<p>Mampu melakukan penyusunan\r\nlaporan keuangan<br></p>', '<p>Mampu melakukan evaluasi\r\ndan monitoring penyusunan laporan keuangan<br></p>', '<p>Mampu memberikan masukan\r\ndan saran/rekomendasi terhadap perbaikan, tindak lanjut atau kebijakan terkait penyajian laporan keuangan<br></p>', '2013-03-31', '1'),
(52, 30, 'M.ABI.01.C', 'C', 'KEBIJAKAN & STANDAR AKUNTANSI', '', '<p>Belum&nbsp; memahami&nbsp;\r\nkebijakan dan standar akuntansi yang berlaku umum<br></p>', '<p>Memahami&nbsp; kebijakan dan standar akuntansi yang berlaku\r\numum<br></p>', '<p>Mampu menerapkan kebijakan\r\ndan standar akuntansi&nbsp;<br></p>', '<p>Mampu melakukan evaluasi\r\ndan monitoring atas penerapan kebijakan dan standar akuntansi<br></p>', '<p>Mampu memberikan masukan\r\ndan saran/rekomendasi terhadap perbaikan atau tindak lanjut terkait penerapan kebijakan dan standar akuntansi dalam perusahaan<br></p>', '2013-03-31', '1'),
(53, 31, 'M.ABI.02.A', 'A', 'SISTEM DAN PROSEDUR AKUNTANSI', '', '<p>Belum memahami sistem dan\r\nprosedur akuntansi<br></p>', '<p>Memahami sistem dan\r\nprosedur akuntansi<br></p>', '<p>Mampu menerapkan sistem dan\r\nprosedur akuntansi<br></p>', '<p>Mampu&nbsp; menganalisis&nbsp; dan&nbsp;\r\nmengevaluasi&nbsp; penerapan&nbsp; sistem&nbsp;\r\ndan&nbsp; prosedur akuntansi<br></p>', '<p>Mampu mengembangkan sistem\r\ndan prosedur akuntansi<br></p>', '2013-03-31', '1'),
(54, 31, 'M.ABI.02.B', 'B', 'PROGRAM APLIKASI', '', '<p>Belum memahami program\r\naplikasi SPDK Net<br></p>', '<p>Memahami program aplikasi\r\nSPDK Net<br></p>', '<p>Mampu menerapkan program\r\naplikasi SPDK Net<br></p>', '<p>Mampu mengevaluasi program\r\naplikasi SPDK Net<br></p>', '<p>Mampu mengembangkan konsep\r\ndan program aplikasi SPDK\r\nNet<br></p>', '2013-03-31', '1'),
(55, 32, 'M.ABI.03.A', 'A', 'KETENTUAN PERPAJAKAN', '', '<p>Belum memahami ketentuan\r\nperpajakan yang berlaku<br></p>', '<p>Memahami ketentuan\r\nperpajakan yang berlaku<br></p>', '<p>Mampu mengaplikasikan\r\nketentuan perpajakan bagi perusahaan terkait kebutuhan perusahaan<br></p>', '<p>Mampu menganalisis dan mengevaluasi\r\naplikasi ketentuan perpajakan terkait kebutuhan perusahaan<br></p>', '<p>Mampu memberikan informasi\r\nserta alternatif kebijakan penerapan ketentuan perpajakan kepada Pimpinan/Direksi terkait kebutuhan perusahaan<br></p>', '2013-03-31', '1'),
(56, 32, 'M.ABI.03.B', 'B', 'ADMINISTRASI PERPAJAKAN', '', '<p>Belum memahami proses administrasi\r\nperpajakan<br></p>', '<p>Memahami proses\r\nadministrasi perpajakan<br></p>', '<p>Mampu&nbsp; mengaplikasikan&nbsp; proses&nbsp;\r\nadministrasi&nbsp; perpajakan&nbsp; terkait&nbsp;\r\nkebutuhan perusahaan<br></p>', '<p>Mampu&nbsp; menganalisis&nbsp; dan mengevaluasi&nbsp; penerapan\r\nproses administrasi perpajakan terkait kebutuhan perusahaan<br></p>', '<p>Mampu memberikan informasi\r\ndan alternatif&nbsp; kebijakan&nbsp; penerapan&nbsp;\r\nadministrasi perpajakan kepada Pimpinan/Direksi terkait kebutuhan\r\nperusahaan<br></p>', '2013-03-31', '1'),
(57, 33, 'M.ABI.04.A', 'A', 'LAPORAN MANAJEMEN', '', '<p>Belum memahami proses\r\nlaporan manajemen perusahaan<br></p>', '<p>Memahami proses penyusunan\r\nlaporan manajemen perusahaan<br></p>', '<p>Mampu melakukan analisis\r\npenyusunan laporan manajemen perusahaan<br></p>', '<p>Mampu mengevaluasi dan\r\nmonitoring atas laporan manajemen perusahaan<br></p>', '<p>Mampu memberikan masukan\r\ndan saran/rekomendasi terhadap perbaikan, tindak lanjut atau kebijakan penyusunan\r\nlaporan manajemen perusahaan<br></p>', '2013-03-31', '1'),
(58, 33, 'M.ABI.04.B', 'B', 'ALAT ANALISIS', '', '<p>Belum memahami penggunaan\r\nalat analisis dalam akuntansi manajemen<br></p>', '<p>Memahami penggunaan alat\r\nanalisis dalam akuntansi manajemen<br></p>', '<p>Mampu menggunakan alat\r\nanalisis dalam akuntansi manajemen<br></p>', '<p>Mampu mengevaluasi dan\r\nmonitoring penggunaan alat analisis dalam akuntansi manajemen<br></p>', '<p>Mampu memberikan saran\r\nuntuk perbaikan kinerja keuangan perusahaan<br></p>', '2013-03-31', '1'),
(59, 34, 'M.ABI.05', '', 'VERIFIKASI', '', '<p>Belum memahami proses\r\nvalidasi keabsahan dan kelengkapan dokumen transaksi yang dilakukan oleh\r\nperusahaan<br></p>', '<p>Memahami proses validasi\r\nkeabsahan dan kelengkapan dokumen transaksi yang dilakukan oleh perusahaan<br></p>', '<p>Mampu melakukan proses\r\nvalidasi keabsahan dan kelengkapan dokumen transaksi yang dilakukan oleh\r\nperusahaan<br></p>', '<p>Mampu menganalisis dan\r\nmengevaluasi proses validasi keabsahan dan kelengkapan dokumen transaksi yang\r\ndilakukan oleh perusahaan<br></p>', '<p>Mampu memberikan masukan\r\ndan saran/rekomendasi terhadap perbaikan, tindak lanjut atau kebijakan terkait keabsahan dan kelengkapan dokumen transaksi<br></p>', '2013-03-31', '1'),
(60, 35, 'M.ABI.06.A', 'A', 'PRINSIP DASAR & PRAKTEK ASURANSI', '', '<p>Belum memahami ketentuan dasar asuransi&nbsp;<br></p>', '<p>Memahami ketentuan dasar asuransi&nbsp;<br></p>', '<p>Mampu memahami prinsip dasar asuransi dan mengaplikasikan bagi\r\nperusahaan terkait kebutuhan perusahaan&nbsp;<br></p>', '<p>Mampu menganalisis dan mengevaluasi\r\nprogram dan obyek asuransi terkait kebutuhan perusahaan&nbsp;<br></p>', '<p>Mampu memberikan informasi\r\nserta alternatif kebijakan program dan obyek asuransi kepada Pimpinan/Direksi terkait kebutuhan perusahaan&nbsp;<br></p>', '2013-03-31', '1'),
(61, 35, 'M.ABI.06.B', 'B', 'ADMINISTRASI ASURANSI', '', '<p>Belum memahami proses\r\nadministrasi asuransi<br></p>', '<p>Memahami proses\r\nadministrasi asuransi<br></p>', '<p>Mampu&nbsp; mengaplikasikan&nbsp; administrasi&nbsp; penutupan polis, monitoring/menjaga kondisi umum, dan pengajuan klaim asuransi<br></p>', '<p>Mampu <span>mengawasi penutupan polis, monitoring/menjaga\r\nkondisi umum, dan pengajuan klaim </span>asuransi<br></p>', '<p>Mampu memberikan informasi\r\ndan alternatif&nbsp; kebijakan&nbsp; bidang administrasi asuransi kepada Pimpinan/Direksi terkait kebutuhan perusahaan<br></p>', '2013-03-31', '1'),
(62, 36, 'M.ABI.07', '', 'MANAJEMEN KAS', '', '<p>Belum memahami pengelolaan kas perusahaan<br></p>', '<p>Memahami pengelolaan kas perusahaan<br></p>', '<p>Mampu mengelola kas perusahaan berikut administrasinya<br></p>', '<p>Mampu menganalisis dan\r\nmengevaluasi efektivitas pengelolaan kas perusahaan<br></p>', '<p>Mampu memberikan informasi\r\ndan alternatif&nbsp; kebijakan&nbsp; pengelolaan kas kepada Pimpinan/Direksi<br></p>', '2013-03-31', '1'),
(63, 37, 'M.ABI.08.A', 'A', 'PENGETAHUAN SUMBER & INSTRUMEN PENDANAAN', '', '<p>Belum memahami sumber dan instrumen pendanaan eksternal<br></p>', '<p>Memahami sumber dan instrumen pendanaan eksternal beserta\r\nketentuan dasarnya<br></p>', '<p>Mampu menjalankan seluruh proses pengelolaan dana eksternal\r\n(perencanaan, penarikan, pembayaran kewajiban, pengelolaan aset jaminan,\r\npemenuhan covenant)<br></p>', '<p>Mampu merencanakan, memperoleh, mengelola, serta\r\nmengevaluasi proses pemanfaatan sumber dan instrumen pendanaan<br></p>', '<p>Mampu memberikan informasi\r\nserta alternatif kebijakan pemanfaatan sumber &amp; instrumen pendanaan kepada Pimpinan/Direksi sesuai\r\nkebutuhan perusahaan<br></p>', '2013-03-31', '1'),
(64, 37, 'M.ABI.08.B', 'B', 'ADMINISTRASI', '', '<p>Belum memahami proses\r\nadministrasi pengelolaan pendanaan<br></p>', '<p>Memahami proses\r\nadministrasi pengelolaan pendanaan<br></p>', '<p>Mampu&nbsp; melaksanakan&nbsp; administrasi pengelolaan pendanaan<br></p>', '<p>Mampumengevaluasi&nbsp;  dan mengawasi efektivitas proses pengelolaan administrasi pendanaan<br></p>', '<p>Mampu memberikan informasi\r\ndan alternatif&nbsp; kebijakan&nbsp; penerapan&nbsp;\r\nadministrasi pendanaan kepada Pimpinan/Direksi sesuai\r\nkebutuhan perusahaan<br></p>', '2013-03-31', '1'),
(65, 38, 'BIS.01.A', 'A', 'APLIKASI PERKANTORAN (OFFICE)', '', '<p>Belum memahami aplikasi komputer perkantoran<br></p>', '<p>Memahami jenis dan manfaat aplikasi komputer perkantoran (teks, data, presentasi)<br></p>', '<p>Mampu mengoperasikan aplikasi komputer perkantoran (teks, data, presentasi)<br></p>', '<p>Mampu mengevaluasi pemanfaatan aplikasi komputer perkantoran\r\ndi unit bisnis/kerja masing-masing<br></p>', '<p>Mampu menjadi narasumber pengoperasian aplikasi komputer perkantoran\r\n(teks, data, presentasi) serta menguasai aplikasi-aplikasi tambahan yang\r\nmendukung penyelesaian tugas<br></p>', '2013-03-31', '1'),
(66, 38, 'BIS.01.B', 'B', 'INTERNET', '', '<p>Belum memahami cara pengoperasian fasilitas internet<br></p>', '<p>Memahami cara pengoperasian fasilitas\r\ninternet untuk mencari informasi (<i>browsing</i>)<br></p>', '<p>Mampu mengoperasikan\r\ninternet untuk berkomunikasi (<i>email</i>, mengirim dan menerima <i>file</i>)<br></p>', '<p>Mampu mengevaluasi penerapan serta pemanfaatan internet di unit\r\nbisnis/kerja masing-masing<br></p>', '<p>Mampu mendorong serta memberikan ide pengembangan pemanfaatan\r\ninternet di unit bisnis/kerja masing-masing untuk mendukung kegiatan bisnis&nbsp;<br></p>', '2013-03-31', '1'),
(67, 38, 'BIS.01.C', 'C', 'TEKNOLOGI INFORMASI', '', '<p>Belum\r\nmemahami jenis dan fungsi aplikasi TI di perusahaan<br></p>', '<p>Memahami\r\njenis dan fungsi aplikasi TI di perusahaan<br></p>', '<p>Mampu\r\nmenjalankan dan atau memanfaatkan aplikasi TI di perusahaan, minimal yang terkait dengan unit bisnis/kerja atau\r\nbidang tugasnya<br></p>', '<p>Mampu\r\nmemberikan analisis dan evaluasi pemanfaatan aplikasi TI di unit bisnis/kerja\r\natau lingkup perusahaan<br></p>', '<p>Mampu mendorong serta memberikan ide pengembangan pemanfaatan TI <span>di tingkat unit bisnis/kerja/</span>perusahaan untuk mendukung efektifitas sistem &amp; kinerja\r\nperusahaan<br></p>', '2013-03-31', '1'),
(68, 39, 'BIS.02.A', 'A', 'PERENCANAAN BISNIS', '', '<p>Belum\r\nmemahami konsep dan teknis perencanaan bisnis<br></p>', '<p>Mampu\r\nmemahami konsep dan teknis perencanaan bisnis<br></p>', '<p>Mampu\r\nmenyiapkan bahan-bahan untuk penyusunan rencana bisnis pada <i>scope</i>&nbsp;bidang tugas dan unitnya<br></p>', '<p>Mampu\r\nmenterjemahkan <i>point</i>-<i>point</i> di dalam rencana\r\nperusahaan untuk diturunkan ke dalam lingkup rencana\r\nbisnis<br></p>', '<p>Mampu\r\nmenganalisa serta mengintegrasikan data-data unit dan <i>point&nbsp;</i>rencana perusahaan ke dalam rencana\r\nbisnis,\r\ntermasuk di dalamnya pertimbangan skema dan\r\nkebijakan manajemen pada rencana tersebut<br></p>', '2013-03-31', '1'),
(69, 39, 'BIS.02.B', 'B', 'PERENCANAAN KERJA DAN ANGGARAN', '', '<p>Belum\r\nmemahami perencanaan kerja &amp; anggaran<br></p>', '<p>Memahami\r\nkonsep, teknis dan mekanisme penyusunan RKAP/RKO<br></p>', '<p>Mampu\r\nmenyusun RKAP/RKO di unit bisnis/kerja masing-masing<br></p>', '<p>Mampu\r\nmemonitor dan mengevaluasi pelaksanaan RKA/RKO di unit bisnis/kerja\r\nmasing-masing<br></p>', '<p>Mampu\r\nmemberikan masukan dan rekomendasi terhadap proses perencanaan, penyusunan serta pengawasan RKAP/RKO di unit bisnis/kerja masing-masing<br></p>', '2013-03-31', '1'),
(70, 40, 'BIS.03', '', 'FINON (MANAJEMEN KEUANGAN UNTUK MANAJER NON KEUANGAN)', '', '<p>Belum\r\nmemahami konsep dan ruang lingkup pengelolaan keuangan<br></p>', '<p>Mampu\r\nmembaca serta memahami laporan keuangan<br></p>', '<p>Mampu\r\nmelakukan pengelolaan modal kerja<br></p>', '<p>Mampu\r\nmelakukan analisa kelayakan investasi dan pendanaannya<br></p>', '<p>Mampu\r\nmemberikan rekomendasi terkait pengelolaan keuangan<br></p>', '2013-03-31', '1'),
(71, 41, 'BIS.04', '', 'CBHRMS (COMPETENCY-BASED HUMAN RESOURCE MANAGEMENT SISTEM)', '', '<p>Belum\r\nmemahami konsep dan ruang lingkup CBHRMS<br></p>', '<p>Memahami\r\nkonsep dan ruang lingkup CBHRMS<br></p>', '<p>Mampu\r\nmenjalankan fungsi perencanaan dan pengorganisasian SDM, sesuai kebutuhan kompetensi, tugas, dan wewenangnya<br></p>', '<p>Mampu\r\nmenjalankan fungsi pengarahan, pengendalian, dan pengembangan SDM,\r\nsesuai kebutuhan kompetensi, tugas, dan wewenangnya<br></p>', '<p>Mampu\r\nmengevaluasi dan memberikan masukan terhadap pelaksanaan CBHRMS<br></p>', '2013-03-31', '1'),
(72, 42, 'BIS.05', '', 'GOOD CORPORATE GOVERNANCE (GCG)', '', '<p>Belum memahami prinsip-prinsip\r\nGCG<br></p>', '<p>Memahami prinsip-prinsip\r\nGCG&nbsp;<br></p>', '<p>Mampu menerapkan\r\nprinsip-prinsip GCG ke dalam praktek pengelolaan perusahaan<br></p>', '<p>Mampu\r\nmelakukan penilaian efektivitas implementasi prinsip-prinsip\r\nGCG di dalam praktek\r\npengelolaan perusahaan<br></p>', '<p>Mampu\r\nmemberikan masukan serta rekomendasi perbaikan implementasi prinsip GCG ke dalam praktek pengelolaan perusahaan<br></p>', '2013-03-31', '1'),
(73, 43, 'BIS.06', '', 'PROSES BISNIS', '', '<p>Belum memahami\r\nproses bisnis perusahaan<br></p>', '<p>Memahami proses bisnis perusahaan<br></p>', '<p>Mampu mengevaluasi dan menganalisis efektivitas dan efisiensi proses bisnis perusahaan<br></p>', '<p>Mampu\r\nmelakukan analisis terhadap adaptasi perubahan faktor internal dan eksternal\r\nperusahaan<br></p>', '<p>Mampu memberikan masukan dalam upaya <i>business reenginering&nbsp;</i>(rekayasa bisnis) dan <i>continous improvement&nbsp;</i>(perbaikan terus menerus) terhadap proses\r\nbisnis yang telah berjalan<br></p>', '2013-03-31', '1'),
(74, 44, 'BIS.07', '', 'MANAJEMEN RISIKO', '', '<p>Belum\r\nmemahami konsep dan ruang lingkup manajemen risiko<br></p>', '<p>Memahami\r\nkonsep dan ruang lingkup manajemen risiko<br></p>', '<p>Mampu\r\nmengidentifikasi risiko<br></p>', '<p>Mampu\r\nmelakukan analisa dan penilaian risiko<br></p>', '<p>Mampu\r\nmenyusun strategi pengelolaan/penanganan risiko<br></p>', '2013-03-31', '1'),
(75, 45, 'BIS.08', '', 'TEKNIS KEWIRAUSAHAAN', '', '<p>Belum\r\nmemahami konsep dan ruang lingkup teknis wirausaha<br></p>', '<p>Memahami\r\nkonsep dan ruang lingkup teknis wirausaha<br></p>', '<p>Mampu\r\nmengidentifikasi peluang usaha dan menyusunnya sebagai rencana usaha<br></p>', '<p>Mampu\r\nmerealisasikan, melakukan dan mengelola usaha<br></p>', '<p>Mampu mengembangkan\r\nusaha yang memberikan nilai tambah signifikan pada perusahaan secara jangka\r\npanjang<br></p>', '2013-03-31', '1'),
(76, 46, 'BIS.09', '', 'PENCAPAIAN KINERJA UNGGUL', '', '<p>Belum\r\nmemahami konsep dan ruang lingkup pencapaian kinerja berdasar Kriteria Penilaian Kinerja Unggul (KPKU)<br></p>', '<p>Memahami\r\nkonsep dan ruang lingkup pencapaian kinerja unggul berdasar Kriteria Penilaian Kinerja Unggul (KPKU)<br></p>', '<p>Mampu menterjemahkan,\r\nmengidentifikasi, merencanakan, dan melaksanakan kriteria kinerja unggul dalam aktivitas bisnis perusahaan<br></p>', '<p>Mampu\r\nmelakukan penilaian efektivitas implementasi serta pencapaian\r\npengelolaan kinerja unggul di perusahaan<br></p>', '<p>Mampu\r\nmemberikan masukan serta rekomendasi terhadap pengembangan serta&nbsp; perbaikan implementasi kriteria kinerja\r\nunggul ke dalam praktek maupun kebijakan pengelolaan perusahaan<br></p>', '2013-03-31', '1'),
(77, 47, 'M.KJI.01', '', 'ANALISIS LINGKUNGAN BISNIS', '', '<p>Belum memahami proses dan metode analisis lingkungan bisnis<br></p>', '<p>Memahami proses dan metode analisis lingkungan bisnis<br></p>', '<p>Mampu melakukan proses analisis lingkungan bisnis (internal &amp; eksternal)<br></p>', '<p>Mampu melakukan evaluasi proses dan hasil pemetaan analisis lingkungan bisnis<br></p>', '<p>Mampu memberikan masukan dan saran/rekomendasi terhadap\r\nperbaikan, tindak lanjut atau kebijakan dalam perencanaan strategis perusahaan terkait hasil analisis lingkungan bisnis<br></p>', '2013-03-31', '1'),
(78, 48, 'HC.F.KJI.02', '', 'PENGKAJIAN TANAMAN', '', '<p>Belum memahami proses budidaya tanaman kelapa sawit dan karet<br></p>', '<p>Memahami proses budidaya tanaman kelapa sawit dan karet<br></p>', '<p>Mampu melakukan proses kajian tanaman, meliputi\r\nperumusan masalah, penyusunan metodologi,\r\nanalisis, identifikasi hubungan dalam data, dan intepretasi hasil<br></p>', '<p>Mampu melakukan evaluasi proses dan hasil pengkajian tanaman<br></p>', '<p>Mampu memberikan masukan dan saran/rekomendasi terhadap\r\nperbaikan, tindak lanjut atau kebijakan dalam <i>reengineering</i> proses bisnis perusahaan terkait hasil pengkajian tanaman&nbsp;<br></p>', '2013-03-31', '1'),
(79, 49, 'HC.F.KJI.03', '', 'PENGKAJIAN TEKNIK/PENGOLAHAN', '', '<p>Belum memahami proses teknik/pengolahan kelapa sawit dan karet<br></p>', '<p>Memahami proses teknik/pengolahan kelapa sawit dan karet<br></p>', '<p>Mampu melakukan proses kajian teknik/pengolahan,\r\nmeliputi perumusan masalah, penyusunan metodologi,\r\nanalisis, identifikasi hubungan dalam data, dan intepretasi hasil<br></p>', '<p>Mampu melakukan evaluasi proses dan hasil pengkajian teknik/pengolahan<br></p>', '<p>Mampu memberikan masukan dan saran/rekomendasi terhadap\r\nperbaikan, tindak lanjut atau kebijakan dalam <i>reengineering</i> proses bisnis perusahaan terkait hasil pengkajian\r\nteknik/pengolahan&nbsp;<br></p>', '2013-03-31', '1'),
(80, 50, 'M.KJI.04', '', 'PENGKAJIAN FINANSIAL', '', '<p>Belum memahami prinsip-prinsip dasar simulasi keuangan seperti:\r\nIRR, NPV, B/C&nbsp;<br></p>', '<p>Memahami prinsip-prinsip dasar simulasi keuangan seperti:\r\nIRR, NPV, B/C<br></p>', '<p>Mampu melakukan perhitungan simulasi keuangan untuk mengetahui kelayakan suatu proyek atau investasi<br></p>', '<p>Mampu melakukan evaluasi proses dan hasil kajian keuangan termasuk <i>sensitivity\r\nanalysis</i><br></p>', '<p>Mampu memberikan masukan dan saran/rekomendasi terhadap\r\nperbaikan, tindak lanjut atau kebijakan dalam pengambilan keputusan proyek atau investasi perusahaan terkait hasil pengkajian keuangan<br></p>', '2013-03-31', '1'),
(81, 51, 'M.KJI.05', '', 'PENGKAJIAN BISNIS', '', '<p>Belum memahami proses dan metode analisis kelayakan bisnis<br></p>', '<p>Memahami proses dan metode analisis kelayakan bisnis<br></p>', '<p>Mampu melakukan proses kajian bisnis, meliputi\r\nperumusan masalah, penyusunan metodologi,\r\nanalisis, identifikasi hubungan dalam data,intepretasi, dan integrasi hasil<br></p>', '<p>Mampu melakukan proses kajian bisnis, meliputi\r\nperumusan masalah, penyusunan metodologi,\r\nanalisis, identifikasi hubungan dalam data, intepretasi, dan integrasi hasil<br></p>', '<p>Mampu memberikan masukan dan saran/rekomendasi terhadap\r\nperbaikan, tindak lanjut atau kebijakan dalam pengembangan bisnis perusahaan terkait hasil\r\npengkajian <span>bisnis</span><br></p>', '2013-03-31', '1'),
(82, 52, 'M.KJI.06', '', 'PENGKAJIAN SDM/UMUM', '', '<p>Belum memahami proses dan metode pengkajian SDM/Umum<br></p>', '<p>Memahami proses dan metode pengkajian SDM/Umum<br></p>', '<p>Mampu melakukan proses kajian SDM/Umum, meliputi\r\nperumusan masalah, penyusunan metodologi,\r\nanalisis, identifikasi hubungan dalam data, dan intepretasi hasil<br></p>', '<p>Mampu melakukan evaluasi proses dan hasil intepretasi kajian <span>SDM/Umum</span><br></p>', '<p>Mampu memberikan masukan dan saran/rekomendasi terhadap\r\nperbaikan, tindak lanjut atau kebijakan dalam pengelolaan SDM/Umum terintegrasi terkait hasil\r\npengkajian SDM/Umum<br></p>', '2013-03-31', '1'),
(83, 53, 'M.KJI.07', '', 'MANAJEMEN PROYEK', '', '<p>Belum memahami teknis dan proses\r\npengelolaan proyek<br></p>', '<p>Memahami teknis dan pengelolaan proyek<br></p>', '<p>Mampu menjadi anggota tim serta menjalankan peran dan fungsinya secara efektif dengan anggota lain\r\nuntuk melakukan perencanaan, pelaksanaan, monitoring serta evaluasi proyek<br></p>', '<p>Mampu menjadi koordinator\r\n(<i>project leader</i>) serta mengelola anggotanya secara efektif untuk melakukan perencanaan,\r\npelaksanaan, monitoring dan evaluasi proyek<br></p>', '<p>Kemampuan merumuskan dan merekomendasikan hasil&nbsp;<i>pilot project&nbsp;</i>berikut tindak lanjutnya<br></p>', '2013-03-31', '1'),
(84, 54, 'M.KJI.08', '', 'STANDARD OPERATING PROCEDURE (SOP) ', '', '<p>Belum memahami alur penyusunan SOP &amp; IK<br></p>', '<p>Memahami alur penyusunan SOP &amp; IK<br></p>', '<p>Mampu menyusun SOP &amp; IK<br></p>', '<p>Mampu melakukan evaluasi dan melakukan perbaikan implementasi proses bisnis dalam&nbsp;<span>SOP &amp; IK</span>\r\nyang ada<br></p>', '<p>Mampu memberikan masukan dan saran/rekomendasi terhadap\r\nperbaikan, tindak lanjut atau kebijakan dalam pengelolaan kualitas proses dan hasil terkait\r\npenyusunan/penyempurnaan SOP&amp; IK<br></p>', '2013-03-31', '1'),
(85, 55, 'M.KJI.09', '', 'ANALISIS DAN EVALUASI DATA', '', '<p>Belum memahami teknik analisis\r\ndata<br></p>', '<p>Memahami teknik analisis\r\ndata<br></p>', '<p>Mampu melakukan teknik analisis data dan pembuatan laporan hasil analisis data<br></p>', '<p>Mampu mengevaluasi laporan serta akurasi hasil analisis\r\ndata<br></p>', '<p>Mampu memberikan masukan dan saran/rekomendasi terhadap\r\nperbaikan, tindak lanjut atau kebijakan dalam pengelolaan data dan sistem pelaporannya terkait\r\nanalisis dan evaluasi data<br></p>', '2013-03-31', '1'),
(86, 56, 'M.KJI.10', '', 'PENGELOLAAN SISTEM JARINGAN KOMPUTER', '', '<p>Belum memahami TCP/IP dan prinsip topologi jaringan<br></p>', '<p>Memahami&nbsp; TCP/IP dan prinsip topologi jaringan komputer<br></p>', '<p>Mampu mengkoneksikan komputer ke LAN<br></p>', '<p>Mampu melakukan\r\nmonitoring jaringan dan melakukan&nbsp;<i>troubleshooting</i><br></p>', '<p>Mampu mendesain jaringan komputer, <i>network security&nbsp;</i>serta mampu mengkonfigurasi perangkat pendukung jaringan (dikuatkan dengan sertifikasi di\r\nbidang pengelolaan jaringan komputer)<br></p>', '2013-03-31', '1'),
(87, 57, 'M.KJI.11', '', 'PENGELOLAAN SISTEM  KOMUNIKASI DATA', '', '<p>Belum memahami prinsip\r\nsistem komunikasi data<br></p>', '<p>Memahami prinsip\r\nsistem komunikasi data<br></p>', '<p>Mampu mengenali perangkat komunikasi\r\ndata<br></p>', '<p>Mampu mengkonfigurasi dan&nbsp;<i>troubleshooting&nbsp;</i>perangkat komunikasi data<br></p>', '<p>Mampu merancang serta mengelola perangkat komunikasi\r\ndata (dikuatkan\r\ndengan sertifikasi\r\ndi bidang sistem komunikasi data)<br></p>', '2013-03-31', '1'),
(88, 58, 'M.KJI.12', '', 'PEMOGRAMAN APLIKASI  KOMPUTER', '', '<p>Belum memahami perancangan aplikasi, algoritma dan logika pemrograman<br></p>', '<p>Memahami perancangan aplikasi, algoritma dan logika pemrograman<br></p>', '<p>Mampu melakukan pemrograman berbasis&nbsp;<i>desktop</i><br></p>', '<p>Mampu melakukan pemrograman berbasis&nbsp;<i>web</i><br></p>', '<p>Mampu menguji,\r\nmenelusuri, dan memperbaiki kode program\r\n(dikuatkan\r\ndengan sertifikasi\r\ndi bidang pemrograman)<br></p>', '2013-03-31', '1'),
(89, 59, 'M.KJI.13', '', 'PERANCANGAN SISTEM INFORMASI ', '', '<p>Belum memahami konsep sistem informasi dan proses\r\nbisnis perusahaan<br></p>', '<p>Memahami konsep\r\nsistem informasi dan proses\r\nbisnis perusahaan<br></p>', '<p>Mampu menggunakan metode dan&nbsp;<i>tools&nbsp;</i>dalam perancangan sistem informasi<br></p>', '<p>Mampu melakukan\r\nreview, analisa, perbaikan dan pengembangan terhadap suatu desain sistem<br></p>', '<p>Mampu mengembangkan dan membuat desain integrasi\r\nsistem informasi di\r\nperusahaan dan mampu membuat desain&nbsp;<i>interface&nbsp;</i>antar\r\nsistem yang telah ada dalam rangka melakukan integrasi\r\nsistem<br></p>', '2013-03-31', '1'),
(90, 60, 'M.KJI.14', '', 'PENGELOLAAN DATABASE SERVER', '', '<p>Belum memahami teknis instalasi dan konfigurasi\r\nDBMS<br></p>', '<p>Memahami teknis instalasi dan konfigurasi\r\nDBMS<br></p>', '<p>Mampu melakukan perancangan dan pengoperasian\r\nDBMS<br></p>', '<p>Mampu melakukan pemeliharaan dan teknik&nbsp;<i>disaster\r\nrecovery system</i>\r\nDBMS<br></p>', '<p>Mampu memiliki sertifikasi\r\ndi bidang DBMS<br></p>', '2013-03-31', '1'),
(91, 61, 'M.KJI.15', '', 'PENGELOLAAN HARDWARE (H/W)', '', '<p>Belum memahami jenis-jenis dan fungsi komponen/peralatan teknologi\r\ninformasi dan peralatan penunjangnya\r\nserta penggunaan peralatan tersebut dengan benar<br></p>', '<p>Memahami jenis-jenis dan fungsi\r\nkomponen/peralatan teknologi informasi\r\ndan peralatan penunjangnya serta mampu menggunakan peralatan tersebut\r\ndengan benar<br></p>', '<p>Mampu merakit dan melakukan instalasi H/W teknologi informasi dan peralatan penunjangnya,\r\nserta melakukan pemeliharaan (<i>Preventive Maintenance dan Predictive Maintenance</i>)<br></p>', '<p>Mampu melakukan&nbsp;<i>troubleshooting </i>terhadap H/W teknologi informasi dan peralatan penunjangnya<br></p>', '<p>Mampu\r\nmengikuti perkembangan teknologi H/Wdan dapat melakukan <i>upgrade</i> atau migrasi ke teknologi yang lebih baik dan melakukan\r\nanalisa kebutuhan perangkat teknologi informasi untuk perusahaan<br></p>', '2013-03-31', '1'),
(92, 62, 'M.KJI.16', '', 'PENGGUNAAN SISTEM OPERASI ', '', '<p>Belum memahami cara menginstalasi\r\nsistem operasi<br></p>', '<p>Memahami konsep dasar serta mampu mengoperasikan sistem operasi<br></p>', '<p>Mampu melakukan\r\nsetup dan konfigurasi sistem\r\noperasi<br></p>', '<p>Mampu memberikan rekomendasi hasil evaluasi serta melakukan\r\nsetup terhadap kompatibilitas&nbsp;<i>hardware&nbsp;</i>dan&nbsp;<i>software</i>&nbsp;\r\nyang dapat di<i>-support&nbsp;</i>oleh sistem\r\noperasi<br></p>', '<p>Mampu melakukan\r\nmonitoring dan&nbsp;<i>tuning</i> sistem operasi serta mampu memiliki sertifikasi di\r\nbidang&nbsp; sistem operasi server<br></p>', '2013-03-31', '1'),
(93, 63, 'M.SAR.01', '', 'MANAJEMEN PENJUALAN', '', '<p>Belum memahami teknis dan tahapan proses penjualan<br></p>', '<p>Memahami teknis dan tahapan proses penjualan <br></p>', '<p>Mampu melakukan setiap proses tahapan penjualan<br></p>', '<p>Mampu melakukan monitoring dan evaluasi pengelolaan dan efektivitas penjualan\r\nsecara menyeluruh<br></p>', '<p>Mampu memberikan masukan dan saran/rekomendasi terhadap perbaikan, tindak\r\nlanjut atau kebijakan penjualan perusahaan terkait sistem dan pengelolaannya <br></p>', '2013-04-02', '1'),
(94, 64, 'M.SAR.02', '', 'MANAJEMEN TRANSPORTASI', '', '<p>Belum memahami teknis dan tahapan manajemen transportasi<br></p>', '<p>Memahami teknis dan tahapan manajemen transportasi<br></p>', '<p>Mampu melakukan setiap proses tahapan manajemen transportasi<br></p>', '<p>Mampu melakukan monitoring dan evaluasi sistem manajemen transportasi<br></p>', '<p>Mampu memberikan masukan dan saran/rekomendasi terhadap perbaikan, tindak\r\nlanjut atau kebijakan transportasi <span>pengiriman produk perusahaan terkait sistem dan\r\npengelolaannya</span><br></p>', '2013-04-02', '1'),
(95, 65, 'M.SAR.03', '', 'MANAJEMEN PERGUDANGAN', '', '<p>Belum memahami manajemen pergudangan<br></p>', '<p>Memahami manajemen pergudangan<br></p>', '<p>Mampu memonitor dan melaksanakan manajemen pergudangan<br></p>', '<p>Mampu mengevaluasi dan menyempurnakan sistem manajemen pergudangan<br></p>', '<p>Mampu memberikan masukan dan saran/rekomendasi terhadap perbaikan, tindak\r\nlanjut atau kebijakan manajemen pergudangan untuk menjaga rantai stok\r\nproduk<br></p>', '2013-04-02', '1'),
(96, 66, 'M.SAR.04', '', 'ANALISA DAN INFORMASI PASAR', '', '<p>Belum memahami teknis analisa dan informasi pasar<span> </span><br></p>', '<p>Memahami teknis analisa dan informasi pasar <br></p>', '<p>Mampu melakukan analisa pasar<br></p>', '<p>Mampu mengevaluasi proses dan hasil analisa pasar<br></p>', '<p>Mampu memberikan masukan dan saran/rekomendasi terhadap perbaikan, tindak\r\nlanjut atau kebijakan analisa pasar untuk meminimalkan risiko perusahaan<br></p>', '2013-04-02', '1'),
(97, 67, 'M.SAR.05', '', 'PELAYANAN PELANGGAN', '', '<p>Belum memahami lingkup dan teknis pelayanan pelanggan<br></p>', '<p>Memahami lingkup dan teknis pelayanan pelanggan<br></p>', '<p>Mampu melakukan kegiatan pelayanan pelanggan<br></p>', '<p>Mampu mengevaluasi pelayanan pelanggan serta mengkaji dan\r\nmenindaklanjuti ketidakpuasan pelanggan<br></p>', '<p>Mampu memberikan masukan dan saran/rekomendasi terhadap perbaikan, tindak\r\nlanjut atau kebijakan pelayanan dan komplain pelanggan secara jangka\r\npanjang<br></p>', '2013-04-02', '1'),
(98, 68, 'M.BKU.01', '', ' PENGELOLAAN TANAMAN', '', '<p>Belum memahami<span>&nbsp; rencana produksi\r\ndan pemeliharaan tanaman</span><br></p>', '<p>Memahami<span>&nbsp; rencana produksi dan\r\npemeliharaan tanaman</span><br></p>', '<p>Mampu menyusun rencana produksi dan pemeliharaan tanaman<br></p>', '<p>Mampu melakukan evaluasi terhadap perencanaan tanaman<br></p>', '<p>Mampu memberikan masukan dan saran/rekomendasi terhadap perbaikan, tindak\r\nlanjut atau kebijakan dalam\r\npengelolaan tanaman plasma untuk peningkatan capaian produksi<br></p>', '2013-04-02', '1');
INSERT INTO `competency_library` (`id`, `category`, `code`, `dimension`, `name`, `definition`, `level_1`, `level_2`, `level_3`, `level_4`, `level_5`, `date`, `active`) VALUES
(99, 69, 'M.BKU.02', '', 'PENGELOLAAN PROGRAM PLASMA', '', '<p>Belum memahami peraturan\r\nperundangan dan sistem pengelolaan plasma/KKPA<br></p>', '<p>Memahami<span>&nbsp; </span>peraturan perundangan dan sistem pengelolaan\r\nplasma/KKPA<br></p>', '<p>Mampu melakukan pengelolaan plasma/KKPA<br></p>', '<p>Mampu melakukan evaluasi efektivitas pengelolaan plasma/KKPA<br></p>', '<p>Mampu memberikan masukan dan saran/rekomendasi terhadap perbaikan, tindak\r\nlanjut atau kebijakan dalam\r\npengelolaan program plasma untuk keberlanjutan &amp; keberhasilan secara jangka\r\npanjang<br></p>', '2013-04-02', '1'),
(100, 70, 'M.BKU.03', '', 'PENGELOLAAN HUBUNGAN PETANI', '', '<p>Belum memahami program revitalisasi<br></p>\r\n', '<p>Memahami program revitalisasi<br></p>\r\n', '<p>Mampu menyusun program hubungan dan strategi pembinaan petani plasma/KKPA<br></p>\r\n', '<p>Mampu memberikan pengarahan dan pembinaan hubungan dengan petani Plasma/KKPA sehubungan dengan pelaksanaan\r\nrevitalisasi<br></p>\r\n', '<p>Mampu memberikan masukan dan saran/rekomendasi terhadap perbaikan, tindak\r\nlanjut atau kebijakan dalam\r\npola hubungan dan pembinaan petani plasma/KKPA untuk menjaga keberlangsungan hubungan secara jangka\r\npanjang<br></p>\r\n', '2013-04-02', '1'),
(101, 71, 'M.BKU.04', '', 'PROSES PENGOLAHAN', '', '<p>Belum memahami sistem penetapan anggaran dan standar mutu produk<br></p>\r\n', '<p>Memahami sistem penetapan anggaran\r\ndan standar mutu produk<br></p>\r\n', '<p>Mampu melakukan monitoring terhadap proses pengolahan dan standar mutu produk<br></p>\r\n', '<p>Mampu memberikan pengarahan dan evaluasi terhadap pasokan dan mutu bahan\r\nbaku<br></p>\r\n', '<p>Mampu memberikan masukan dan saran/rekomendasi terhadap perbaikan, tindak\r\nlanjut atau kebijakan dalam\r\npasokan dan mutu bahan baku untuk menjaga keberlangsungan serta peningkatan proses\r\npengolahan maupun mutu produk<br></p>\r\n', '2013-04-02', '1'),
(102, 72, 'M.BKU.05', '', 'PENGELOLAAN KEUANGAN PLASMA DAN KKPA', '', '<p>Belum\r\nmemahami <span>konsep dan ruang lingkup pengelolaan keuangan plasma dan KKPA</span><br></p>', '<p>Mampu\r\nmembaca serta memahami laporan keuangan plasma dan KKPA<br></p>', '<p>Mampu\r\nmelakukan pengelolaan\r\nmodal kerja plasma dan KKPA<br></p>', '<p>Mampu\r\nmelakukan\r\nanalisa kelayakan investasi dan pendanaannya<br></p>', '<p>Mampu\r\nmemberikan\r\nmasukan dan saran/rekomendasi terkait laporan keuangan<br></p>', '2013-04-02', '1'),
(103, 73, 'M.PNG.01', '', 'PENGEMBANGAN USAHA TANAMAN', '', '<p>Belum memahami proses dan prosedur pengembangan areal tanaman<br></p>', '<p>Memahami proses dan prosedur pengembangan areal tanaman<br></p>', '<p>Mampu melakukan pengembangan areal tanaman sesuai dengan kebijakan, sasaran,\r\nprosedur, dan mempunyai jaringan yang luas dengan perorangan, korporasi, dan\r\ninstansi-instansi yang berkaitan dengan pengembangan areal tanaman<br></p>', '<p>Mampu mengevaluasi efektivitas proses dan hasil pengembangan areal\r\ntanaman<br></p>', '<p>Mampu memberikan masukan dan saran/rekomendasi terhadap perbaikan,\r\ntindak lanjut, atau kebijakan pengembangan areal tanaman<br></p>', '2013-04-02', '1'),
(104, 74, 'M.PNG.02', '', 'PENGEMBANGAN USAHA NON TANAMAN', '', '<p>Belum memahami proses dan prosedur pengembangan usaha non tanaman<br></p>', '<p>Memahami proses dan prosedur pengembangan usaha non tanaman<br></p>', '<p>Mampu menjalani pengembangan usaha sesuai dengan kebijakan, sasaran, prosedur\r\ndan mempunyai jaringan yang luas dengan perorangan, korporasi dan\r\ninstansi-instansi yang berkaitan dengan pengembangan usaha non tanaman<br></p>', '<p>Mampu mengevaluasi efektivitas proses dan hasil pengembangan usaha non\r\ntanaman<br></p>', '<p>Mampu memberikan masukan dan saran/rekomendasi terhadap perbaikan, tindak\r\nlanjut atau kebijakan pengembangan usaha non tanaman<br></p>', '2013-04-02', '1'),
(105, 75, 'M.PNG.03', '', 'PENGELOLAAN ADMINISTRASI PERUSAHAAN PATUNGAN', '', '<p>Belum memahami ruang lingkup dan teknis pengelolaan administrasi anak perusahaan dan kemitraan\r\nyang telah dan akan terbentuk<br></p>', '<p>Memahami ruang lingkup dan teknis pengelolaan administrasi anak perusahaan dan kemitraan yang telah dan akan terbentuk<br></p>', '<p>Mampu melaksanakan pengelolaan\r\nadministrasi anak perusahaan dan kemitraan yang telah dan akan terbentuk<br></p>', '<p>Mampu mengevaluasi efektifitas pengelolaan dan ketertiban administrasi anak perusahaan dan kemitraan yang\r\ntelah dan akan terbentuk<br></p>', '<p>Mampu memberikan masukan dan saran/rekomendasi terhadap perbaikan,\r\ntindak lanjut atau kebijakan pengelolaan administrasi anak perusahaan dan kemitraan sebagai bagian\r\nmewujudkan tata kelola perusahaan yang baik<br></p>', '2013-04-02', '1'),
(106, 76, 'M.PNG.04', '', 'STUDI KELAYAKAN', '', '<p>Belum memahami ruang lingkup dan metode analisis kelayakan usaha<br></p>', '<p>Memahami ruang lingkup dan metode analisis kelayakan usaha<br></p>', '<p>Mampu melakukan perhitungan dan penyusunan analisis kelayakan usaha<br></p>', '<p>Mampu mengevaluasi data, perhitungan, dan kesimpulan hasil analisis kelayakan\r\nusaha<br></p>', '<p>Mampu memberikan masukan dan saran/rekomendasi terhadap perbaikan,\r\ntindak lanjut atau kebijakan studi kelayakan sebagai bagian pengelolaan risiko\r\nusaha<br></p>', '2013-04-02', '1'),
(107, 77, 'M.PNG.05', '', 'SURVEI', '', '<p>Belum memahami metode dan aspek-aspek dalam melakukan survei<br></p>', '<p>Memahami metode dan aspek-aspek dalam melakukan survei<br></p>', '<p>Mampu melaksanakan survei data primer maupun sekunder secara valid<br></p>', '<p>Mampu mengevaluasi proses dan hasil analisis survei<br></p>', '<p>Mampu memberikan masukan dan saran/rekomendasi terhadap perbaikan,\r\ntindak lanjut, atau kebijakan survei yang berhubungan dengan pengembangan usaha<br></p>', '2013-04-02', '1'),
(108, 78, 'M.PNG.06', '', 'NETWORKING USAHA', '', '<p>Belum memahami peraturan-peraturan dan teknis membangun kerja sama\r\ndengan pihak-pihak lain<br></p>', '<p>Memahami peraturan-peraturan dan teknis membangun kerja sama dengan pihak-pihak lain<br></p>', '<p>Mampu menjalin dan atau membangun kerja sama baru dengan pihak lain sesuai\r\nperaturan yang ada<br></p>', '<p>Mampu mengevaluasi proses, efektivitas pola, dan peningkatan nilai kerja\r\nsama baru serta pemeliharaan jejaring yang telah ada<br></p>', '<p>Mampu memberikan masukan dan saran/rekomendasi terhadap perbaikan,\r\ntindak lanjut atau kebijakan kerja sama dengan pihak lain secara jangka pendek,\r\nmenengah, dan panjang<br></p>', '2013-04-02', '1'),
(109, 79, 'M.PBJ.01', '', 'SURVEY HARGA BARANG', '', '<p>Belum memahami teknik survey harga barang<br></p>', '<p>Memahami<span>&nbsp; teknik survey harga\r\nbarang</span><br></p>', '<p>Mampu melakukan survey harga barang<br></p>', '<p>Mampu melakukan evaluasi proses dan hasil survey harga barang<br></p>', '<p>Mampu memberikan masukan dan saran/rekomendasi terhadap tindak lanjut hasil survey atau kebijakan terkait harga barang berdasar\r\nhasil survei <br></p>', '2013-04-02', '1'),
(110, 80, 'M.PBJ.02', '', 'HARGA PERHITUNGAN SENDIRI', '', '<p>Belum memahami teknik penyusunan HPS<br></p>', '<p>Memahami teknik penyusunan HPS<br></p>', '<p>Mampu menyusun HPS<br></p>', '<p>Mampu melakukan evaluasi proses dan hasil penyusunan HPS<br></p>', '<p>Mampu memberikan masukan dan saran/rekomendasi terhadap tindak lanjut penetapan HPS atau kebijakan terkait penyusunan HPS<br></p>', '2013-04-02', '1'),
(111, 81, 'M.PBJ.03', '', 'PENAWARAN HARGA', '', '<p>Belum memahami teknik pembuatan RKS<br></p>', '<p>Memahami teknik pembuatan RKS<br></p>', '<p>Mampu membuat RKS<br></p>', '<p>Mampu melakukan evaluasi proses dan hasil pembuatan RKS<br></p>', '<p>Mampu memberikan masukan dan saran/rekomendasi terhadap tindak lanjut RKS\r\nuntuk proses tender<br></p>', '2013-04-02', '1'),
(112, 82, 'M.PBJ.04', '', 'NEGOSIASI HARGA BARANG/JASA', '', '<p>Belum\r\nmemahami teknik negosiasi harga<br></p>', '<p>Memahami\r\nteknik negosiasi harga<br></p>', '<p>Mampu\r\nmelakukan negosiasi\r\nharga<br></p>', '<p>Mampu\r\nmelakukan evaluasi proses dan hasil negosiasi harga<br></p>', '<p>Mampu memberikan masukan dan saran/rekomendasi terhadap tindak lanjut negosiasi harga atau kebijakan terkait nilai kontrak<br></p>', '2013-04-02', '1'),
(113, 83, 'M.PBJ.05', '', 'PERJANJIAN PENGADAAN', '', '<p>Belum\r\nmemahami\r\nteknik penyusunan, format,\r\ndan isi surat\r\nperjanjian<br></p>', '<p>Memahami\r\nteknik\r\npenyusunan, format, dan isi surat perjanjian<br></p>', '<p>Mampu\r\nmembuat draft surat perjanjian<br></p>', '<p>Mampu\r\nmelakukan evaluasi proses penyusunan, format, dan isi draft surat perjanjian<br></p>', '<p>Mampu memberikan masukan dan saran/rekomendasi terhadap tindak lanjut surat perjanjian dan kebijakan terkait perikatan kontrak perusahaan dengan rekanan<br></p>', '2013-04-02', '1'),
(114, 84, 'M.PBJ.06', '', 'DOKUMENTASI', '', '<p>Belum\r\nmemahami\r\nteknis\r\ndokumentasi\r\nkelengkapan pengadaan<br></p>', '<p>Memahami\r\nteknis\r\ndokumentasi\r\nkelengkapan\r\npengadaan<br></p>', '<p>Mampu\r\nmelakukan dokumentasi setelah proses pengadaan selesai<br></p>', '<p>Mampu\r\nmelakukan evaluasi proses\r\ndan kelengkapan dokumentasi setelah proses pengadaan selesai<br></p>', '<p>Mampu memberikan masukan dan saran/rekomendasi terhadap perbaikan dan\r\npeningkatan sistem dokumentasi proses pengadaan<br></p>', '2013-04-02', '1'),
(115, 85, 'M.PBJ.07', '', 'PENERIMAAN DAN PENDISTRIBUSIAN BARANG', '', '<p>Belum\r\nmemahami administrasi penerimaan &amp; pendistribusian barang gudang transit<br></p>', '<p>Memahami\r\nadministrasi penerimaan &amp; pendistribusian barang gudang transit<br></p>', '<p>Mampu\r\nmelakukan proses\r\ndan administrasi\r\npenerimaan &amp; pendistribusian barang gudang transit<br></p>', '<p>Mampu\r\nmelakukan evaluasi pengelolaan dan administrasi penerimaan &amp; penyimpanan barang gudang transit<br></p>', '<p>Mampu memberikan masukan dan saran/rekomendasi terhadap perbaikan/peningkatan\r\nsistem pengelolaan dan administrasi penerimaan &amp; pendistribusian barang gudang transit<br></p>', '2013-04-02', '1'),
(116, 86, 'M.PBJ.08', '', 'PERSEDIAAN BARANG DI GUDANG', '', '<p>Belum\r\nmemahami administrasi persediaan gudang transit<br></p>', '<p>Memahami\r\nadministrasi persediaan gudang transit<br></p>', '<p>Mampu\r\nmengelola\r\npersediaan barang gudang transit dan melakukan administrasinya<br></p>', '<p>Mampu\r\nmelakukan\r\nevaluasi pengelolaan dan administrasi persediaan gudang transit<br></p>', '<p>Mampu memberikan masukan dan saran/rekomendasi terhadap perbaikan dan\r\npeningkatan sistem pengelolaan\r\ndan administrasi\r\npersediaan gudang\r\ntransit<br></p>', '2013-04-02', '1'),
(117, 87, 'M.LAH.01', '', 'MANAJEMEN PENGADAAN', '', '<p>Belum\r\nmemahami prosedur dan proses permintaan, administrasi pelelangan, dan penerimaan dalam\r\npengadaan barang/jasa<br></p>', '<p>Memahami prosedur\r\ndan proses permintaan,\r\nadministrasi pelelangan, dan penerimaan dalam pengadaan barang/jasa<br></p>', '<p>Mampu melaksanakan<span>&nbsp; prosedur dan\r\nproses </span>permintaan, administrasi pelelangan, dan penerimaan barang/jasa<br></p>', '<p>Mampu mengevaluasi pelaksanaan proses permintaan, administrasi pelelangan,<span>&nbsp; penerimaan, </span>alokasi anggaran, dan penggunaan biaya dalam pengadaan barang/jasa<br></p>', '<p>Mampu memberikan masukan dan saran/rekomendasi terhadap perbaikan,\r\ntindak lanjut atau kebijakan pengelolaan pengadaan barang/jasa agar tepat waktu, mutu, jumlah,dan harga<br></p>', '2013-04-02', '1'),
(118, 88, 'M.LAH.02.A', 'A', 'PROSES PENGOLAHAN', '', '<p>Belum\r\nmemahami alur\r\nproses pengolahan termasuk anggaran/biaya pengolahan<br></p>', '<p>Memahami\r\nalur\r\nproses pengolahan termasuk anggaran/biaya pengolahan<br></p>', '<p>Mampu\r\nmelaksanakan alur\r\nproses pengolahan<br></p>', '<p>Mampu\r\nmengevaluasi pelaksanaan\r\naspek\r\nteknis, efektivitas proses, penggunaan anggaran, serta pengalokasian\r\nbiaya dan <i>cost structure</i> pengolahan<br></p>', '<p>Mampu memberikan masukan dan saran/rekomendasi terhadap perbaikan,\r\ntindak lanjut atau kebijakan peningkatan efektifitas dan efisiensi proses dan\r\nanggaran/biaya pengolahan<br></p>', '2013-04-02', '1'),
(119, 88, 'M.LAH.02.B', 'B', 'PARAMETER, NORMA TEKNIS & UTILITAS OLAH', '', '<p>Belum\r\nmemahami parameter\r\ndan norma teknis pengolahan serta pemakaian energi/utilitas olah<br></p>', '<p>Memahami\r\nparameter\r\ndan norma teknis pengolahan serta pemakaian energi/utilitas olah<br></p>', '<p>Mampu\r\nmelaksanakan pencapaian\r\nparameter dan norma teknis pengolahan serta pemakaian energi/utilitas olah<br></p>', '<p>Mampu\r\nmengevaluasi pelaksanaan\r\naspek\r\nteknis <span>pencapaian parameter dan norma teknis pengolahan termasuk dampak dari\r\npemakaian energi/utilitas olah</span><br></p>', '<p>Mampu memberikan masukan dan saran/rekomendasi terhadap perbaikan,\r\ntindak lanjut atau kebijakan\r\n<span>pengembangan</span> pencapaian parameter dan norma teknis serta\r\nterciptanya penghematan energi/utilitas olah<br></p>', '2013-04-02', '1'),
(120, 88, 'M.LAH.02.C', 'C', 'PENGOPERASIAN PERALATAN/MESIN DAN LISTRIK', '', 'Belum\r\nmemahami <i>Standard Operating Procedure</i> (SOP)<p><br></p>', '<p>Memahami\r\n<i>Standard Operating Procedure</i> (SOP)<br></p>', '<p>Mampu\r\nmelakukan\r\npengoperasian\r\nperalatan/mesin dan\r\nlistrik sesuai\r\nSOP, melakukan tindakan pencegahan kerusakan dan membuat pelaporan yang tepat waktu dan\r\nakurat<br></p>', '<p>Mampu\r\nmengevaluasi kinerja dari masing-masing peralatan/mesin dan pengendalian biaya operasional<br></p>', '<p>Mampu memberikan masukan dan saran/rekomendasi terhadap perbaikan,\r\ntindak lanjut atau kebijakan\r\n<span>penyempurnaan pengoperasian peralatan / mesin secara </span>efektif dan efisien<br></p>', '2013-04-02', '1'),
(121, 88, 'M.LAH.02.D', 'D', 'PREVENTIVE MAINTENANCE', '', '<p>Belum\r\nmemahami penyusunan program <i>preventive\r\nmaintenance </i>peralatan/mesin dan listrik<br></p>', '<p>Memahami\r\npenyusunan program <i>preventive\r\nmaintenance</i> peralatan/mesin dan listrik<br></p>', '<p>Mampu\r\nmelaksanakan\r\nprogram <i>preventive maintenance</i> peralatan/mesin dan listrik serta membuat pelaporan yang tepat waktu dan akurat<br></p>', '<p>Mampu\r\nmengevaluasi efektivitas\r\n<span>pelaksanaan program </span><i>preventive maintenance</i> peralatan/mesin dan listrik<br></p>', '<p>Mampu memberikan masukan dan saran/rekomendasi terhadap perbaikan,\r\ntindak lanjut atau kebijakan\r\n<span>peningkatan</span> program <i>preventive maintenance</i> peralatan/mesin dan listrik secara efektif dan efisien<br></p>', '2013-04-02', '1'),
(122, 88, 'M.LAH.02.E', 'E', 'PENGENDALIAN & JAMINAN KUALITAS', '', '<p>Belum\r\nmemahami sistem pengendalian proses dan jaminan kualitas pada proses olah<br></p>', '<p>Memahami\r\nsistem pengendalian proses dan jaminan kualitas pada proses olah<br></p>', '<p>Mampu\r\nmelakukan sistem pengendalian proses dan jaminan kualitas pada proses olah<br></p>', '<p>Mampu\r\nmengevaluasi sistem pengendalian proses dan jaminan kualitas pada proses olah<br></p>', '<p>Mampu memberikan masukan dan saran/rekomendasi terhadap perbaikan,\r\ntindak lanjut atau kebijakan\r\n<span>dalam sistem pengendalian proses dan jaminan kualitas pada proses\r\nolah</span><br></p>', '2013-04-02', '1'),
(123, 89, 'M.LAH.03.A', 'A', 'PENGELOLAAN, IMPLEMENTASI, DAN ADMINISTRASI PELAPORAN HASIL QUALITY CONTROL', '', '<p>Belum\r\nmemahami hasil <i>quality control</i>,\r\npengelolaan dan pelaporannya<br></p>', '<p>Memahami\r\nhasil <i>quality control</i>, pengelolaan\r\ndan pelaporannya<br></p>', '<p>Mampu\r\nmelaksanakan hasil <i>quality control</i>\r\ndalam proses produksi dan turunannya<br></p>', '<p>Mampu\r\nmengevaluasi pelaksanaan hasil <i>quality\r\ncontrol</i> dalam proses produksi dan turunannya termasuk penghitungan premi\r\nproduksi<br></p>', '<p>Mampu memberikan masukan dan saran/rekomendasi terhadap pengembangan pengelolaan hasil <i>quality control</i> dalam proses produksi\r\ndan turunannya termasuk penghitungan premi produksi serta administrasi\r\npelaporannya<br></p>', '2013-04-02', '1'),
(124, 89, 'M.LAH.03.B', 'B', 'STANDAR DAN PARAMETER MUTU', '', '<p>Belum\r\nmemahami standar dan parameter angka-angka pengawasan mutu<br></p>', '<p>Memahami\r\nstandar dan parameter angka-angka pengawasan mutu<br></p>', '<p>Mampu\r\nmenjalankan standar dan parameter angka-angka pengawasan mutu<br></p>', '<p>Mampu\r\nmengevaluasi pencapaian angka-angka pengawasan mutu<br></p>', '<p>Mampu memberikan masukan dan saran/rekomendasi tindak lanjut perbaikan mutu<br></p>', '2013-04-02', '1'),
(125, 89, 'M.LAH.03.C', 'C', 'TEKNIK PENGENDALIAN MUTU', '', '<p>Belum\r\nmemahami teknik pengendalian mutu<br></p>', '<p>Memahami\r\nteknik pengendalian mutu<br></p>', '<p>Mampu\r\nmenerapkan teknik pengendalian mutu<br></p>', '<p>Mampu\r\nmengevaluasi pelaksanaan berbagai teknik pengendalian mutu yang sesuai dengan aplikasi yang\r\ndibutuhkan<br></p>', '<p>Mampu memberikan masukan dan saran/rekomendasi terhadap pelaksanaan berbagai teknik pengendalian mutu yang efektif dan efisien\r\ntermasuk pengembangan metode baru<br></p>', '2013-04-02', '1'),
(126, 90, 'M.LAH.05.A', 'A', 'SISTEM MANAJEMEN MUTU', '', '<p>Belum memahami standar sistem manajemen mutu,\r\npenerapan, dan pelaksanaan audit<br></p>', '<p>Memahami standar sistem manajemen mutu, penerapan,\r\ndan pelaksanaan audit<br></p>', '<p>Mampu menerapkan sistem manajemen mutu dan\r\npelaksanaan audit<br></p>', '<p>Mampu mengevaluasi efektivitas penerapan standar\r\nsistem manajemen mutu dan pelaksanaan audit<br></p>', '<p>Mampu\r\nmemberikan masukan dan saran/rekomendasi terhadap perbaikan maupun tindak lanjut perbaikan atas <span style="font-style: italic;">standard </span>sistem manajemen mutu\r\ndan pelaksanaan audit<br></p>', '2013-04-02', '1'),
(127, 90, 'M.LAH.05.B', 'B', 'SISTEM MANAJEMEN LINGKUNGAN', '', '<p>Belum memahami standar sistem manajemen lingkungan,\r\npenerapan, dan pelaksanaan audit<br></p>', '<p>Memahami standar sistem manajemen lingkungan,\r\npenerapan, dan pelaksanaan audit<br></p>', '<p>Mampu menerapkan sistem manajemen lingkungan dan\r\npelaksanaan audit<br></p>', '<p>Mampu mengevaluasi efektivitas penerapan <span style="font-style: italic;">standard\r\n</span>sistem manajemen lingkungan dan pelaksanaan audit<br></p>', '<p>Mampu\r\nmemberikan masukan dan saran/rekomendasi terhadap perbaikan maupun tindak lanjut perbaikan atas <span style="font-style: italic;">standard </span>sistem manajemen lingkungan\r\ndan pelaksanaan audit<br></p>', '2013-04-02', '1'),
(128, 90, 'M.LAH.05.C', 'C', 'SUSTAINABLE PALM OIL', '', '<p>Belum memahami prinsip dan kriteria <i>Sustainable Palm Oil</i>, pelaksanaan audit,\r\ndan pemenuhan terhadap peraturan\r\nperundang-undangan terkait<br></p>', '<p>Memahami <span style="font-style: italic;">standard </span>prinsip dan kriteria <i>Sustainable Palm Oil</i>, pelaksanaan audit,\r\ndan pemenuhan terhadap peraturan\r\nperundang-undangan terkait<br></p>', '<p>Mampu menerapkan prinsip dan kriteria <i>Sustainable Palm Oil</i>, pelaksanaan audit,\r\ndan pemenuhan terhadap peraturan perundang-undangan terkait<br></p>', '<p>Mampu mengevaluasi efektivitas prinsip dan kriteria\r\n<span style="font-style: italic;">Sustainable Palm Oil</span>, pelaksanaan audit , dan pemenuhan terhadap peraturan\r\nperundang-undangan terkait<br></p>', '<p>Mampu\r\nmemberikan masukan dan saran/rekomendasi terhadap perbaikan maupun tindak lanjut perbaikan atas <span>prinsip dan kriteria <span style="font-style: italic;">Sustainable Palm Oil</span>, pelaksanaan audit, dan pemenuhan\r\nterhadap peraturan perundang-undangan terkait</span><br></p>', '2013-04-02', '1'),
(129, 91, 'M.LAH.05.A', 'A', 'PEMENUHAN PERATURAN DAN DOKUMEN LINGKUNGAN', '', '<p>Belum memahami peraturan, penyajian data, dan\r\npenyusunan dokumen lingkungan<br></p>', '<p>Memahami peraturan, penyajian data, dan penyusunan\r\ndokumen lingkungan<br></p>', '<p>Mampu menerapkan peraturan lingkungan, persyaratan,\r\ndan penyajian data dokumen lingkungan<br></p>', '<p>Mampu mengevaluasi efektifitas pelaksanaan peraturan\r\nlingkungan dan dokumen lingkungan<br></p>', '<p>Mampu memberikan masukan dan saran/rekomendasi\r\nterhadap pelaksanaan peraturan lingkungan dan dokumen lingkungan<br></p>', '2013-04-02', '1'),
(130, 91, 'M.LAH.05.B', 'B', 'PENGELOLAAN LINGKUNGAN', '', '<p>Belum memahami perencanaan dan teknik pengelolaan\r\nlimbah padat, cair, gas, dan B3 beserta dampak sosial yang timbul<br></p>', '<p>Memahami perencanaan dan teknik pengelolaan limbah\r\npadat, cair, gas, dan B3 beserta dampak sosial yang timbul<br></p>', '<p>Mampu membuat perencanaan dan teknik pengelolaan\r\nlimbah padat, cair, gas, dan B3 beserta dampak sosial yang timbul<br></p>', '<p>Mampu mengevaluasi efektifitas perencanaan dan\r\nteknik pengelolaan limbah padat, cair, gas, dan B3 beserta dampak sosial yang\r\ntimbul<br></p>', '<p>Mampu memberikan masukan dan saran/rekomendasi\r\nterhadap perbaikan yang berkaitan dengan kegiatan perencanaan serta teknik\r\npengelolaan limbah padat, cair, gas, dan B3 beserta dampak sosial yang timbul<br></p>', '2013-04-02', '1'),
(131, 91, 'M.LAH.05.C', 'C', 'PEMANTAUAN LINGKUNGAN', '', '<p>Belum memahami persyaratan dan lingkup kegiatan\r\npemantauan, SOPP pemantauan lingkungan, penyajian data, evaluasi, dan\r\npenyusunan laporan lingkungan<br></p>', '<p>Memahami persyaratan dan lingkup kegiatan\r\npemantauan, SOPP pemantauan lingkungan, penyajian data, evaluasi, dan\r\npenyusunan laporan lingkungan<br></p>', '<p>Mampu menerapkan persyaratan dan lingkup kegiatan\r\npemantauan, SOPP pemantauan lingkungan, penyajian data, evaluasi, dan\r\npenyusunan laporan lingkungan<br></p>', '<p>Mampu mengevaluasi persyaratan dan lingkup kegiatan\r\npemantauan, SOPP pemantauan lingkungan, penyajian data, evaluasi, dan\r\npenyusunan laporan lingkungan<br></p>', '<p>Mampu memberikan masukan dan saran/rekomendasi\r\nterhadap perbaikan yang berkaitan dengan persyaratan dan lingkup kegiatan\r\npemantauan, SOPP pemantauan lingkungan, penyajian data, evaluasi, dan\r\npenyusunan laporan lingkungan<br></p>', '2013-04-02', '1'),
(132, 92, 'M.LAH.06', '', 'SISTEM MANAJEMEN KESEHATAN DAN KESELAMATAN KERJA (SMK3)', '', '<p>Belum memahami penerapan SMK3<br></p>', '<p>Memahami penerapan, kebijakan dan peraturan\r\nperundang-undangan berkaitan dengan SMK3<br></p>', '<p>Mampu menerapkan kebijakan dan peraturan\r\nperundang-undangan berkaitan dengan SMK3<br></p>', '<p>Mampu mengevaluasi dan memonitor penerapan\r\nkebijakan dan peraturan perundang-undangan berkaitan dengan SMK3<br></p>', '<p>Mampu mengembangkan dan memberikan saran dalam\r\npenerapan kebijakan dan peraturan perundang-undangan berkaitan dengan SMK3<br></p>', '2013-04-02', '1'),
(133, 93, 'M.LAH.07.A', 'A', 'PENGETAHUAN BAHAN BAKU', '', '<p>Belum memahami kualitas, kuantitas, dan\r\nprosedur penerimaan bahan baku pabrik<br></p>', '<p>Memahami<span>&nbsp;\r\nkualitas, kuantitas, dan prosedur penerimaan bahan baku pabrik</span><br></p>', '<p>Mampu<span>&nbsp;\r\nmelaksanakan prosedur&nbsp; penerimaan&nbsp; bahan baku pabrik, baik kualitas maupun\r\nkuantitas</span><br></p>', '<p>Mampu mengevaluasi pelaksanaan penerimaan\r\nbahan baku pabrik<br></p>', '<p>Mampu memberi saran-saran untuk perbaikan\r\nsyarat mutu dan sistem penerimaan bahan baku pabrik<br></p>', '2013-04-02', '1'),
(134, 93, 'M.LAH.07.B', 'B', 'PROSES PRODUKSI', '', '<p>Belum memahami proses produksi, baik SOP,\r\nadministrasi/pelaporan, dan anggaran/biayanya<br></p>', '<p>Memahami proses produksi, baik SOP,\r\nadministrasi/pelaporan, dan anggaran/biayanya<br></p>', '<p>Mampu melaksanakan proses produksi,\r\npelaporan/administrasi, dan merencanakan anggaran kebutuhan bahan/material dan\r\nalat pembantu proses sesuai SOP<br></p>', '<p>Mampu mengevaluasi pengendalian proses dan\r\nanggaran/biaya produksi<br></p>', '<p>Mampu memberikan masukan dan saran/rekomendasi terhadap perbaikan,\r\ntindak lanjut atau kebijakan terhadap proses,\r\npengendalian anggaran/biaya, serta pengembangan teknologi produksi<br></p>', '2013-04-02', '1'),
(135, 93, 'M.LAH.07.C', 'C', 'PENGENDALIAN LOSSES DAN EFISIENSI PABRIK', '', '<p>Belum memahami pengendalian <i>losses </i>dan pencapaian efisiensi pabrik<br></p>', '<p>Memahami pengendalian <i>losses </i>dan pencapaian efisiensi pabrik<br></p>', '<p>Mampu<span>&nbsp;\r\nmelaksanakan pengendalian <i>losses</i>\r\ndan pencapaian efisiensi pabrik</span><br></p>', '<p>Mampu mengevaluasi pengendalian <i>losses </i>dan<span>&nbsp; analisis mengenai dampaknya bagi pencapaian\r\nefisiensi pabrik</span><br></p>', '<p>Mampu memberikan saran-saran pemecahan masalah\r\ndalam pengendalian <i>losses</i> dan upaya\r\nlainnya dalam pencapaian efisiensi pabrik<br></p>', '2013-04-02', '1'),
(136, 93, 'M.LAH.07.D', 'D', 'BAHAN DAN ALAT PEMBANTU PROSES', '', '<p>Belum memahami tentang kebutuhan, jenis,\r\npenggunaan bahan/material dan alat pembantu proses<br></p>', '<p>Memahami tentang kebutuhan, jenis, penggunaan\r\nbahan/material dan alat pembantu proses<br></p>', '<p>Mampu melaksanakan penggunaan bahan/material\r\ndan alat pembantu proses serta merencanakan anggaran<br></p>', '<p>Mampu mengevaluasi penggunaan bahan/material\r\ndan alat pembantu proses serta pengendalian biaya<br></p>', '<p>Mampu memberikan saran perbaikan untuk\r\nefektifitas serta efisiensi dalam penggunaan bahan/material dan alat pembantu\r\nproses termasuk alternatif bahan pengganti proses<br></p>', '2013-04-02', '1'),
(137, 93, 'M.LAH.07.E', 'E', 'PENGIRIMAN PRODUKSI', '', '<p>Belum memahami prosedur pengiriman\r\nproduksi/hasil olah<br></p>', '<p>Memahami prosedur pengiriman produksi/hasil\r\nolah<br></p>', '<p>Mampu<span>&nbsp;\r\nmelaksanakan pengiriman produksi/hasil olah</span><br></p>', '<p>Mampu mengevaluasi pengendalian pengiriman\r\nproduksi/hasil olah<br></p>', '<p>Mampu memberikan saran-saran pemecahan masalah\r\ndalam pengiriman produksi/hasil olah<br></p>', '2013-04-02', '1'),
(138, 93, 'M.LAH.07.F', 'F', 'PENYIMPANAN  PRODUKSI/HASIL OLAH', '', '<p>Belum\r\nmemahami prosedur penyimpanan\r\nproduksi/hasil olah<br></p>', '<p>Memahami\r\nprosedur penyimpanan\r\nproduksi/hasil olah<br></p>', '<p>Mampu<span>&nbsp; melaksanakan </span>penyimpanan produksi/hasil olah<br></p>', '<p>Mampu\r\nmengevaluasi pengendalian penyimpanan produksi/hasil olah<br></p>', '<p>Mampu memberikan masukan dan saran/rekomendasi terhadap perbaikan,\r\ntindak lanjut atau kebijakan penyimpanan produksi/hasil olah<br></p>', '2013-04-02', '1'),
(139, 94, 'M.PKB.01', '', 'PENILAIAN CALON MITRA BINAAN', '', '<p>Belum\r\nmemahami proses dan\r\nteknis penilaian\r\ncalon mitra binaan<br></p>', '<p>Memahami\r\nproses dan\r\nteknis\r\npenilaian calon mitra binaan<br></p>', '<p>Mampu\r\nmelakukan teknis\r\ndan tahapan penilaian\r\ncalon mitra binaan<br></p>', '<p>Mampu\r\nmenganalisa hasil penilaian serta memberikan masukan untuk menetapkan kelayakan dan nilai pinjaman calon\r\nmitra binaan<br></p>', '<p>Mampu memberikan masukan dan saran/rekomendasi terhadap perbaikan, tindak\r\nlanjut atau kebijakan terkait penilaian calon mitra binaan secara komprehensif<br></p>', '2013-04-02', '1'),
(140, 95, 'M.PKB.02', '', 'PEMBINAAN MITRA BINAAN', '', '<p>Belum\r\nmemahami proses dan\r\nteknis pembinaan\r\nmitra binaan<br></p>', '<p>Memahami\r\nproses dan\r\nteknis\r\npembinaan mitra binaan<br></p>', '<p>Mampu\r\nmelakukan teknis\r\ndan tahapan pembinaan\r\nmitra binaan<br></p>', '<p>Mampu\r\nmengevaluasi efektivitas\r\nproses dan hasil pembinaan\r\nmitra binaan<br></p>', '<p>Mampu memberikan masukan dan saran/rekomendasi terhadap perbaikan, tindak\r\nlanjut atau kebijakan terkait teknis, metode, dan materi pembinaan mitra\r\nbinaan<br></p>', '2013-04-02', '1'),
(141, 96, 'M.PKB.03', '', 'PELAPORAN PROGRAM UMKM', '', '<p>Belum\r\nmemahami lingkup,\r\nproses,dan teknis pelaporan Program\r\nUMKM<br></p>', '<p>Memahami\r\nlingkup,\r\nproses,dan teknis pelaporan Program\r\nUMKM<br></p>', '<p>Mampu\r\nmelakukan pelaporan periodik Program\r\nUMKM<br></p>', '<p>Mampu\r\nmengevaluasi laporan\r\nsecara terintegrasi terkait efektivitas pelaksanaan Program UMKM<br></p>', '<p>Mampu memberikan masukan dan saran/rekomendasi terhadap perbaikan, tindak\r\nlanjut atau kebijakan mengenai pelaporan Program UMKM yang akurat dan tepat\r\nwaktu<br></p>', '2013-04-02', '1'),
(142, 97, 'M.PKB.04', '', 'PENANGANAN PINJAMAN ', '', '<p>Belum\r\nmemahami proses\r\ndan teknis penanganan\r\npinjaman kategori macet<br></p>', '<p>Memahami\r\nproses dan\r\nteknis penanganan pinjaman kategori macet<br></p>', '<p>Mampu\r\nmelakukan penanganan pinjaman kategori macet<br></p>', '<p>Mampu\r\nmengevaluasi efektivitas\r\npenanganan\r\npinjaman kategori macet<br></p>', '<p>Mampu memberikan masukan dan saran/rekomendasi terhadap perbaikan, tindak\r\nlanjut atau kebijakan mengenai peningkatan kolektabilitas pinjaman serta penanganan\r\npinjaman kategori macet<br></p>', '2013-04-02', '1'),
(143, 98, 'M.PKB.05', '', 'PENILAIAN OBYEK BINA LINGKUNGAN', '', '<p>Belum\r\nmemahami proses dan\r\nteknis\r\npenilaian obyek bantuan bina lingkungan<br></p>', '<p>Memahami\r\nproses dan\r\nteknis penilaian\r\nobyek bantuan bina lingkungan<br></p>', '<p>Mampu\r\nmelakukan penilaian obyek bantuan bina lingkungan<br></p>', '<p>Mampu menganalisa hasil penilaian serta memberikan masukan untuk menetapkan kelayakan dan nilai manfaat bantuan bina\r\nlingkungan<br></p>', '<p>Mampu\r\nmemberikan\r\nmasukan dan saran/rekomendasi terhadap perbaikan, tindak lanjut atau kebijakan mengenai penilaian dan\r\npenetapan obyek bantuan bina lingkungan<br></p>', '2013-04-02', '1'),
(144, 99, 'M.PKB.06', '', 'MONITORING BANTUAN BINA LINGKUNGAN ', '', '<p>Belum\r\nmemahami teknis\r\ndan proses\r\nmonitoring pemberian bantuan Bina\r\nLingkungan<br></p>', '<p>Memahami\r\nteknis\r\ndan proses\r\nmonitoring pemberian bantuan Bina\r\nLingkungan<br></p>', '<p>Mampu\r\nmelakukan tahapan\r\ndan teknis monitoring\r\npemberian bantuan Bina\r\nLingkungan<br></p>', '<p>Mampu\r\nmengevaluasi efektivitas monitoring terhadap pemberian bantuan Bina\r\nLingkungan<br></p>', '<p>Mampu memberikan masukan dan saran/rekomendasi terhadap perbaikan, tindak\r\nlanjut atau kebijakan mengenai monitoring pemberian bantuan Bina\r\nLingkungan<br></p>', '2013-04-02', '1'),
(145, 100, 'M.PKB.07', '', 'ADMINISTRASI PKBL', '', '<p>Belum\r\nmemahami\r\nproses dan teknis administrasi\r\nPKBL <br></p>', '<p>Memahami\r\nproses dan\r\nteknis administrasi PKBL<br></p>', '<p>Mampu\r\nmelaksanakan\r\nteknis dan tahapan administrasi\r\nPKBL<br></p>', '<p>Mampu\r\nmengevaluasi\r\nproses dan hasil ketertiban administrasi PKBL<br></p>', '<p>Mampu memberikan masukan dan saran/rekomendasi terhadap perbaikan, tindak\r\nlanjut atau kebijakan terkait sistem administrasi PKBL menuju tata kelola\r\nyang baik<br></p>', '2013-04-02', '1'),
(146, 101, 'M.KIT.01', '', 'PENATALAKSANAAN PENDERITA GAWAT DARURAT', '', '<p>Belum memahami standar pelayanan medis kegawatdaruratan<br></p>', '<p>Memahami standar pelayanan medis kegawatdaruratan<br></p>', '<p>\r\n\r\n<p>Mampu melakukan teknis\r\npelayanan medis kegawatdaruratan (Penanggulangan Penderita Gawat Darurat/PPGD dan Basic Life Support/BLS), serta memiliki SIP<br></p></p>', '<p>Mampu mengelola, memonitor, dan mengevaluasi standar pelayanan medis kegawatdaruratan<br></p>', '<p>Mampu merumuskan\r\nkebijakan, mengkoordinasikan kebijakan dan atau membuat terobosan baru pelayanan kegawatdaruratan (ATLS,\r\nACLS dan APLS) guna peningkatan mutu pelayanan dan kinerja sesuai dengan kewenangannya<br></p>', '2013-04-02', '1'),
(147, 102, 'M.KIT.02', '', 'PENATALAKSANAAN PELAYANAN MEDIK', '', '<p>Belum memahami dan mengetahui penatalaksanaan standar\r\npelayanan medik<br></p>', '<p>Memahami dan mengetahui standar pelayanan medik<br></p>', '<p>Mampu melaksanakan standar pelayanan medik dan memiliki<span>&nbsp;\r\nSTR</span>&amp;SIP<br></p>', '<p>Mampu mengelola, memonitor, dan mengevaluasi pelaksanaan standar pelayanan medik<br></p>', '<p>Mampu merumuskan perencanaan dan pengembangan jangka\r\npanjang penatalaksanaan pelayanan medik,<span>&nbsp;\r\n</span>guna peningkatan mutu pelayanan dan kinerja sesuai dengan kewenangannya<br></p>', '2013-04-02', '1'),
(148, 103, 'M.KIT.03.A', 'A', 'PELAYANAN LABORATORIUM', '', '<p>Belum memahami SOP pengoperasian peralatan Laboratorium dan pelayanan di Instalasi Laboratorium<br></p>', '<p>Memahami SOP pengoperasian peralatan Laboratorium dan pelayanan di Instalasi\r\nLaboratorium<br></p>', '<p>Mampu mengoperasikan peralatan Laboratorium dan melaksanakan pelayanan Laboratorium, serta memiliki STR (Surat Tanda Registrasi)&amp; SIA (Surat Izin Analis)<br></p>', '<p>Mampu mengelola, memonitor, dan mengevaluasi pengoperasian\r\nperalatan Laboratorium serta pelaksanaan pelayanan Laboratorium<br></p>', '<p>Mampu merumuskan perencanaan dan pengembangan jangka\r\npanjang mutu pelayanan Laboratorium serta mengkoordinasikan kebijakan sesuai dengan\r\nkewenangannya<br></p>', '2013-04-02', '1'),
(149, 103, 'M.KIT.03.B', 'B', 'PELAYANAN FARMASI', '', '<p>Belum memahami SOP pelayanan Farmasi<br></p>', '<p>Memahami SOP pelayanan Farmasi<br></p>', '<p>Mampu melaksanakan pelayanan Farmasi dan memiliki STR (Surat Izin Tanda Registrasi &amp; SIF (Surat Izin Farmasi)<br></p>', '<p>Mampu mengelola, memonitor, dan mengevaluasi pelaksanaan pelayanan Farmasi, meliputi\r\nperencanaan, pengadaan, penyimpanan, dan distribusi<br></p>', '<p>Mampu merumuskan perencanaan dan pengembangan jangka\r\npanjang pelayanan farmasi serta, mengkoordinasikan kebijakan sesuai dengan\r\nkewenangannya<br></p>', '2013-04-02', '1'),
(150, 103, 'M.KIT.03.C', 'C', 'PELAYANAN GIZI', '', '<p>Belum memahami SOP pelayanan Gizi, sesuai dengan\r\nkebutuhan dan jenis penyakit penderita yang sedang di rawat<br></p>', '<p>Memahami SOP pelayanan Gizi, sesuai dengan kebutuhan\r\ndan jenis penyakit penderita yang sedang di rawat<br></p>', '<p>Mampu melaksanakan pelayanan Gizi, sesuai dengan\r\nkebutuhan dan jenis penyakit penderita yang sedang di rawat<br></p>', '<p>Mampu mengelola, memonitor, serta mengevaluasi pelaksanaan pelayanan Gizi, meliputi\r\nperencanaan, pengadaan, penyimpanan, pengolahan, dan penyajian<br></p>', '<p>Mampu merumuskan perencanaan dan pengembangan jangka\r\npanjang pelayanan Gizi serta mengkoordinasikan kebijakan sesuai dengan\r\nkewenangannya<br></p>', '2013-04-02', '1'),
(151, 103, 'M.KIT.03.D', 'D', 'PELAYANAN RADIOLOGI', '', '<p>Belum memahami SOP pelayanan Radiologi<br></p>', '<p>Memahami SOP pelayanan Radiologi<br></p>', '<p>Mampu melaksanakan pelayanan Radiologi dan memiliki\r\nsertifikat pengoperasian Radiologi<br></p>', '<p>Mampu mengelola, memonitor, serta mengevaluasi pelaksanaan pelayanan Radiologi,\r\nmeliputi perencanaan, pengadaan, penyimpanan, dan pembacaan hasil<br></p>', '<p>Mampu merumuskan perencanaan dan pengembangan jangka\r\npanjang pelayanan Radiologi serta mengkoordinasikan kebijakan sesuai dengan\r\nkewenangannya<br></p>', '2013-04-02', '1'),
(152, 103, 'M.KIT.03.E', 'E', 'PELAYANAN KAMAR OPERASI', '', '<p>Belum memahami SOP pelayanan Kamar Operasi<br></p>', '<p>Memahami SOP pelayanan Kamar Operasi<br></p>', '<p>Mampu melaksanakan pelayanan Kamar Operasi dan\r\nmemiliki SIP<br></p>', '<p>Mampu mengelola, memonitor, serta mengevaluasi pelaksanaan pelayanan kamar operasi, meliputi perencanaan, pengadaan, dan penyimpanan (sarana dan peralatan medis)<br></p>', '<p>Mampu merumuskan, mengkoordinasikan kebijakan dan atau membuat terobosan baru pelayanan kamar operasi guna\r\npeningkatan mutu pelayanan dan kinerja sesuai dengan kewenangannya<br></p>', '2013-04-02', '1'),
(153, 103, 'M.KIT.03.F', 'F', 'PELAYANAN FISIOTERAPI', '', '<p>Belum memahami SOP pelayanan fisioterapi<br></p>', '<p>Memahami SOP pelayanan fisioterapi<br></p>', '<p>Mampu melaksanakan pelayanan fisioterapi dan memiliki\r\nsertifikat Fisioterapi<br></p>', '<p>Mampu mengelola, memonitor, serta mengevaluasi pelaksanaan pelayanan fisioterapi, meliputi perencanaan, pengadaan, dan penyimpanan (sarana dan peralatan medis)<br></p>', '<p>Mampu merumuskan, mengkoordinasikan kebijakan dan atau membuat terobosan baru pelayanan fisioterapi guna peningkatan mutu pelayanan dan kinerja sesuai dengan kewenangannya<br></p>', '2013-04-02', '1'),
(154, 103, 'M.KIT.03.G', 'G', 'PELAYANAN ICU', '', '<p>Belum memahami SOP pelayanan ICU<br></p>', '<p>Memahami SOP pelayanan ICU<br></p>', '<p>Mampu melaksanakan pelayanan ICU dan memiliki\r\nsertifikat ICU, STR &amp; SIP<br></p>', '<p>Mampu mengelola, memonitor, serta mengevaluasi pelaksanaan pelayanan ICU meliputi\r\nperencanaan, pengadaan, dan penyimpanan (sarana dan peralatan medis)<br></p>', '<p>Mampu merumuskan, mengkoordinasikan kebijakan dan atau membuat terobosan baru pelayanan ICU guna peningkatan mutu pelayanan dan kinerja sesuai dengan kewenangannya<br></p>', '2013-04-02', '1'),
(155, 103, 'M.KIT.03.H', 'H', 'PELAYANAN RAWAT JALAN', '', '<p>Belum memahami SOP pelayanan Rawat Jalan<br></p>', '<p>Memahami SOP pelayanan Rawat Jalan<br></p>', '<p>Mampu melaksanakan pelayanan Rawat Jalan dan memiliki sertifikat STR &amp; SIP<br></p>', '<p>Mampu mengelola, memonitor, serta mengevaluasi pelaksanaan pelayanan Rawat Jalan meliputi perencanaan, pengadaan, dan penyimpanan (sarana dan peralatan medis)<br></p>', '<p>Mampu merumuskan, mengkoordinasikan kebijakan dan atau membuat terobosan baru pelayanan Rawat Jalan guna peningkatan mutu pelayanan dan kinerja sesuai dengan kewenangannya<br></p>', '2013-04-02', '1'),
(156, 103, 'M.KIT.03.I', 'I', 'PELAYANAN RAWAT INAP', '', '<p>Belum memahami SOP pelayanan Rawat Inap<br></p>', '<p>Memahami SOP pelayanan Rawat Inap<br></p>', '<p>Mampu melaksanakan pelayanan Rawat Inap dan memiliki sertifikat STR &amp; SIP<br></p>', '<p>Mampu mengelola, memonitor, serta mengevaluasi pelaksanaan pelayanan Rawat Inap meliputi perencanaan, pengadaan, dan penyimpanan (sarana dan peralatan medis)<br></p>', '<p>Mampu merumuskan, mengkoordinasikan kebijakan dan atau membuat terobosan baru pelayanan Rawat Inap guna peningkatan mutu pelayanan dan kinerja sesuai dengan kewenangannya<br></p>', '2013-04-02', '1'),
(157, 103, 'M.KIT.03.J', 'J', 'PELAYANAN KEBIDANAN DAN KANDUNGAN', '', '<p>Belum memahami SOP pelayanan Kebidanan dan Kandungan<br></p>', '<p>Memahami SOP pelayanan Kebidanan dan Kandungan<br></p>', '<p>Mampu melaksanakan pelayanan Kebidanan dan Kandungan, serta memiliki STR &amp; SIB (Surat Izin Bidan)<br></p>', '<p>Mampu mengelola, memonitor, serta mengevaluasi pelaksanaan pelayanan Kebidanan dan Kandungan meliputi perencanaan, pengadaan, dan penyimpanan (sarana dan peralatan medis)<br></p>', '<p>Mampu merumuskan, mengkoordinasikan kebijakan dan membuat\r\nterobosan baru pada pelayanan Kebidanan dan Kandungan guna peningkatan mutu pelayanan dan kinerja sesuai dengan kewenangannya<br></p>', '2013-04-02', '1'),
(158, 103, 'M.KIT.03.K', 'K', 'PELAYANANRUANG POST OPERASI (RPO)', '', '<p style="margin-left: 40px;">Belum memahami SOP pelayanan RPO<br></p>', '<p>Memahami SOP pelayanan RPO<br></p>', '<p>Mampu melaksanakan pelayanan RPO dan memiliki STR &amp; SIP<br></p>', '<p>Mampu mengelola, memonitor, serta mengevaluasi pelaksanaan pelayanan RPO meliputi\r\nperencanaan, pengadaan, dan penyimpanan (sarana dan peralatan medis)<br></p>', '<p>Mampu merumuskan, mengkoordinasikan kebijakan dan atau membuat terobosan baru pada pelayanan RPO guna peningkatan mutu pelayanan dan kinerja sesuai dengan kewenangannya<br></p>', '2013-04-02', '1'),
(159, 103, 'M.KIT.03.L', 'L', 'PELAYANAN REKAM MEDIK', '', '<p>Belum memahami penatalaksanaan SOP pelayanan Rekam Medik<br></p>', '<p>Memahami SOP pelayanan Rekam Medik<br></p>', '<p>Mampu melaksanakan pelayanan Rekam Medik<br></p>', '<p>Mampu mengelola, memonitor, serta mengevaluasi pelaksanaan pelayanan Rekam Medik meliputi perencanaan, pengadaan, dan penyimpanan (sarana dan peralatan medis)<br></p>', '<p>Mampu merumuskan, mengkoordinasikan kebijakan dan atau membuat terobosan baru pelayanan Rekam Medik guna peningkatan mutu pelayanan dan kinerja sesuai dengan kewenangannya<br></p>', '2013-04-02', '1'),
(160, 103, 'M.KIT.03.M', 'M', 'PELAYANAN NEO NATAL', '', '<p>Belum memahami penatalaksanaan SOP pelayanan Neo Natal<br></p>', '<p>Memahami SOP pelayanan Neo Natal<br></p>', '<p>Mampu melaksanakan pelayanan Neo Natal<br></p>', '<p>Mampu mengelola, memonitor, serta mengevaluasi pelaksanaan pelayanan Neo Natal<br></p>', '<p>Mampu merumuskan perencanaan dan pengembangan jangka\r\npanjang mutu pelayanan Neo Natal, mengkoordinasikan kebijakan sesuai dengan kewenangannya<br></p>', '2013-04-02', '1'),
(161, 104, 'M.KIT.04', '', 'PERATURAN PERUNDANG-UNDANGAN KESEHATAN', '', '<p>Belum memahami peraturan perundang-undangan kesehatan beserta kepmennya<br></p>', '<p>Memahami peraturan perundang-undangan kesehatan beserta kepmennya<br></p>', '<p>Mampu melaksanakan peraturan perundang-undangan\r\nkesehatan beserta kepmennya<br></p>', '<p>Mampu melakukan monitoring dan evaluasi pelaksanaan\r\nperaturan perundang- undangan kesehatan\r\nbeserta kepmennya<br></p>', '<p>Mampu merumuskan dan atau mengkoordinasikan pelaksanaan peraturan perundang-undangan\r\nkesehatan beserta kepmennya dalam\r\nkebijakan atau terobosan baru sesuai dengan kewenangannya<br></p>', '2013-04-02', '1');

--
-- Dumping data for table `competency_result`
--

INSERT INTO `competency_result` (`id`, `year`, `assessor_id`, `assessed_id`, `level`, `evidence`, `date`, `competency_library_id`) VALUES
(8, 2012, 10, 10, NULL, '<p>aku selalu shalat subuh</p>', '2013-04-22', 1),
(9, 2012, 10, 10, NULL, '<p>ini juga mau hae ah</p>', '2013-03-30', 2);

--
-- Dumping data for table `competency_type`
--

INSERT INTO `competency_type` (`id`, `name`) VALUES
(1, 'Soft'),
(2, 'Hard Business'),
(3, 'Hard Managerial');

--
-- Dumping data for table `p_person`
--

INSERT INTO `p_person` (`id`, `user_id`, `jabatan_id`, `avatar`, `employee_status`, `employee_code`, `firstname`, `lastname`, `nickname`, `birth_date`, `birth_place`, `blood_id`, `marital_id`, `sex_id`, `religion_id`, `address1`, `address2`, `pos_code`, `identity_number`, `identity_valid`, `identity_state`, `identity_pos_code`, `driver_license_number`, `driver_license_valid`, `email1`, `email2`, `phone_mobile`, `phone_home`, `phone_office`, `custom`, `create_date`, `create_by`, `modified_date`, `modified_by`) VALUES
(9, 27, 7, 'male.jpg', 1, '08860762000127', 'Romadka', 'Purba, SE, MM', NULL, NULL, NULL, NULL, NULL, NULL, NULL, NULL, NULL, NULL, NULL, NULL, NULL, NULL, NULL, NULL, NULL, NULL, NULL, NULL, NULL, NULL, '2013-03-14', 1, NULL, NULL),
(10, 1, NULL, 'male.jpg', NULL, 'administrator', 'admin', NULL, NULL, NULL, NULL, NULL, NULL, NULL, NULL, NULL, NULL, NULL, NULL, NULL, NULL, NULL, NULL, NULL, NULL, NULL, NULL, NULL, NULL, NULL, '2013-03-30', 1, NULL, NULL),
(11, 28, 8, 'male.jpg', 1, '10840857000093', 'Robert', 'Simatupang, Drs', NULL, NULL, NULL, NULL, NULL, NULL, NULL, NULL, NULL, NULL, NULL, NULL, NULL, NULL, NULL, NULL, NULL, NULL, NULL, NULL, NULL, NULL, '2013-03-31', 1, NULL, NULL),
(12, 29, 9, 'male.jpg', 1, '09840658000090', 'Zulfan', 'M. Lubis, SE, H', NULL, NULL, NULL, NULL, NULL, NULL, NULL, NULL, NULL, NULL, NULL, NULL, NULL, NULL, NULL, NULL, NULL, NULL, NULL, NULL, NULL, NULL, '2013-03-31', 1, NULL, NULL),
(13, 30, 10, 'male.jpg', 1, '03861157015460', 'Otje', 'Murat, SH', NULL, NULL, NULL, NULL, NULL, NULL, NULL, NULL, NULL, NULL, NULL, NULL, NULL, NULL, NULL, NULL, NULL, NULL, NULL, NULL, NULL, NULL, '2013-03-31', 1, NULL, NULL),
(14, 31, 11, 'male.jpg', 1, '01890367015582', 'Zulfikar', 'Rambe, SE', NULL, NULL, NULL, NULL, NULL, NULL, NULL, NULL, NULL, NULL, NULL, NULL, NULL, NULL, NULL, NULL, NULL, NULL, NULL, NULL, NULL, NULL, '2013-03-31', 1, NULL, NULL),
(15, 32, 13, 'male.jpg', 1, '04891061000179', 'Friando', 'Panjaitan, SE, M.Si', NULL, NULL, NULL, NULL, NULL, NULL, NULL, NULL, NULL, NULL, NULL, NULL, NULL, NULL, NULL, NULL, NULL, NULL, NULL, NULL, NULL, NULL, '2013-03-31', 1, NULL, NULL),
(16, 33, 12, 'male.jpg', 1, '04010676000494', 'Ifri', 'Handi Lubis, STP, H', NULL, NULL, NULL, NULL, NULL, NULL, NULL, NULL, NULL, NULL, NULL, NULL, NULL, NULL, NULL, NULL, NULL, NULL, NULL, NULL, NULL, NULL, '2013-03-31', 1, NULL, NULL),
(17, 34, 15, 'male.jpg', 1, '06801259000038', 'Satimin', 'Leo', NULL, NULL, NULL, NULL, NULL, NULL, NULL, NULL, NULL, NULL, NULL, NULL, NULL, NULL, NULL, NULL, NULL, NULL, NULL, NULL, NULL, NULL, '2013-03-31', 1, NULL, NULL),
(18, 35, 15, 'male.jpg', 1, '1790860000010', 'Masri, H', '', NULL, NULL, NULL, NULL, NULL, NULL, NULL, NULL, NULL, NULL, NULL, NULL, NULL, NULL, NULL, NULL, NULL, NULL, NULL, NULL, NULL, NULL, '2013-03-31', 1, NULL, NULL),
(19, 36, 17, 'male.jpg', 1, '06891062000167', 'Zainidal', 'Adriani, Hj', NULL, NULL, NULL, NULL, NULL, NULL, NULL, NULL, NULL, NULL, NULL, NULL, NULL, NULL, NULL, NULL, NULL, NULL, NULL, NULL, NULL, NULL, '2013-03-31', 1, NULL, NULL),
(20, 37, 18, 'male.jpg', 1, '01010175000474', 'Makmur', 'Hidayat, ST, M.Eng. Adv', NULL, NULL, NULL, NULL, NULL, NULL, NULL, NULL, NULL, NULL, NULL, NULL, NULL, NULL, NULL, NULL, NULL, NULL, NULL, NULL, NULL, NULL, '2013-03-31', 1, NULL, NULL),
(21, 38, 19, 'male.jpg', 1, '08971262000355', 'Fernando', '', NULL, NULL, NULL, NULL, NULL, NULL, NULL, NULL, NULL, NULL, NULL, NULL, NULL, NULL, NULL, NULL, NULL, NULL, NULL, NULL, NULL, NULL, '2013-03-31', 1, NULL, NULL),
(22, 39, 20, 'male.jpg', 1, '12961170001974', 'Irwansyah, SH', '', NULL, NULL, NULL, NULL, NULL, NULL, NULL, NULL, NULL, NULL, NULL, NULL, NULL, NULL, NULL, NULL, NULL, NULL, NULL, NULL, NULL, NULL, '2013-03-31', 1, NULL, NULL),
(23, 40, 21, 'male.jpg', 1, '11040581000556', 'Andiansyah', 'Hamdani, SH, MH', NULL, NULL, NULL, NULL, NULL, NULL, NULL, NULL, NULL, NULL, NULL, NULL, NULL, NULL, NULL, NULL, NULL, NULL, NULL, NULL, NULL, NULL, '2013-03-31', 1, NULL, NULL),
(24, 41, 22, 'male.jpg', 1, '09000266000456', 'Dewi', 'Sari, ST', NULL, NULL, NULL, NULL, NULL, NULL, NULL, NULL, NULL, NULL, NULL, NULL, NULL, NULL, NULL, NULL, NULL, NULL, NULL, NULL, NULL, NULL, '2013-03-31', 1, NULL, NULL),
(25, 42, 21, 'male.jpg', 1, '04110885016138', 'Muda Muhammad', 'Simatupang, SH', NULL, NULL, NULL, NULL, NULL, NULL, NULL, NULL, NULL, NULL, NULL, NULL, NULL, NULL, NULL, NULL, NULL, NULL, NULL, NULL, NULL, NULL, '2013-03-31', 1, NULL, NULL),
(26, 43, 19, 'male.jpg', 1, '04110185016063', 'Risky', 'Atriyansyah, SH', NULL, NULL, NULL, NULL, NULL, NULL, NULL, NULL, NULL, NULL, NULL, NULL, NULL, NULL, NULL, NULL, NULL, NULL, NULL, NULL, NULL, NULL, '2013-03-31', 1, NULL, NULL),
(27, 44, 23, 'male.jpg', 1, '02831157000057', 'Anjar', 'Asmadi,BA, H', NULL, NULL, NULL, NULL, NULL, NULL, NULL, NULL, NULL, NULL, NULL, NULL, NULL, NULL, NULL, NULL, NULL, NULL, NULL, NULL, NULL, NULL, '2013-03-31', 1, NULL, NULL),
(28, 45, 24, 'male.jpg', 1, '04850860000108', 'Lugas', 'Kastiyo, H', NULL, NULL, NULL, NULL, NULL, NULL, NULL, NULL, NULL, NULL, NULL, NULL, NULL, NULL, NULL, NULL, NULL, NULL, NULL, NULL, NULL, NULL, '2013-03-31', 1, NULL, NULL),
(29, 46, 25, 'male.jpg', 1, '02931166015415', 'Muhammad', 'Arwin Nasution, SE', NULL, NULL, NULL, NULL, NULL, NULL, NULL, NULL, NULL, NULL, NULL, NULL, NULL, NULL, NULL, NULL, NULL, NULL, NULL, NULL, NULL, NULL, '2013-03-31', 1, NULL, NULL),
(30, 47, 26, 'male.jpg', 1, '05850959015456', 'Panguhatan Tua', 'Parulian Manulang, Ir', NULL, NULL, NULL, NULL, NULL, NULL, NULL, NULL, NULL, NULL, NULL, NULL, NULL, NULL, NULL, NULL, NULL, NULL, NULL, NULL, NULL, NULL, '2013-03-31', 1, NULL, NULL),
(31, 48, 27, 'male.jpg', 1, '01860860015459', 'Monang', 'Silaban, Ir', NULL, NULL, NULL, NULL, NULL, NULL, NULL, NULL, NULL, NULL, NULL, NULL, NULL, NULL, NULL, NULL, NULL, NULL, NULL, NULL, NULL, NULL, '2013-03-31', 1, NULL, NULL),
(32, 49, 28, 'male.jpg', 1, '05050775002231', 'Triana', 'Anggraini, SP, MP', NULL, NULL, NULL, NULL, NULL, NULL, NULL, NULL, NULL, NULL, NULL, NULL, NULL, NULL, NULL, NULL, NULL, NULL, NULL, NULL, NULL, NULL, '2013-03-31', 1, NULL, NULL),
(33, 50, 28, 'male.jpg', 1, '05050483002701', 'Yechi', 'Yulianti, SP', NULL, NULL, NULL, NULL, NULL, NULL, NULL, NULL, NULL, NULL, NULL, NULL, NULL, NULL, NULL, NULL, NULL, NULL, NULL, NULL, NULL, NULL, '2013-03-31', 1, NULL, NULL),
(34, 51, 29, 'male.jpg', 1, '11811061000040', 'Kartawijaya, H', '', NULL, NULL, NULL, NULL, NULL, NULL, NULL, NULL, NULL, NULL, NULL, NULL, NULL, NULL, NULL, NULL, NULL, NULL, NULL, NULL, NULL, NULL, '2013-03-31', 1, NULL, NULL),
(35, 52, 30, 'male.jpg', 1, '01031270000534', 'Rien', 'Qurniastuti, SE', NULL, NULL, NULL, NULL, NULL, NULL, NULL, NULL, NULL, NULL, NULL, NULL, NULL, NULL, NULL, NULL, NULL, NULL, NULL, NULL, NULL, NULL, '2013-03-31', 1, NULL, NULL),
(36, 53, 30, 'male.jpg', 1, '08820459000051', 'Bambang', 'Hermanto, SE, H', NULL, NULL, NULL, NULL, NULL, NULL, NULL, NULL, NULL, NULL, NULL, NULL, NULL, NULL, NULL, NULL, NULL, NULL, NULL, NULL, NULL, NULL, '2013-03-31', 1, NULL, NULL),
(37, 54, 31, 'male.jpg', 1, '07851059004523', 'Khairuddin', 'Nasution, Ir, MP, H', NULL, NULL, NULL, NULL, NULL, NULL, NULL, NULL, NULL, NULL, NULL, NULL, NULL, NULL, NULL, NULL, NULL, NULL, NULL, NULL, NULL, NULL, '2013-03-31', 1, NULL, NULL),
(38, 55, 32, 'male.jpg', 1, '02890863000164', 'Ria', 'Dihatri, Ir, Hj', NULL, NULL, NULL, NULL, NULL, NULL, NULL, NULL, NULL, NULL, NULL, NULL, NULL, NULL, NULL, NULL, NULL, NULL, NULL, NULL, NULL, NULL, '2013-03-31', 1, NULL, NULL),
(39, 56, 33, 'male.jpg', 1, '11951261000286', 'Margono, Ir', '', NULL, NULL, NULL, NULL, NULL, NULL, NULL, NULL, NULL, NULL, NULL, NULL, NULL, NULL, NULL, NULL, NULL, NULL, NULL, NULL, NULL, NULL, '2013-03-31', 1, NULL, NULL),
(40, 57, 34, 'male.jpg', 1, '10951065015439', 'Haris', 'Hamonangan, Ir', NULL, NULL, NULL, NULL, NULL, NULL, NULL, NULL, NULL, NULL, NULL, NULL, NULL, NULL, NULL, NULL, NULL, NULL, NULL, NULL, NULL, NULL, '2013-03-31', 1, NULL, NULL),
(41, 58, 37, 'male.jpg', 1, '01010274008847', 'Choiri, SP', '', NULL, NULL, NULL, NULL, NULL, NULL, NULL, NULL, NULL, NULL, NULL, NULL, NULL, NULL, NULL, NULL, NULL, NULL, NULL, NULL, NULL, NULL, '2013-03-31', 1, NULL, NULL),
(42, 59, 40, 'male.jpg', 1, '01860362000120', 'Donny', 'Trikora Putra, Ir, H', NULL, NULL, NULL, NULL, NULL, NULL, NULL, NULL, NULL, NULL, NULL, NULL, NULL, NULL, NULL, NULL, NULL, NULL, NULL, NULL, NULL, NULL, '2013-03-31', 1, NULL, NULL),
(43, 60, 41, 'male.jpg', 1, '2800957015425', 'Nova', 'Sinaga', NULL, NULL, NULL, NULL, NULL, NULL, NULL, NULL, NULL, NULL, NULL, NULL, NULL, NULL, NULL, NULL, NULL, NULL, NULL, NULL, NULL, NULL, '2013-03-31', 1, NULL, NULL),
(44, 61, 42, 'male.jpg', 1, '12811161015110', 'Kurnia', 'Johan', NULL, NULL, NULL, NULL, NULL, NULL, NULL, NULL, NULL, NULL, NULL, NULL, NULL, NULL, NULL, NULL, NULL, NULL, NULL, NULL, NULL, NULL, '2013-03-31', 1, NULL, NULL),
(45, 62, 43, 'male.jpg', 1, '01011171000467', 'Jarwa', 'Rahmanta STP, MM', NULL, NULL, NULL, NULL, NULL, NULL, NULL, NULL, NULL, NULL, NULL, NULL, NULL, NULL, NULL, NULL, NULL, NULL, NULL, NULL, NULL, NULL, '2013-03-31', 1, NULL, NULL),
(46, 63, 44, 'male.jpg', 1, '03810861012292', 'Marulihot', 'Harahap, Ir', NULL, NULL, NULL, NULL, NULL, NULL, NULL, NULL, NULL, NULL, NULL, NULL, NULL, NULL, NULL, NULL, NULL, NULL, NULL, NULL, NULL, NULL, '2013-03-31', 1, NULL, NULL),
(47, 64, 45, 'male.jpg', 1, '01010375006820', 'Iskandar, ST', '', NULL, NULL, NULL, NULL, NULL, NULL, NULL, NULL, NULL, NULL, NULL, NULL, NULL, NULL, NULL, NULL, NULL, NULL, NULL, NULL, NULL, NULL, '2013-03-31', 1, NULL, NULL),
(48, 65, 46, 'male.jpg', 1, '11830262000077', 'Suradi', '', NULL, NULL, NULL, NULL, NULL, NULL, NULL, NULL, NULL, NULL, NULL, NULL, NULL, NULL, NULL, NULL, NULL, NULL, NULL, NULL, NULL, NULL, '2013-03-31', 1, NULL, NULL),
(49, 66, 46, 'male.jpg', 1, '06060879014512', 'Yudig', 'Suhendri, ST, MT', NULL, NULL, NULL, NULL, NULL, NULL, NULL, NULL, NULL, NULL, NULL, NULL, NULL, NULL, NULL, NULL, NULL, NULL, NULL, NULL, NULL, NULL, '2013-03-31', 1, NULL, NULL),
(50, 67, 46, 'male.jpg', 1, '07060975000572', 'M. Efans', 'Elfansyah, ST', NULL, NULL, NULL, NULL, NULL, NULL, NULL, NULL, NULL, NULL, NULL, NULL, NULL, NULL, NULL, NULL, NULL, NULL, NULL, NULL, NULL, NULL, '2013-03-31', 1, NULL, NULL),
(51, 68, 47, 'male.jpg', 1, '08861057012636', 'Irwan', 'Setiadi, Ir, H', NULL, NULL, NULL, NULL, NULL, NULL, NULL, NULL, NULL, NULL, NULL, NULL, NULL, NULL, NULL, NULL, NULL, NULL, NULL, NULL, NULL, NULL, '2013-03-31', 1, NULL, NULL),
(52, 69, 48, 'male.jpg', 1, '01880963014205', 'Saprial', 'Lubis, B.Sc', NULL, NULL, NULL, NULL, NULL, NULL, NULL, NULL, NULL, NULL, NULL, NULL, NULL, NULL, NULL, NULL, NULL, NULL, NULL, NULL, NULL, NULL, '2013-03-31', 1, NULL, NULL),
(53, 70, 49, 'male.jpg', 1, '07890662000184', 'Tazul Arifin, Ir, H', '', NULL, NULL, NULL, NULL, NULL, NULL, NULL, NULL, NULL, NULL, NULL, NULL, NULL, NULL, NULL, NULL, NULL, NULL, NULL, NULL, NULL, NULL, '2013-03-31', 1, NULL, NULL),
(54, 71, 50, 'male.jpg', 1, '07800860000021', 'Irwadi ', '', NULL, NULL, NULL, NULL, NULL, NULL, NULL, NULL, NULL, NULL, NULL, NULL, NULL, NULL, NULL, NULL, NULL, NULL, NULL, NULL, NULL, NULL, '2013-03-31', 1, NULL, NULL),
(55, 72, 51, 'male.jpg', 1, '05991263000412', 'Wiwik', 'Widiati, Drg, SE, M.Si, Hj', NULL, NULL, NULL, NULL, NULL, NULL, NULL, NULL, NULL, NULL, NULL, NULL, NULL, NULL, NULL, NULL, NULL, NULL, NULL, NULL, NULL, NULL, '2013-03-31', 1, NULL, NULL),
(56, 73, 53, 'male.jpg', 1, '01010974012793', 'M. Fadhailul', 'Anam, ST', NULL, NULL, NULL, NULL, NULL, NULL, NULL, NULL, NULL, NULL, NULL, NULL, NULL, NULL, NULL, NULL, NULL, NULL, NULL, NULL, NULL, NULL, '2013-03-31', 1, NULL, NULL),
(57, 74, 54, 'male.jpg', 1, '01010473013155', 'Budi', 'Aribowo, ST', NULL, NULL, NULL, NULL, NULL, NULL, NULL, NULL, NULL, NULL, NULL, NULL, NULL, NULL, NULL, NULL, NULL, NULL, NULL, NULL, NULL, NULL, '2013-03-31', 1, NULL, NULL),
(58, 75, 55, 'male.jpg', 1, '01010575000477', 'Jhon', 'Pieter Sitanggang, S.Si', NULL, NULL, NULL, NULL, NULL, NULL, NULL, NULL, NULL, NULL, NULL, NULL, NULL, NULL, NULL, NULL, NULL, NULL, NULL, NULL, NULL, NULL, '2013-03-31', 1, NULL, NULL),
(59, 76, 56, 'male.jpg', 1, '09000670000457', 'Krisna', 'Setiawan, Ir, M.Eng.', NULL, NULL, NULL, NULL, NULL, NULL, NULL, NULL, NULL, NULL, NULL, NULL, NULL, NULL, NULL, NULL, NULL, NULL, NULL, NULL, NULL, NULL, '2013-03-31', 1, NULL, NULL),
(60, 77, 54, 'male.jpg', 1, '04800160000016', 'Sugeng, H', '', NULL, NULL, NULL, NULL, NULL, NULL, NULL, NULL, NULL, NULL, NULL, NULL, NULL, NULL, NULL, NULL, NULL, NULL, NULL, NULL, NULL, NULL, '2013-03-31', 1, NULL, NULL),
(61, 78, 58, 'male.jpg', 1, '11840460015669', 'Selamat', '', NULL, NULL, NULL, NULL, NULL, NULL, NULL, NULL, NULL, NULL, NULL, NULL, NULL, NULL, NULL, NULL, NULL, NULL, NULL, NULL, NULL, NULL, '2013-03-31', 1, NULL, NULL),
(62, 79, 59, 'male.jpg', 1, '11040167000550', 'Andry', 'Ideawan, SE. Ak', NULL, NULL, NULL, NULL, NULL, NULL, NULL, NULL, NULL, NULL, NULL, NULL, NULL, NULL, NULL, NULL, NULL, NULL, NULL, NULL, NULL, NULL, '2013-03-31', 1, NULL, NULL),
(63, 80, 60, 'male.jpg', 1, '02930364000238', 'Martom', 'Delo Pulungan, SE, H', NULL, NULL, NULL, NULL, NULL, NULL, NULL, NULL, NULL, NULL, NULL, NULL, NULL, NULL, NULL, NULL, NULL, NULL, NULL, NULL, NULL, NULL, '2013-03-31', 1, NULL, NULL),
(64, 81, 61, 'male.jpg', 1, '04970164000134', 'Rastiadi', 'Setiawan, SE', NULL, NULL, NULL, NULL, NULL, NULL, NULL, NULL, NULL, NULL, NULL, NULL, NULL, NULL, NULL, NULL, NULL, NULL, NULL, NULL, NULL, NULL, '2013-03-31', 1, NULL, NULL),
(65, 82, 62, 'male.jpg', 1, '01010174013944', 'Tri Sutrisna, SE, MM', '', NULL, NULL, NULL, NULL, NULL, NULL, NULL, NULL, NULL, NULL, NULL, NULL, NULL, NULL, NULL, NULL, NULL, NULL, NULL, NULL, NULL, NULL, '2013-03-31', 1, NULL, NULL),
(66, 83, 63, 'male.jpg', 1, '01010375000476', 'Rurianto, SE, Ak', '', NULL, NULL, NULL, NULL, NULL, NULL, NULL, NULL, NULL, NULL, NULL, NULL, NULL, NULL, NULL, NULL, NULL, NULL, NULL, NULL, NULL, NULL, '2013-03-31', 1, NULL, NULL),
(67, 84, 64, 'male.jpg', 1, '01010574000484', 'Hendramiko, SE', '', NULL, NULL, NULL, NULL, NULL, NULL, NULL, NULL, NULL, NULL, NULL, NULL, NULL, NULL, NULL, NULL, NULL, NULL, NULL, NULL, NULL, NULL, '2013-03-31', 1, NULL, NULL),
(68, 85, 65, 'male.jpg', 1, '03010772014506', 'Hotmatua, SE, Ak', '', NULL, NULL, NULL, NULL, NULL, NULL, NULL, NULL, NULL, NULL, NULL, NULL, NULL, NULL, NULL, NULL, NULL, NULL, NULL, NULL, NULL, NULL, '2013-03-31', 1, NULL, NULL),
(69, 86, 64, 'male.jpg', 1, '09830460014182', 'Nurdin Amsyah', '', NULL, NULL, NULL, NULL, NULL, NULL, NULL, NULL, NULL, NULL, NULL, NULL, NULL, NULL, NULL, NULL, NULL, NULL, NULL, NULL, NULL, NULL, '2013-03-31', 1, NULL, NULL),
(70, 88, 66, 'male.jpg', 1, '05811060000030', 'Sudaryono', '', NULL, NULL, NULL, NULL, NULL, NULL, NULL, NULL, NULL, NULL, NULL, NULL, NULL, NULL, NULL, NULL, NULL, NULL, NULL, NULL, NULL, NULL, '2013-03-31', 1, NULL, NULL),
(71, 89, 67, 'male.jpg', 1, '05000473000446', 'M. Ridwan, A.Md', '', NULL, NULL, NULL, NULL, NULL, NULL, NULL, NULL, NULL, NULL, NULL, NULL, NULL, NULL, NULL, NULL, NULL, NULL, NULL, NULL, NULL, NULL, '2013-03-31', 1, NULL, NULL),
(72, 90, 68, 'male.jpg', 1, '09840458000089', 'Temanasa', 'Zaluchu, SE.Ak, MM', NULL, NULL, NULL, NULL, NULL, NULL, NULL, NULL, NULL, NULL, NULL, NULL, NULL, NULL, NULL, NULL, NULL, NULL, NULL, NULL, NULL, NULL, '2013-04-01', 1, NULL, NULL),
(73, 91, 69, 'male.jpg', 1, '11040261000549', 'Jesaya', 'Ginting, SE. Ak', NULL, NULL, NULL, NULL, NULL, NULL, NULL, NULL, NULL, NULL, NULL, NULL, NULL, NULL, NULL, NULL, NULL, NULL, NULL, NULL, NULL, NULL, '2013-04-01', 1, NULL, NULL),
(74, 92, 70, 'male.jpg', 1, '05960868015441', 'Syamsul', 'Rizal Lubis, SE', NULL, NULL, NULL, NULL, NULL, NULL, NULL, NULL, NULL, NULL, NULL, NULL, NULL, NULL, NULL, NULL, NULL, NULL, NULL, NULL, NULL, NULL, '2013-04-01', 1, NULL, NULL),
(75, 93, 71, 'male.jpg', 1, '01010972000482', 'M. Muslim', 'Utomo, SE, Ak', NULL, NULL, NULL, NULL, NULL, NULL, NULL, NULL, NULL, NULL, NULL, NULL, NULL, NULL, NULL, NULL, NULL, NULL, NULL, NULL, NULL, NULL, '2013-04-01', 1, NULL, NULL),
(76, 94, 72, 'male.jpg', 1, '02890660000161', 'Nelfi', 'Yenti, Hj', NULL, NULL, NULL, NULL, NULL, NULL, NULL, NULL, NULL, NULL, NULL, NULL, NULL, NULL, NULL, NULL, NULL, NULL, NULL, NULL, NULL, NULL, '2013-04-01', 1, NULL, NULL),
(77, 95, 73, 'male.jpg', 1, '10850365007029', 'Abdul', 'Rahim, SE', NULL, NULL, NULL, NULL, NULL, NULL, NULL, NULL, NULL, NULL, NULL, NULL, NULL, NULL, NULL, NULL, NULL, NULL, NULL, NULL, NULL, NULL, '2013-04-01', 1, NULL, NULL),
(78, 96, 74, 'male.jpg', 1, '02980772000372', 'M. Husni', 'Nasution, S.Ag, H', NULL, NULL, NULL, NULL, NULL, NULL, NULL, NULL, NULL, NULL, NULL, NULL, NULL, NULL, NULL, NULL, NULL, NULL, NULL, NULL, NULL, NULL, '2013-04-01', 1, NULL, NULL),
(79, 97, 75, 'male.jpg', NULL, '11860565015495', 'Bukhari, SE', '', NULL, NULL, NULL, NULL, NULL, NULL, NULL, NULL, NULL, NULL, NULL, NULL, NULL, NULL, NULL, NULL, NULL, NULL, NULL, NULL, NULL, NULL, '2013-04-01', 1, NULL, NULL),
(80, 98, 76, 'male.jpg', 1, '10790858000015', 'Bastari, AR, SE, H', '', NULL, NULL, NULL, NULL, NULL, NULL, NULL, NULL, NULL, NULL, NULL, NULL, NULL, NULL, NULL, NULL, NULL, NULL, NULL, NULL, NULL, NULL, '2013-04-01', 1, NULL, NULL),
(82, 100, 79, 'male.jpg', 1, '09060677000574', 'Said Arindra', 'Yulista, ST, MM', NULL, NULL, NULL, NULL, NULL, NULL, NULL, NULL, NULL, NULL, NULL, NULL, NULL, NULL, NULL, NULL, NULL, NULL, NULL, NULL, NULL, NULL, '2013-04-01', 1, NULL, NULL),
(83, 101, 80, 'male.jpg', NULL, '02811059015729', 'Ridwan ', 'Abdul  Majid', NULL, NULL, NULL, NULL, NULL, NULL, NULL, NULL, NULL, NULL, NULL, NULL, NULL, NULL, NULL, NULL, NULL, NULL, NULL, NULL, NULL, NULL, '2013-04-01', 1, NULL, NULL),
(84, 102, 81, 'male.jpg', NULL, '03960564000294', 'Rismeilina Sianturi', '', NULL, NULL, NULL, NULL, NULL, NULL, NULL, NULL, NULL, NULL, NULL, NULL, NULL, NULL, NULL, NULL, NULL, NULL, NULL, NULL, NULL, NULL, '2013-04-01', 1, NULL, NULL),
(85, 103, 82, 'male.jpg', 1, '02930665000239', 'Syahlul', 'Harahap, SE, H', NULL, NULL, NULL, NULL, NULL, NULL, NULL, NULL, NULL, NULL, NULL, NULL, NULL, NULL, NULL, NULL, NULL, NULL, NULL, NULL, NULL, NULL, '2013-04-01', 1, NULL, NULL),
(86, 104, 83, 'male.jpg', 1, '07800658000020', 'Bahrinsyah, SE', '', NULL, NULL, NULL, NULL, NULL, NULL, NULL, NULL, NULL, NULL, NULL, NULL, NULL, NULL, NULL, NULL, NULL, NULL, NULL, NULL, NULL, NULL, '2013-04-01', 1, NULL, NULL),
(87, 105, 86, 'male.jpg', 1, '5050377000560', 'Rizki Nugroho, SP, MBA, H', '', NULL, NULL, NULL, NULL, NULL, NULL, NULL, NULL, NULL, NULL, NULL, NULL, NULL, NULL, NULL, NULL, NULL, NULL, NULL, NULL, NULL, NULL, '2013-04-29', 1, NULL, NULL),
(88, 106, 87, 'male.jpg', 1, '4010578000495', 'Arif Budiman S.Hut, MM', '', NULL, NULL, NULL, NULL, NULL, NULL, NULL, NULL, NULL, NULL, NULL, NULL, NULL, NULL, NULL, NULL, NULL, NULL, NULL, NULL, NULL, NULL, '2013-04-29', 1, NULL, NULL);

--
-- Dumping data for table `p_person_occupation_historical`
--

INSERT INTO `p_person_occupation_historical` (`id`, `person_id`, `occupation_id`, `start_date`, `finish_date`) VALUES
(1, 9, 7, '2013-03-14', NULL),
(2, 11, 8, '2000-06-01', NULL),
(3, 12, 9, '2010-11-01', NULL),
(4, 13, 10, '2012-07-01', NULL),
(5, 14, 11, '2011-09-01', NULL),
(6, 15, 13, '2012-07-01', NULL),
(7, 16, 12, '2013-01-01', NULL),
(8, 17, 15, '2013-02-01', NULL),
(9, 18, 15, '2013-08-01', NULL),
(10, 19, 17, '1999-10-01', NULL),
(11, 20, 18, '2011-12-01', NULL),
(12, 21, 19, '2005-09-01', NULL),
(13, 22, 20, '2011-12-01', NULL),
(14, 23, 21, '2007-06-01', NULL),
(15, 24, 22, '2012-06-01', NULL),
(16, 25, 21, '2013-02-01', NULL),
(17, 26, 19, '2013-02-01', NULL),
(18, 27, 23, '2011-09-01', NULL),
(19, 28, 24, '2007-11-01', NULL),
(20, 29, 25, '2011-05-01', NULL),
(21, 30, 26, '2011-05-01', NULL),
(22, 31, 27, '2013-02-01', NULL),
(23, 32, 28, '2010-11-01', NULL),
(24, 33, 28, '2011-05-01', NULL),
(25, 34, 29, '2006-09-07', NULL),
(26, 35, 30, '2011-09-01', NULL),
(27, 36, 30, '2012-06-01', NULL),
(28, 37, 31, '2010-07-01', NULL),
(29, 38, 32, '2004-05-01', NULL),
(30, 39, 33, '2012-07-01', NULL),
(31, 40, 34, '2012-04-01', NULL),
(32, 41, 37, '2009-05-01', NULL),
(33, 42, 40, '2007-06-14', NULL),
(34, 43, 41, '2011-03-01', NULL),
(35, 44, 42, '2009-02-01', NULL),
(36, 45, 43, '2012-04-01', NULL),
(37, 46, 44, '2013-02-01', NULL),
(38, 47, 45, '2011-12-01', NULL),
(39, 48, 46, '2003-03-01', NULL),
(40, 49, 46, '2013-01-01', NULL),
(41, 50, 46, '2007-01-01', NULL),
(42, 51, 47, '2009-02-01', NULL),
(43, 52, 48, '2012-04-01', NULL),
(44, 53, 49, '2013-02-01', NULL),
(45, 54, 50, '2011-05-01', NULL),
(46, 55, 51, '2009-02-01', NULL),
(47, 56, 53, '2011-09-01', NULL),
(48, 57, 54, '2011-12-01', NULL),
(49, 58, 55, '2008-07-01', NULL),
(50, 59, 56, '2013-02-01', NULL),
(51, 60, 54, '2009-05-01', NULL),
(52, 61, 58, '2011-05-01', NULL),
(53, 62, 59, '2011-12-01', NULL),
(54, 63, 60, '2012-02-01', NULL),
(55, 64, 61, '2013-01-01', NULL),
(56, 65, 62, '2012-07-01', NULL),
(57, 66, 63, '2011-09-01', NULL),
(58, 67, 64, '2008-07-01', NULL),
(59, 68, 65, '2010-09-01', NULL),
(60, 69, 64, '2011-09-01', NULL),
(61, 70, 66, '2008-07-01', NULL),
(62, 71, 67, '2005-06-01', NULL),
(63, 72, 68, '2011-09-01', NULL),
(64, 73, 69, '2011-03-01', NULL),
(65, 74, 70, '2013-01-01', NULL),
(66, 75, 71, '2012-02-01', NULL),
(67, 76, 72, '2004-04-01', NULL),
(68, 77, 73, '2013-01-01', NULL),
(69, 78, 74, '2013-01-01', NULL),
(70, 79, 75, '2012-06-01', NULL),
(71, 80, 76, '2009-08-01', NULL),
(73, 82, 79, '2011-09-01', NULL),
(74, 83, 80, '2011-05-01', NULL),
(75, 84, 81, '2009-02-01', NULL),
(76, 85, 82, '2011-09-01', NULL),
(77, 86, 83, '2009-02-01', NULL),
(78, 87, 86, '2011-12-01', NULL),
(79, 88, 87, '2003-03-01', NULL);

--
-- Dumping data for table `w_country`
--

INSERT INTO `w_country` (`id`, `code`, `name`, `iso3`, `numcode`) VALUES
(1, 'AD', 'Andorra', 'AND', 20),
(2, 'BV', 'Bouvet Island', '', NULL),
(3, 'ID', 'Indonesia', 'IDN', NULL);

--
-- Dumping data for table `w_job_family`
--

INSERT INTO `w_job_family` (`id`, `name`, `information`) VALUES
(1, 'Primary Activities (PA)', ''),
(2, 'Supporting Activities * (SA*)', ''),
(3, 'Supporting Activities (SA)', '');

--
-- Dumping data for table `w_link`
--

INSERT INTO `w_link` (`id`, `parent_id`, `name`, `title`, `url`, `image`, `auth`, `w_module_id`) VALUES
(11, NULL, 'wModule', 'module', 'wModule', '', '', 1),
(12, NULL, 'wLink', 'link', 'wLink', '', '', 1),
(13, NULL, 'wCountry', 'country', 'wCountry', '', '', 1),
(14, NULL, 'wState', 'State', 'wState', '', '', 1),
(15, NULL, 'wUnit', 'Unit', 'wUnit', '', '', 1),
(16, NULL, 'wOccupation', 'Occupation', 'wOccupation', '', '', 1),
(17, NULL, 'wPreference', 'Settings', 'wPreference', '', '', 1),
(18, NULL, 'employee', 'Karyawan', 'pPerson/admin', '', '', 2),
(19, NULL, 'wUser', 'User', 'wUser', '', '', 1),
(20, NULL, 'input form cbr', 'input CBR', 'cbr/form', '', '', 3),
(21, NULL, 'wJobFamily', 'Job Family', 'wJobFamily', '', '', 1),
(22, NULL, 'daftar cbr', 'Daftar CBR', 'cbr/index', '', '', 3),
(23, NULL, 'job family cbr', 'Job Family CBR', 'cbr/byJobFamily', '', '', 3),
(25, NULL, 'mutasi', 'Mutasi', 'rolling/mutasi', '', '', 2),
(26, NULL, 'Setting CLI', 'Setting CLI', 'setting/aktivasi', '', '', 5),
(27, NULL, 'Tipe Kompetensi', 'Tipe Kompetensi', 'CompetencyType/index', '', '', 5),
(28, NULL, 'Kamus Kompetensi', 'Kamus Kompetensi', 'CompetencyLibrary/index', '', '', 5),
(29, NULL, 'Soft Competency', 'Soft Competency', 'SoftCompetency/test', '', '', 5),
(30, NULL, 'Kategori Kompetensi', 'Kategori Kompetensi', 'CompetencyCategory/index', '', '', 5),
(31, NULL, 'Tambah Karyawan', 'Tambah Karyawan', 'pPerson/plus', '', '', 2),
(32, NULL, 'Bussiness Competency', 'Bussiness Competency', 'BussinessCompetency/test', '', '', 5);

--
-- Dumping data for table `w_module`
--

INSERT INTO `w_module` (`id`, `parent_id`, `name`, `title`, `description`, `url`, `image`) VALUES
(1, NULL, 'core', 'System Core', '', 'core', ''),
(2, NULL, 'pim', 'Personal Information Manager', '', 'pim', ''),
(3, NULL, 'renum', 'Remuneration', '', 'renum', ''),
(5, NULL, 'cli', 'Competency Level Index', NULL, 'cli', NULL);

--
-- Dumping data for table `w_occupation`
--

INSERT INTO `w_occupation` (`id`, `code`, `name`, `level`, `parent`, `w_unit_id`, `job_family`, `golongan_id`) VALUES
(1, '', 'Direktur Utama', 0, NULL, 1, NULL, NULL),
(2, '', 'Direktur Produksi', 1, 1, 1, NULL, NULL),
(3, '', 'General Manager', 0, NULL, 3, NULL, NULL),
(4, '', 'Direktur Keuangan', 1, 1, 1, NULL, NULL),
(5, '', 'Direktur Pemasaran & Perencanaan Pengembangan', 1, 1, 1, NULL, NULL),
(6, '', 'Direktur SDM/Umum', 1, 1, 1, NULL, NULL),
(7, '', 'Kepala Bagian Sekretaris Perusahaan', 0, NULL, 23, 2, NULL),
(8, '', 'Diperbantukan di PTP Agrintara  Sebagai Kuasa Direksi', 0, NULL, 23, 2, NULL),
(9, '', 'Direktur Keuangan dan pemasaran PT Pupuk Agro Nusantara', 0, NULL, 23, 2, NULL),
(10, '', 'Kepala Urusan Rumah Tangga', 1, 7, 23, 2, NULL),
(11, '', 'Sekretaris Panitia Pelelangan', 0, NULL, 23, 2, NULL),
(12, '', 'Kepala Urusan  Sekretariat dan Protokoler', 1, 7, 23, 2, NULL),
(13, '', 'Kepala Urusan Humas, Legal, Kepatuhan dan Hubungan Investor', 1, 7, 23, 2, NULL),
(14, '', 'Asisten Urusan  LO Jakarta', 0, NULL, 23, 2, NULL),
(15, '', 'Asisten Urusan Operasional URTA', 0, NULL, 23, 2, NULL),
(16, '', 'Asisten Urusan  Sekretariat Sekretaris Direksi', 0, NULL, 23, 2, NULL),
(17, '', 'Asisten Urusan Sekretariat', 0, NULL, 23, 2, NULL),
(18, '', 'Asisten Urusan Teknologi Informasi Panitia Pelelangan', 0, NULL, 23, 2, NULL),
(19, '', 'Asisten Urusan Humas', 2, 13, 23, 2, NULL),
(20, '', 'Asisten Urusan Hukum Panitia Pelelangan', 0, NULL, 23, 2, NULL),
(21, '', 'Asisten Urusan  Legal, Kepatuhan dan Hubungan Investor ', 2, 13, 23, 2, NULL),
(22, '', 'Asisten Urusan Admi URTA', 0, NULL, 23, 2, NULL),
(23, '', 'Kepala Bagian Satuan Pengawasan Internal', 0, NULL, 24, 2, NULL),
(24, '', 'Kepala Urusan Pemeriksaan Bidang Teknik /Pengolahan ', 1, 23, 24, 2, NULL),
(25, '', 'Kepala Urusan Pengawasan Bidang Keuangan, Pemasaran dan SDM/Umum', 1, 23, 24, 2, NULL),
(26, '', 'Kepala Urusan Pengawasan Bidang Tanaman', 1, 23, 24, 2, NULL),
(27, '', 'Kepala Urusan Pemeriksaan Bidang Teknik Umum', 1, 23, 24, 2, NULL),
(28, '', 'Asisten Urusan Pengawasan Bidang Tanaman', 2, 26, 24, 2, NULL),
(29, '', 'Asisten Urusan Pengawasan Bidang Pengolahan, Instalasi dan Teknik Umum', 2, 27, 24, 2, NULL),
(30, '', 'Asisten  Urusan Pengawasan Bidang Keuangan, Pemasaran dan SDM/Umum', 2, 25, 24, 2, NULL),
(31, '', 'Kepala Bagian Tanaman', 0, NULL, 10, 1, NULL),
(32, '', 'Kepala Urusan Pemupukan/Pemeliharaan TM', 1, 31, 10, 1, NULL),
(33, '', 'Kepala Urusan Produksi dan Infrastruktur', 1, 31, 10, 1, NULL),
(34, '', 'Kepala Urusan Investasi dan Pemetan', 1, 31, 10, 1, NULL),
(35, '', 'Asisten Urusan Administrasi', 0, NULL, 10, 1, NULL),
(36, '', 'Asisten Urusan Bibitan dan Investasi Tanaman', 3, 34, 10, 1, NULL),
(37, '', 'Asisten Urusan Pemupukan dan Hama Penyakit Tanaman', 2, 32, 10, 1, NULL),
(38, '', 'Asisten Urusan Produksi', 2, 33, 10, 1, NULL),
(39, '', 'Asisten Urusan Pemetaan Tanaman', 2, 34, 10, 1, NULL),
(40, '', 'Kepala Bagian Teknik', 0, NULL, 11, 2, NULL),
(41, '', 'Kepala Urusan  Instalasi Listrik & Air di Luar PKS', 1, 40, 11, 2, NULL),
(42, '', 'Kepala Urusan  Traksi dan Alat Berat', 1, 40, 11, 2, NULL),
(43, '', 'Kepala Urusan Teknik Sipil', 1, 40, 11, 2, NULL),
(44, '', 'Asisten Urusan Traksi dan Alat Berat', 2, 42, 11, 2, NULL),
(45, '', 'Asisten Urusan Instalasi Listrik & Air di Luar PKS', 2, 41, 11, 2, NULL),
(46, '', 'Asisten Urusan Teknik Sipil', 2, 43, 11, 2, NULL),
(47, '', 'Kepala Bagian Pengolahan', 0, NULL, 12, 1, NULL),
(48, '', 'Kepala Urusan Instalasi PKS', 1, 47, 12, 1, NULL),
(49, '', 'Kepala Urusan Pengolahan Kelapa Sawit', 1, 47, 12, 1, NULL),
(50, '', 'Kepala Urusan Instalasi dan Pengolahan Pabrik Karet', 1, 47, 12, 1, NULL),
(51, '', 'Kepala Urusan Sistem Manajemen Mutu & Lingkungan', 1, 47, 12, 1, NULL),
(52, '', 'Asisten Urusan Istalasi dan Pengolahan Pabrik Karet', 2, 50, 12, 1, NULL),
(53, '', 'Asisten Urusan Instalasi PKS', 2, 48, 12, 1, NULL),
(54, '', 'Asisten Urusan Pengolahan Kelapa Sawit', 2, 49, 12, 1, NULL),
(55, '', 'Asisten Urusan  Sistem Manajemen Lingkungan', 2, 51, 12, 1, NULL),
(56, '', 'Asisten Urusan  Sistem Manajemen Mutu', 2, 51, 12, 1, NULL),
(57, '', 'Asisten Urusan Pengolahan Pabrik PKO dan Kompos', 0, NULL, 12, 1, NULL),
(58, '', 'Asisten Urusan Administrasi', 0, NULL, 12, 1, NULL),
(59, '', 'Kepala Bagian Akuntansi', 0, NULL, 14, 3, NULL),
(60, '', 'Kepala Urusan Tata Buku', 1, 59, 14, 3, NULL),
(61, '', 'Kepala Urusan Verifikasi', 1, 59, 14, 3, NULL),
(62, '', 'Kepala Urusan Pelaporan', 1, 59, 14, 3, NULL),
(63, '', 'Asisten Urusan Laporan Manajemen Bulanan', 2, 62, 14, 3, NULL),
(64, '', 'Asisten Urusan Verifikasi', 2, 61, 14, 3, NULL),
(65, '', 'Asisten Urusan Penyusunan LM Triwulan & Tahunan', 2, 62, 14, 3, NULL),
(66, '', 'Asisten Urusan Tata Buku', 2, 60, 14, 3, NULL),
(67, '', 'Asisten Urusan Analis Sistem', 0, NULL, 14, 3, NULL),
(68, '', 'Kepala Bagian Pembiayaan', 0, NULL, 15, 3, NULL),
(69, '', 'Kepala Urusan Pajak dan Asuransi', 1, 68, 15, 3, NULL),
(70, '', 'Kepala Urusan  Pengelolaan Kas dan Pendanaan Eksternal', 1, 68, 15, 3, NULL),
(71, '', 'Kepala Urusan  Anggaran', 1, 68, 15, 3, NULL),
(72, '', 'Asisten Urusan Pengelolaan Kas', 2, 70, 15, 3, NULL),
(73, '', 'Asisten Urusan Pajak', 2, 69, 15, 3, NULL),
(74, '', 'Asisten Urusan Asuransi', 2, 69, 15, 3, NULL),
(75, '', 'Asisten Urusan Anggaran', 2, 71, 15, 3, NULL),
(76, '', 'Kepala Bagian  PKBL', 0, NULL, 16, 3, NULL),
(77, '', 'Kepala Urusan Administrasi Kemitraan dan Bina Lingkungan ', 1, 76, 16, 3, NULL),
(78, '', 'Kepala Urusan Kemitraan dan Bina Lingkungan', 1, 76, 16, 3, NULL),
(79, '', 'Asisten Urusan Bina Lingkungan', 2, 77, 16, 3, NULL),
(80, '', 'Asisten Administrasi/Keuangan', 2, 77, 16, 3, NULL),
(81, '', 'Asisten Urusan Kemitraan', 2, 78, 16, 3, NULL),
(82, '', 'Kepala Bagian Pemasaran', 0, NULL, 19, 3, NULL),
(83, '', 'Kepala Urusan  Analisa Pasar dan Pemasaran Karet', 1, 82, 19, 3, NULL),
(84, '', 'Kepala Urusan  Pemasaran Kelapa Sawit', 1, 82, 19, 3, NULL),
(85, '', 'Asisten  Urusan Diperbantukan di PT SAN Dumai', 0, NULL, 19, 3, NULL),
(86, '', 'Asisten Urusan Analisis Pasar', 2, 83, 19, 3, NULL),
(87, '', 'Asisten  Urusan Pemasaran Kelapa Sawit', 2, 84, 19, 3, NULL),
(88, '', 'Asisten Urusan Pemasaran Karet ', 2, 83, 19, 3, NULL),
(90, '', 'Asisten Urusan ITMS Siak', 0, NULL, 19, 3, NULL),
(91, '', 'Kepala Bagian  Perencanaan, Pengkajian & Teknologi Informasi', 0, NULL, 17, 3, NULL),
(92, '', 'Kepala Urusan Manajemen Resiko ', 1, 91, 17, 3, NULL),
(93, '', 'Kepala Urusan  Perencanaan dan Pengkajian', 1, 91, 17, 3, NULL),
(94, '', 'Kepala Urusan Pengembangan Teknologi Informasi', 1, 91, 17, 3, NULL),
(95, '', 'Asisten Urusan Perencanaan ', 2, 93, 17, 3, NULL),
(96, '', 'Asisten Urusan Sistem Informasi Manajemen dan Database', 0, NULL, 17, 3, NULL),
(97, '', 'Asisten Urusan Hardware', 0, NULL, 17, 3, NULL),
(98, '', 'Asisten Urusan  Pengkajian Bidang Tanaman', 0, NULL, 17, 3, NULL),
(99, '', 'Asisten Urusan Jaringan dan Sistem Komunikasi Data', 0, NULL, 17, 3, NULL),
(100, '', 'Asisten Urusan Manajemen Resiko', 2, 92, 17, 3, NULL),
(101, '', 'Asisten Urusan Perencanaan dan Pengkajian Area SBU Tandun', 0, NULL, 17, 3, NULL),
(102, '', 'Asisten Urusan Perencanaan dan Pengkajian Area SBU Sei Rokan', 0, NULL, 17, 3, NULL),
(103, '', 'Asisten Urusan SOP Perusahaan', 0, NULL, 17, 3, NULL),
(104, '', 'Kepala Bagian SDM', 0, NULL, 20, 2, NULL),
(105, '', 'Kepala Urusan Diperbantukan kepada Kepala Bagian SDM', 1, 104, 20, 2, NULL),
(106, '', 'Kepala Urusan Pengembangan', 1, 104, 20, 2, NULL),
(107, '', 'Kepala Urusan  Personalia', 1, 104, 20, 2, NULL),
(108, '', 'Kepala Urusan  Hubungan Industrial', 1, 104, 20, 2, NULL),
(109, '', 'Kepala Urusan  Kesehatan', 1, 104, 20, 2, NULL),
(110, '', 'Asisten Urusan Pengembangan SDM', 2, 106, 20, 2, NULL),
(111, '', 'Asisten Urusan Hubungan Industrial', 2, 108, 20, 2, NULL),
(112, '', 'Asisten Urusan Personalia Karyawan Gol IIIA-IVD', 2, 107, 20, 2, NULL),
(113, '', 'Asisten Urusan  Personalia Karyawan Gol IA-IID', 2, 107, 20, 2, NULL),
(115, '', 'Asisten Urusan Instalasi Farmasi / Apoteker', 2, 109, 20, 2, NULL),
(116, '', 'Asisten Urusan Pelayanan Kesehatan', 2, 109, 20, 2, NULL),
(118, '', 'Asisten Urusan Administrasi Kesehatan', 0, NULL, 20, 2, NULL),
(119, '', 'Kepala Bagian Umum', 0, NULL, 21, 3, NULL),
(120, '', 'Kepala Urusan Sosial dan Pendidikan', 1, 119, 21, 3, NULL),
(121, '', 'Kepala Urusan Hukum dan Agraria', 1, 119, 21, 3, NULL),
(122, '', 'Kepala Urusan SMK3', 1, 119, 21, 3, NULL),
(123, '', 'Asisten Urusan Sosial dan Pendidikan', 2, 120, 21, 3, NULL),
(124, '', 'Asisten Urusan SMK3', 2, 122, 21, 3, NULL),
(125, '', 'Asisten Urusan Hukum dan Agraria', 2, 121, 21, 3, NULL),
(126, '', 'Kepala Bagian Pengadaan ', 0, NULL, 22, 3, NULL),
(127, '', 'Kepala Urusan Pengadaan Barang dan Jasa Umum', 1, 126, 22, 3, NULL),
(128, '', 'Kepala Urusan Pengadaan Barang dan Jasa Teknik/Konstruksi /Gudang', 1, 126, 22, 3, NULL),
(129, '', 'Asisten Urusan Gudang Sentral', 2, 128, 22, 3, NULL),
(130, '', 'Asisten Urusan Pengadaan Barang Teknik', 2, 128, 22, 3, NULL),
(131, '', 'Asisten  Urusan Pengadaan Barang dan Jasa Teknik /Konstruksi', 2, 128, 22, 3, NULL),
(132, '', 'Asisten Urusan Pengadaan Barang dan Jasa Umum', 2, 128, 22, 3, NULL),
(133, '', 'Kepala Bagian Pengembangan Usaha', 0, NULL, 18, 3, NULL),
(134, '', 'Kepala Urusan  Pengembangan Usaha Non Tanaman', 1, 133, 18, 3, NULL),
(135, '', 'Kepala Urusan Pengembangan Tanaman', 1, 133, 18, 3, NULL),
(136, '', 'Kepala Urusan Administrasi Anak Perusahaan dan Kemitraan', 1, 133, 18, 3, NULL),
(137, '', 'Asisten Urusan Pengembangan Industri Hilir & Diversifikasi Usaha', 0, NULL, 18, 3, NULL),
(138, '', 'Asisten Urusan Administrasi Anak Perusahaan & Kemitraan', 2, 136, 18, 3, NULL),
(139, '', 'Asisten Urusan Pengembangan Tanaman Kebun Inti/Kemitraan', 2, 135, 18, 3, NULL),
(140, '', 'Kepala Bagian Pembelian Bahan Baku dan Pengelolaan Plasma/KKPA', 0, NULL, 13, 2, NULL),
(141, '', 'Kepala Urusan Operasional Pembelian TBS Plasma, Non Plasma dan Bokar ', 1, 140, 13, 2, NULL),
(142, '', 'Kepala Urusan  Administrasi/Keuangan dan Pelaporan', 1, 140, 13, 2, NULL),
(143, '', 'Kepala Urusan Pengelolaan Plasma/KKPA', 1, 140, 13, 2, NULL),
(144, '', 'Asisten Urusan Administrasi Keuangan dan Pelaporan Pembelian TBS & Bokar', 2, 141, 13, 2, NULL),
(145, '', 'Asisten Urusan Administrasi Pengelolaan Plasma & KKPA', 2, 143, 13, 2, NULL),
(146, '', 'Asisten Urusan Operasional Pembelian TBS Plasma/Non Plasma ', 2, 141, 13, 2, NULL),
(147, '', 'Asisten Urusan Operasional Pengelolaan Plasma', 2, 143, 13, 2, NULL),
(148, '', 'Asisten Urusan Operasional Pembelian Bokar', 2, 141, 13, 2, NULL),
(149, '', 'Asisten Urusan Operasional Pengelolaan KKPA', 0, NULL, 13, 2, NULL),
(150, '', 'Kepala Urusan Tanaman', 1, 3, 3, NULL, NULL),
(151, '', 'Asisten Urusan Tanaman', 2, 150, 3, NULL, NULL),
(152, '', 'Kepala Urusan Teknik/Pengolahan', 1, 3, 3, NULL, NULL),
(153, '', 'Asisten Urusan Teknik/Pengolahan', 2, 152, 3, NULL, NULL),
(154, '', 'Kepala Urusan Administrasi Keuangan, SDM & Umum', 1, 3, 3, NULL, NULL),
(155, '', 'Asisten Urusan Administrasi  Keuangan ', 2, 154, 3, NULL, NULL),
(156, '', 'Asisten Urusan Administrasi SDM & Umum', 2, 154, 3, NULL, NULL),
(157, '', 'Manajer Kebun', 0, NULL, 9, NULL, NULL),
(158, NULL, 'Asisten Kepala Rayon A', 1, 157, 9, NULL, NULL),
(159, NULL, 'Asisten Kepala Rayon B', 1, 157, 9, NULL, NULL),
(160, NULL, 'Asisten Tanaman Afd. I', 1, 157, 9, NULL, NULL),
(161, NULL, 'Asisten Tanaman Afd. II', 1, 157, 9, NULL, NULL),
(162, NULL, 'Asisten Tanaman Afd. III', 1, 157, 9, NULL, NULL),
(163, NULL, 'Asisten Tanaman Afd. IV', 1, 157, 9, NULL, NULL),
(164, NULL, 'Asisten Tanaman Afd. V', 1, 157, 9, NULL, NULL),
(165, NULL, 'Asisten Tanaman Afd. VI', 1, 157, 9, NULL, NULL),
(166, NULL, 'Asisten Tanaman Afd. VII', 1, 157, 9, NULL, NULL),
(167, NULL, 'Asisten Tanaman Afd. VIII', 1, 157, 9, NULL, NULL),
(168, NULL, 'Asisten Tanaman Afd. IX', 1, 157, 9, NULL, NULL),
(169, NULL, 'Asisten Tanaman Afd. X', 1, 157, 9, NULL, NULL),
(170, NULL, 'Asisten Teknik Umum', 1, 157, 9, NULL, NULL),
(171, NULL, 'Asisten  Administrasi Keuangan', 1, 157, 9, NULL, NULL),
(172, NULL, 'Asisten Administrasi SDM/Umum', 1, 157, 9, NULL, NULL),
(173, '', ' Asisten Administrasi Keuangan diperbantukan kepada Asisten Administrasi Keuangan ', 2, 171, 9, NULL, NULL),
(174, '', 'Manajer Kebun', 0, NULL, 25, NULL, NULL),
(177, '', 'Asisten Kepala', 1, 174, 25, NULL, NULL),
(178, NULL, 'Asisten Tanaman Afd. I', 1, 174, 25, NULL, NULL),
(179, NULL, 'Asisten Tanaman Afd. II', 1, 174, 25, NULL, NULL),
(180, NULL, 'Asisten Tanaman Afd. III', 1, 174, 25, NULL, NULL),
(181, NULL, 'Asisten Tanaman Afd. IV', 1, 174, 25, NULL, NULL),
(182, NULL, 'Asisten Tanaman Afd. V', 1, 174, 25, NULL, NULL),
(183, NULL, 'Asisten Tanaman Afd. VI', 1, 174, 25, NULL, NULL),
(184, NULL, 'Asisten Teknik Umum', 1, 174, 25, NULL, NULL),
(185, NULL, 'Asisten  Administrasi Keuangan', 1, 174, 25, NULL, NULL),
(186, NULL, 'Asisten Administrasi SDM/Umum', 1, 174, 25, NULL, NULL),
(187, '', 'Manajer Kebun', 0, NULL, 26, NULL, NULL),
(188, NULL, 'Asisten Kepala Rayon A', 1, 187, 26, NULL, NULL),
(189, NULL, 'Asisten Kepala Rayon B', 1, 187, 26, NULL, NULL),
(190, NULL, 'Asisten Tanaman Afd. I', 1, 187, 26, NULL, NULL),
(191, NULL, 'Asisten Tanaman Afd. II', 1, 187, 26, NULL, NULL),
(192, NULL, 'Asisten Tanaman Afd. III', 1, 187, 26, NULL, NULL),
(193, NULL, 'Asisten Tanaman Afd. IV', 1, 187, 26, NULL, NULL),
(194, NULL, 'Asisten Tanaman Afd. V', 1, 187, 26, NULL, NULL),
(195, NULL, 'Asisten Tanaman Afd. VI', 1, 187, 26, NULL, NULL),
(196, NULL, 'Asisten Tanaman Afd. VII', 1, 187, 26, NULL, NULL),
(197, NULL, 'Asisten Tanaman Afd. VIII', 1, 187, 26, NULL, NULL),
(198, NULL, 'Asisten Tanaman Afd. IX', 1, 187, 26, NULL, NULL),
(199, NULL, 'Asisten Tanaman Afd. X', 1, 187, 26, NULL, NULL),
(200, '', 'Asisten Diperbantukan Ke Askep dan SISKA', 1, 187, 26, NULL, NULL),
(201, NULL, 'Asisten Teknik Umum', 1, 187, 26, NULL, NULL),
(202, NULL, 'Asisten  Administrasi Keuangan', 1, 187, 26, NULL, NULL),
(203, NULL, 'Asisten Administrasi SDM/Umum', 1, 187, 26, NULL, NULL),
(204, '', 'Asisten Administrasi SDM/Umum diperbantukan kepada Ast. Administrasi SDM/Umum ', 2, 203, 26, NULL, NULL),
(205, '', 'Manajer  Kebun', 0, NULL, 27, NULL, NULL),
(206, '', 'Asisten Kepala Rayon A (Karet)', 1, 205, 27, NULL, NULL),
(207, '', 'Asisten Kepala Rayon B (Kelapa Sawit)', 1, 205, 27, NULL, NULL),
(208, '', 'Asisten Tanaman Afd. I', 1, 205, 27, NULL, NULL),
(209, '', 'Asisten Tanaman Afd. II', 1, 205, 27, NULL, NULL),
(210, '', 'Asisten Tanaman Afd. III', 1, 205, 27, NULL, NULL),
(211, '', 'Asisten Tanaman Afd. IV', 1, 205, 27, NULL, NULL),
(212, '', 'Asisten Tanaman Afd. V', 1, 205, 27, NULL, NULL),
(213, '', 'Asisten Tanaman Afd. VI', 1, 205, 27, NULL, NULL),
(214, '', 'Asisten Tanaman Afd. VII', 1, 205, 27, NULL, NULL),
(215, '', 'Asisten Tanaman Afd. VIII', 1, 205, 27, NULL, NULL),
(216, '', 'Asisten  Teknik Umum', 1, 205, 27, NULL, NULL),
(217, '', 'Asisten Administrasi Keuangan', 1, 205, 27, NULL, NULL),
(218, '', 'Asisten Administrasi SDM/Umum', 1, 205, 27, NULL, NULL),
(219, '', 'Manajer Kebun', 0, NULL, 28, NULL, NULL),
(220, '', 'Asisten Kepala', 1, 219, 28, NULL, NULL),
(221, '', 'Maskep Pabrik Karet', 1, 219, 28, NULL, NULL),
(222, '', 'Asisten Tanaman Afd. I', 1, 219, 28, NULL, NULL),
(223, '', 'Asisten Tanaman Afd. II', 1, 219, 28, NULL, NULL),
(224, '', 'Asisten Tanaman Afd. III', 1, 219, 28, NULL, NULL),
(225, '', 'Asisten Tanaman Afd. IV', 1, 219, 28, NULL, NULL),
(226, '', 'Asisten Tanaman Afd. V', 1, 219, 28, NULL, NULL),
(227, '', 'Asisten Tanaman Afd. VI', 1, 219, 28, NULL, NULL),
(228, '', 'Asisten  Teknik Umum', 1, 219, 28, NULL, NULL),
(229, '', 'Asisten Administrasi Keuangan', 1, 219, 28, NULL, NULL),
(230, '', 'Asisten Administrasi SDM/Umum', 1, 219, 28, NULL, NULL),
(231, '', 'Asisten Teknik Pabrik / Pengolahan PK', 1, 219, 28, NULL, NULL),
(232, '', 'Manajer Kebun', 0, NULL, 29, NULL, NULL),
(233, '', 'Asisten Kepala', 1, 232, 29, NULL, NULL),
(234, '', 'Asisten Tanaman Afd. I', 1, 232, 29, NULL, NULL),
(235, '', 'Asisten Tanaman Afd. II', 1, 232, 29, NULL, NULL),
(236, '', 'Asisten Tanaman Afd. III', 1, 232, 29, NULL, NULL),
(237, '', 'Asisten Tanaman Afd. IV', 1, 232, 29, NULL, NULL),
(238, '', 'Asisten Tanaman Afd. V', 1, 232, 29, NULL, NULL),
(239, '', 'Asisten Tanaman Afd. VI', 1, 232, 29, NULL, NULL),
(240, '', 'Asisten  Teknik Umum', 1, 232, 29, NULL, NULL),
(241, '', 'Asisten Administrasi Keuangan', 1, 232, 29, NULL, NULL),
(242, '', 'Asisten Administrasi SDM/Umum', 1, 232, 29, NULL, NULL),
(243, '', 'Manajer Kebun', 0, NULL, 30, NULL, NULL),
(244, '', 'Asisten Kepala', 1, 243, 30, NULL, NULL),
(245, '', 'Asisten Tanaman Afd. I', 1, 243, 30, NULL, NULL),
(246, '', 'Asisten Tanaman Afd. II', 1, 243, 30, NULL, NULL),
(247, '', 'Asisten Tanaman Afd. III', 1, 243, 30, NULL, NULL),
(248, '', 'Asisten Tanaman Afd. IV', 1, 243, 30, NULL, NULL),
(249, '', 'Asisten Tanaman KKPA Bumi Asih dan Kopontren', 1, 243, 30, NULL, NULL),
(250, '', 'Asisten  Teknik Umum', 1, 243, 30, NULL, NULL),
(251, '', 'Asisten Administrasi Keuangan', 1, 243, 30, NULL, NULL),
(252, '', 'Asisten Administrasi SDM/Umum', 1, 243, 30, NULL, NULL),
(253, '', 'Manajer PKS', 0, NULL, 31, NULL, NULL),
(254, '', 'Masinis Kepala Pabrik PKO', 1, 253, 31, NULL, NULL),
(255, '', 'Asisten Teknik Pabrik PKS', 1, 253, 31, NULL, NULL),
(256, '', 'Asisten Teknik Pabrik - Pabrik PKO', 1, 253, 31, NULL, NULL),
(257, '', 'Asisten Pengendalian Mutu PKS', 1, 253, 31, NULL, NULL),
(258, '', 'Asisten  Pengolahan PKS', 1, 253, 31, NULL, NULL),
(259, '', 'Asisten  Pengolahan PKS', 1, 253, 31, NULL, NULL),
(260, '', 'Asisten Pengolahan Pabrik PKO', 1, 253, 31, NULL, NULL),
(261, '', 'Asisten Pengolahan Pabrik PKO', 1, 253, 31, NULL, NULL),
(262, '', 'Asisten Administrasi  Keuangan & Umum PKS', 1, 253, 31, NULL, NULL),
(263, '', 'Asisten Administrasi Keuangan dan Umum Pabrik PKO - PKS Tandun', 1, 253, 31, NULL, NULL),
(264, '', 'Asisten Administrasi Keuangan dan Umum diperbantukan kepada Asisten Administrasi Keuangan dan Umum PKS Tandun', 1, 253, 31, NULL, NULL),
(265, '', 'Manajer PKS', 0, NULL, 32, NULL, NULL),
(266, '', 'Asisten Teknik Pabrik ', 1, 265, 32, NULL, NULL),
(267, '', 'Asisten Pengendalian Mutu', 1, 265, 32, NULL, NULL),
(268, '', 'Asisten Pengolahan', 1, 265, 32, NULL, NULL),
(269, '', 'Asisten Pengolahan', 1, 265, 32, NULL, NULL),
(270, '', 'Asisten Pabrik Kompos', 1, 265, 32, NULL, NULL),
(271, '', 'Asisten Administrasi  Keuangan dan Umum', 1, 265, 32, NULL, NULL),
(272, '', 'General Manager', 0, NULL, 5, NULL, NULL),
(273, '', 'Kepala Urusan Tanaman', 1, 272, 5, NULL, NULL),
(274, '', 'Asisten Urusan Tanaman', 2, 273, 5, NULL, NULL),
(275, '', 'Kepala Urusan Teknik/Pengolahan', 1, 272, 5, NULL, NULL),
(276, '', 'Asisten Urusan Teknik/Pengolahan', 2, 275, 5, NULL, NULL),
(277, '', 'Kepala Urusan Administrasi Keuangan, SDM & Umum', 1, 272, 5, NULL, NULL),
(278, '', 'Asisten Urusan Administrasi  Keuangan', 2, 277, 5, NULL, NULL),
(279, '', 'Asisten Urusan Administrasi SDM & Umum', 2, 277, 5, NULL, NULL),
(280, '', 'Kepala Urusan Operasional Pembelian TBS Plasma, Non Plasma dan Pengelolaan Plasma/KKPA', 1, 272, 5, NULL, NULL),
(281, '', 'Manajer Kebun', 0, NULL, 34, NULL, NULL),
(282, '', 'Asisten Kepala', 1, 281, 34, NULL, NULL),
(283, '', 'Asisten Tanaman Afd. I', 1, 281, 34, NULL, NULL),
(284, '', 'Asisten Tanaman Afd. II', 1, 281, 34, NULL, NULL),
(285, '', 'Asisten Tanaman Afd.III', 1, 281, 34, NULL, NULL),
(286, '', 'Asisten Tanaman Afd. IV', 1, 281, 34, NULL, NULL),
(287, '', 'Asisten Tanaman Afd. V', 1, 281, 34, NULL, NULL),
(288, '', 'Asisten Teknik Umum', 1, 281, 34, NULL, NULL),
(289, '', 'Asisten Administrasi Keuangan', 1, 281, 34, NULL, NULL),
(290, '', 'Asisten Administrasi SDM/Umum', 1, 281, 34, NULL, NULL),
(291, '', 'Manajer Kebun', 0, NULL, 35, NULL, NULL),
(292, '', 'Asisten Kepala', 1, 291, 35, NULL, NULL),
(293, '', 'Asisten Tanaman Afd. I', 1, 291, 35, NULL, NULL),
(294, '', 'Asisten Tanaman Afd. II', 1, 291, 35, NULL, NULL),
(295, '', 'Asisten Tanaman Afd.III', 1, 291, 35, NULL, NULL),
(296, '', 'Asisten Tanaman Afd. IV', 1, 291, 35, NULL, NULL),
(297, '', 'Asisten Teknik Umum', 1, 291, 35, NULL, NULL),
(298, '', 'Asisten Administrasi Keuangan', 1, 291, 35, NULL, NULL),
(299, '', 'Asisten Administrasi SDM/Umum', 1, 291, 35, NULL, NULL),
(300, '', 'Manajer Kebun', 0, NULL, 36, NULL, NULL),
(301, '', 'Asisten Kepala Kebun KKPA Sei Pagar', 1, 300, 36, NULL, NULL),
(302, '', 'Asisten Kepala Kebun Inti Sei Pagar', 1, 300, 36, NULL, NULL),
(303, '', 'Asisten Tanaman Afd. I', 1, 300, 36, NULL, NULL),
(304, '', 'Asisten Tanaman Afd. II', 1, 300, 36, NULL, NULL),
(305, '', 'Asisten Tanaman Afd. III', 1, 300, 36, NULL, NULL),
(306, '', 'Asisten Tanaman Afd. IV', 1, 300, 36, NULL, NULL),
(307, '', 'Asisten Tanaman KKPA Sukses Makmur', 1, 300, 36, NULL, NULL),
(308, '', 'Asisten Tanaman KKPA Iyo Basamo', 1, 300, 36, NULL, NULL),
(309, '', 'Asisten Tanaman KKPA Sawit Makmur (1.150 Ha)', 1, 300, 36, NULL, NULL),
(310, '', 'Asisten Tanaman KKPA Sawit Makmur (500 Ha)', 1, 300, 36, NULL, NULL),
(311, '', 'Asisten Tanaman KKPA Hidup Baru', 1, 300, 36, NULL, NULL),
(312, '', 'Asisten Teknik Umum', 1, 300, 36, NULL, NULL),
(313, '', 'Asisten Administrasi  Keuangan ', 1, 300, 36, NULL, NULL),
(314, '', 'Asisten Administrasi SDM/Umum', 1, 300, 36, NULL, NULL),
(315, '', 'Manajer Kebun', 0, NULL, 37, NULL, NULL),
(316, '', 'Asisten Kepala', 1, 315, 37, NULL, NULL),
(317, '', 'Asisten Tanaman Afd. I', 1, 315, 37, NULL, NULL),
(318, '', 'Asisten Tanaman Afd. II', 1, 315, 37, NULL, NULL),
(319, '', 'Asisten Tanaman Afd. III', 1, 315, 37, NULL, NULL),
(320, '', 'Asisten Tanaman Afd. IV', 1, 315, 37, NULL, NULL),
(321, '', 'Asisten Tanaman Afd. V', 1, 315, 37, NULL, NULL),
(322, '', 'Asisten Tanaman Afd. VI', 1, 315, 37, NULL, NULL),
(323, '', 'Asisten Teknik  Umum', 1, 315, 37, NULL, NULL),
(324, '', 'Asisten Administrasi  Keuangan ', 1, 315, 37, NULL, NULL),
(325, '', 'Asisten Administrasi SDM/Umum', 1, 315, 37, NULL, NULL),
(326, '', 'Manajer Kebun', 0, NULL, 38, NULL, NULL),
(327, '', 'Asisten Kepala', 1, 326, 38, NULL, NULL),
(328, '', 'Asisten Tanaman Afd. I', 1, 326, 38, NULL, NULL),
(329, '', 'Asisten Tanaman Afd. II', 1, 326, 38, NULL, NULL),
(330, '', 'Asisten Tanaman Afd. III', 1, 326, 38, NULL, NULL),
(331, '', 'Asisten Teknik Umum', 1, 326, 38, NULL, NULL),
(332, '', 'Asisten Administrasi Keuangan', 1, 326, 38, NULL, NULL),
(333, '', 'Asisten Administrasi SDM/Umum', 1, 326, 38, NULL, NULL),
(334, '', 'Manajer Kebun', 0, NULL, 39, NULL, NULL),
(335, '', 'Asisten Kepala  Rayon TPU Kebun Plasma SGO/SPA/TPU/SGH ', 1, 334, 39, NULL, NULL),
(336, '', 'Asisten Kepala  Rayon SGO Kebun Plasma SGO/SPA/TPU/SGH ', 1, 334, 39, NULL, NULL),
(337, '', 'Asisten Kepala  Rayon SGH Kebun Plasma SGO/SPA/TPU/SGH ', 1, 334, 39, NULL, NULL),
(338, '', 'Asisten Administrasi SDM/Umum', 1, 334, 39, NULL, NULL),
(339, '', 'Manajer PKS', 0, NULL, 40, NULL, NULL),
(340, '', 'Asisten Teknik Pabrik', 1, 339, 40, NULL, NULL),
(341, '', 'Asisten Pengendalian Mutu', 1, 339, 40, NULL, NULL),
(342, '', 'Asisten  Pengolahan', 1, 339, 40, NULL, NULL),
(343, '', 'Asisten Administrasi  Keuangan dan Umum', 1, 339, 40, NULL, NULL),
(344, '', 'Masinis Kepala', 0, NULL, 42, NULL, NULL),
(345, '', 'Asisten Teknik Pabrik', 1, 344, 42, NULL, NULL),
(346, '', 'Asisten Pengendalian Mutu', 1, 344, 42, NULL, NULL),
(347, '', 'Asisten  Pengolahan', 1, 344, 42, NULL, NULL),
(348, '', 'Asisten Administrasi  Keuangan dan Umum', 1, 344, 42, NULL, NULL),
(349, '', 'Manajer PKS', 0, NULL, 41, NULL, NULL),
(350, '', 'Asisten Teknik Pabrik', 1, 349, 41, NULL, NULL),
(351, '', 'Asisten Pengendalian Mutu', 1, 349, 41, NULL, NULL),
(352, '', 'Asisten  Pengolahan', 1, 349, 41, NULL, NULL),
(353, '', 'Asisten Administrasi  Keuangan dan Umum', 1, 349, 41, NULL, NULL),
(354, '', 'Masinis Kepala', 0, NULL, 44, NULL, NULL),
(355, '', 'Asisten Teknik Pabrik', 1, 354, 44, NULL, NULL),
(356, '', 'Asisten Pengendalian Mutu', 1, 354, 44, NULL, NULL),
(357, '', 'Asisten  Pengolahan', 1, 354, 44, NULL, NULL),
(358, '', 'Asisten Administrasi  Keuangan dan Umum', 1, 354, 44, NULL, NULL),
(359, '', 'Masinis Kepala', 0, NULL, 43, NULL, NULL),
(360, '', 'Asisten Teknik Pabrik', 1, 359, 43, NULL, NULL),
(361, '', 'Asisten Pengendalian Mutu', 1, 359, 43, NULL, NULL),
(362, '', 'Asisten  Pengolahan', 1, 359, 43, NULL, NULL),
(363, '', 'Asisten Administrasi  Keuangan dan Umum', 1, 359, 43, NULL, NULL),
(364, '', 'General Manager', 0, NULL, 6, NULL, NULL),
(365, '', 'Kepala Urusan Tanaman', 1, 364, 6, NULL, NULL),
(366, '', 'Asisten Urusan Tanaman', 2, 365, 6, NULL, NULL),
(367, '', 'Kepala Urusan Teknik/Pengolahan', 1, 364, 6, NULL, NULL),
(368, '', 'Asisten Urusan Teknik/Pengolahan', 2, 367, 6, NULL, NULL),
(369, '', 'Kepala Urusan Administrasi Keuangan, SDM & Umum', 1, 364, 6, NULL, NULL),
(370, '', 'Asisten Urusan Administrasi  Keuangan', 2, 369, 6, NULL, NULL),
(371, '', 'Asisten Urusan Administrasi SDM & Umum', 2, 369, 6, NULL, NULL),
(372, '', 'Manajer Kebun', 0, NULL, 45, NULL, NULL),
(373, '', 'Asisten Kepala Rayon A', 1, 372, 45, NULL, NULL),
(374, '', 'Asisten Kepala Rayon B', 1, 372, 45, NULL, NULL),
(375, '', 'Asisten Tanaman Afd. I', 1, 372, 45, NULL, NULL),
(376, '', 'Asisten Tanaman Afd. II', 1, 372, 45, NULL, NULL),
(377, '', 'Asisten Tanaman Afd. III', 1, 372, 45, NULL, NULL),
(378, '', 'Asisten Tanaman Afd. IV', 1, 372, 45, NULL, NULL),
(379, '', 'Asisten Tanaman Afd. V', 1, 372, 45, NULL, NULL),
(380, '', 'Asisten Tanaman Afd. VI', 1, 372, 45, NULL, NULL),
(381, '', 'Asisten Tanaman Afd. VII', 1, 372, 45, NULL, NULL),
(382, '', 'Asisten Tanaman Afd. VIII', 1, 372, 45, NULL, NULL),
(383, '', 'Asisten Tanaman Afd. IX', 1, 372, 45, NULL, NULL),
(384, '', 'Asisten Tanaman Afd. X', 1, 372, 45, NULL, NULL),
(385, '', 'Asisten Tanaman Afd. XI', 1, 372, 45, NULL, NULL),
(386, '', 'Asisten Tanaman Afd. XII', 1, 372, 45, NULL, NULL),
(387, '', 'Asisten Teknik Umum', 1, 372, 45, NULL, NULL),
(388, '', 'Asisten Administrasi Keuangan', 1, 372, 45, NULL, NULL),
(389, '', 'Asisten Administrasi Keuangan diperbantukan kepada Asisten Administrasi Keuangan ', 1, 372, 45, NULL, NULL),
(390, '', 'Asisten Administrasi SDM/Umum', 1, 372, 45, NULL, NULL),
(391, '', 'Asisten Administrasi SDM/Umum diperbantukan kepada Asisten Administrasi SDM/Umum  ', 1, 372, 45, NULL, NULL),
(392, '', 'Manajer Kebun', 0, NULL, 46, NULL, NULL),
(393, '', 'Asisten Kepala', 1, 392, 46, NULL, NULL),
(394, '', 'Asisten Tanaman Afd. I', 1, 392, 46, NULL, NULL),
(395, '', 'Asisten Tanaman Afd. II', 1, 392, 46, NULL, NULL),
(396, '', 'Asisten Tanaman Afd. III', 1, 392, 46, NULL, NULL),
(397, '', 'Asisten Tanaman Afd. IV', 1, 392, 46, NULL, NULL),
(398, '', 'Asisten Teknik Umum', 1, 392, 46, NULL, NULL),
(399, '', 'Asisten Administrasi  Keuangan', 1, 392, 46, NULL, NULL),
(400, '', 'Asisten Administrasi Keuangan diperbantukan kepada Asisten Administrasi Keuangan ', 1, 392, 46, NULL, NULL),
(401, '', 'Asisten Administrasi SDM/Umum', 1, 392, 46, NULL, NULL),
(402, '', 'Manajer Kebun', 0, NULL, 47, NULL, NULL),
(403, '', 'Asisten Kepala ', 1, 402, 47, NULL, NULL),
(404, '', 'Asisten Tanaman Afd. I', 1, 402, 47, NULL, NULL),
(405, '', 'Asisten Tanaman Afd. II', 1, 402, 47, NULL, NULL),
(406, '', 'Asisten Tanaman Afd. III', 1, 402, 47, NULL, NULL),
(407, '', 'Asisten Tanaman Afd. IV', 1, 402, 47, NULL, NULL),
(408, '', 'Asisten Teknik Umum', 1, 402, 47, NULL, NULL),
(409, '', 'Asisten Administrasi  Keuangan', 1, 402, 47, NULL, NULL),
(410, '', 'Asisten Administrasi SDM/Umum', 1, 402, 47, NULL, NULL),
(411, '', 'Manajer Kebun', 0, NULL, 48, NULL, NULL),
(412, '', 'Asisten Kepala ', 1, 411, 48, NULL, NULL),
(413, '', 'Asisten Tanaman Afd. I', 1, 411, 48, NULL, NULL),
(414, '', 'Asisten Tanaman Afd. II', 1, 411, 48, NULL, NULL),
(415, '', 'Asisten Tanaman Afd. III', 1, 411, 48, NULL, NULL),
(416, '', 'Asisten Tanaman Afd. IV', 1, 411, 48, NULL, NULL),
(417, '', 'Asisten Teknik Umum', 1, 411, 48, NULL, NULL),
(418, '', 'Asisten Administrasi  Keuangan', 1, 411, 48, NULL, NULL),
(419, '', 'Asisten Administrasi SDM/Umum', 1, 411, 48, NULL, NULL),
(420, '', 'Manajer Kebun', 0, NULL, 49, NULL, NULL),
(421, '', 'Asisten Kepala Rayon SIN Kebun Plasma STA/SSI/SIN', 1, 420, 49, NULL, NULL),
(422, '', 'Asisten Kepala Rayon STA Kebun Plasma STA/SSI/SIN', 1, 420, 49, NULL, NULL),
(423, '', 'Asisten Administrasi  Keuangan dan Umum', 1, 420, 49, NULL, NULL),
(424, '', 'Manajer PKS', 0, NULL, 50, NULL, NULL),
(425, '', 'Asisten Teknik Pabrik', 1, 424, 50, NULL, NULL),
(426, '', 'Asisten Pengendalian Mutu', 1, 424, 50, NULL, NULL),
(427, '', 'Asisten Pabrik Kompos', 1, 424, 50, NULL, NULL),
(428, '', 'Asisten  Pengolahan', 1, 424, 50, NULL, NULL),
(429, '', 'Asisten Administrasi  Keuangan dan Umum', 1, 424, 50, NULL, NULL),
(430, '', 'Manajer PKS', 0, NULL, 51, NULL, NULL),
(431, '', 'Asisten Teknik Pabrik', 1, 430, 51, NULL, NULL),
(432, '', 'Asisten Pengendalian Mutu', 1, 430, 51, NULL, NULL),
(433, '', 'Asisten  Pengolahan', 1, 430, 51, NULL, NULL),
(434, '', 'Asisten Administrasi  Keuangan dan Umum', 1, 430, 51, NULL, NULL),
(435, '', 'Manajer PKS', 0, NULL, 52, NULL, NULL),
(436, '', 'Asisten Teknik Pabrik', 1, 435, 52, NULL, NULL),
(437, '', 'Asisten Pengendalian Mutu', 1, 435, 52, NULL, NULL),
(438, '', 'Asisten  Pengolahan', 1, 435, 52, NULL, NULL),
(439, '', 'Asisten Administrasi  Keuangan dan Umum', 1, 435, 52, NULL, NULL),
(440, '', 'General Manager', 0, NULL, 8, NULL, NULL),
(441, '', 'Kepala Urusan Tanaman', 1, 440, 8, NULL, NULL),
(442, '', 'Asisten Urusan Tanaman', 2, 441, 8, NULL, NULL),
(443, '', 'Kepala Urusan Teknik/Pengolahan', 1, 440, 8, NULL, NULL),
(444, '', 'Asisten Urusan Teknik/Pengolahan', 2, 443, 8, NULL, NULL),
(445, '', 'Kepala Urusan Administrasi Keuangan, SDM & Umum', 1, 440, 8, NULL, NULL),
(446, '', 'Asisten Urusan Administrasi  Keuangan', 2, 445, 8, NULL, NULL),
(447, '', 'Asisten Urusan Administrasi SDM & Umum', 2, 445, 8, NULL, NULL),
(448, '', 'Manajer Kebun', 0, NULL, 53, NULL, NULL),
(449, '', 'Asisten Kepala ', 1, 448, 53, NULL, NULL),
(450, '', 'Asisten Tanaman Afd. I', 1, 448, 53, NULL, NULL),
(451, '', 'Asisten Tanaman Afd. II', 1, 448, 53, NULL, NULL),
(452, '', 'Asisten Tanaman Afd. III', 1, 448, 53, NULL, NULL),
(453, '', 'Asisten Tanaman Afd. IV', 1, 448, 53, NULL, NULL),
(454, '', 'Asisten Tanaman Afd. V', 1, 448, 53, NULL, NULL),
(455, '', 'Asisten Tanaman Afd. VI', 1, 448, 53, NULL, NULL),
(456, '', 'Asisten Teknik Umum', 1, 448, 53, NULL, NULL),
(457, '', 'Asisten Administrasi Keuangan', 1, 448, 53, NULL, NULL),
(458, '', 'Asisten Administrasi SDM/Umum', 1, 448, 53, NULL, NULL),
(459, '', 'Manajer Kebun', 0, NULL, 54, NULL, NULL),
(460, '', 'Asisten Kepala', 1, 459, 54, NULL, NULL),
(461, '', 'Asisten Tanaman Afd. I', 1, 459, 54, NULL, NULL),
(462, '', 'Asisten Tanaman Afd. II', 1, 459, 54, NULL, NULL),
(463, '', 'Asisten Tanaman Afd. III', 1, 459, 54, NULL, NULL),
(464, '', 'Asisten Tanaman Afd. IV', 1, 459, 54, NULL, NULL),
(465, '', 'Asisten Teknik Umum', 1, 459, 54, NULL, NULL),
(466, '', 'Asisten Administrasi  Keuangan ', 1, 459, 54, NULL, NULL),
(467, '', 'Asisten Administrasi SDM/Umum', 1, 459, 54, NULL, NULL),
(468, '', 'Manajer Kebun', 0, NULL, 55, NULL, NULL),
(469, '', 'Asisten Kepala Rayon Pesikaian', 1, 468, 55, NULL, NULL),
(470, '', 'Asisten Kepala Kebun Inti/KKPA', 1, 468, 55, NULL, NULL),
(471, '', 'Asisten Tanaman Afd. I', 1, 468, 55, NULL, NULL),
(472, '', 'Asisten Tanaman Afd. II', 1, 468, 55, NULL, NULL),
(473, '', 'Asisten Tanaman Afd. III', 1, 468, 55, NULL, NULL),
(474, '', 'Asisten Tanaman Afd. IV', 1, 468, 55, NULL, NULL),
(475, '', 'Asisten Tanaman Afd. V', 1, 468, 55, NULL, NULL),
(476, '', 'Asisten Tanaman Afd. VI', 1, 468, 55, NULL, NULL),
(477, '', 'Asisten Tanaman Afd.  VII (Rayon Pesikaian)', 1, 468, 55, NULL, NULL),
(478, '', 'Asisten Tanaman Afd. VIII (Rayon Pesikaian)', 1, 468, 55, NULL, NULL),
(479, '', 'Asisten Tanaman Afd. IX (Rayon Pesikaian)', 1, 468, 55, NULL, NULL),
(480, '', 'Asisten Teknik Umum', 1, 468, 55, NULL, NULL),
(481, '', 'Asisten Administrasi  Keuangan', 1, 468, 55, NULL, NULL),
(482, '', 'Asisten Administrasi SDM/Umum diperbantukan kepada Asisten Administrasi SDM/Umum ', 1, 468, 55, NULL, NULL),
(483, '', 'Asisten Administrasi SDM/Umum', 1, 468, 55, NULL, NULL),
(484, '', 'Manajer Kebun', 0, NULL, 56, NULL, NULL),
(485, '', 'Manajer Kebun', 0, NULL, 58, NULL, NULL),
(486, '', 'Asisten Kepala Rayon SBT Kebun Plasma SBT/LDA', 1, 485, 58, NULL, NULL),
(487, '', 'Asisten Kepala Rayon LDA Kebun Plasma SBT/LDA', 1, 485, 58, NULL, NULL),
(488, '', 'Asisten Administrasi  Keuangan dan Umum', 1, 485, 58, NULL, NULL),
(489, '', 'Manajer PKS', 0, NULL, 59, NULL, NULL),
(490, '', 'AsistenTeknik Pabrik ', 1, 489, 59, NULL, NULL),
(491, '', 'Asisten Pengendalian Mutu', 1, 489, 59, NULL, NULL),
(492, '', 'Asisten Pengolahan', 1, 489, 59, NULL, NULL),
(493, '', 'Asisten Administrasi  Keuangan dan Umum', 1, 489, 59, NULL, NULL),
(494, '', 'Manajer PKS', 0, NULL, 60, NULL, NULL),
(495, '', 'Asisten Teknik Pabrik ', 1, 494, 60, NULL, NULL),
(496, '', 'Asisten Pengendalian Mutu', 1, 494, 60, NULL, NULL),
(497, '', 'Asisten Pengolahan', 1, 494, 60, NULL, NULL),
(498, '', 'Asisten Administrasi  Keuangan dan Umum', 1, 494, 60, NULL, NULL),
(499, '', 'Kepala Unit PPKR', 0, NULL, 57, NULL, NULL),
(500, '', 'Asisten Pengolahan ', 1, 499, 57, NULL, NULL),
(501, '', 'Asisten Administrasi  Keuangan ', 1, 499, 57, NULL, NULL),
(502, '', 'Asisten Urs. Administrasi SDM & Umum', 1, 499, 57, NULL, NULL),
(503, '', 'Site Manager Pembangunan PKS Air Molek', 0, NULL, 61, NULL, NULL),
(504, '', 'Kepala Unit Rumah Sakit', 0, NULL, 62, NULL, NULL),
(505, '', 'Asisten Urusan Medis/Dokter Rumah Sakit ', 1, 504, 62, NULL, NULL),
(506, '', 'Kepala Perawat Rumah Sakit', 1, 504, 62, NULL, NULL),
(507, '', 'Asisten Administrasi  Keuangan dan Umum', 1, 504, 62, NULL, NULL),
(508, '', 'Kepala Unit Rumah Sakit', 0, NULL, 63, NULL, NULL),
(509, '', 'Asisten Urusan Medis/Dokter Rumah Sakit ', 1, 508, 63, NULL, NULL),
(510, '', 'Kepala Perawat Rumah Sakit', 1, 508, 63, NULL, NULL),
(511, '', 'Asisten Administrasi  Keuangan dan Umum', 1, 508, 63, NULL, NULL),
(512, '', 'Kepala Unit Rumah Sakit', 0, NULL, 64, NULL, NULL),
(513, '', 'Asisten Urusan Medis/Dokter Rumah Sakit ', 1, 512, 64, NULL, NULL),
(514, '', 'Asisten Administrasi  Keuangan dan Umum', 1, 512, 64, NULL, NULL),
(515, '', 'Kepala Unit Usaha Peternakan Sapi Berbasis Sistem Integrasi Sapi Kelapa sawit (Siska)', 0, NULL, 65, NULL, NULL),
(516, '', 'Asisten Kepala', 1, 515, 65, NULL, NULL),
(517, '', 'Asisten Operasional SISKA', 1, 515, 65, NULL, NULL),
(518, '', 'Asisten Administrasi Keuangan dan Umum Unit Usaha Peternakan Sapi Berbasis SISKA', 1, 515, 65, NULL, NULL),
(519, NULL, 'Asisten Urusan Personalia Kry. Gol IA-IID', 2, 107, 20, 2, NULL),
(520, '', 'Asisten Kepala', 1, 484, 56, NULL, NULL),
(521, '', 'Asisten Tanaman Afd. I', 1, 484, 56, NULL, NULL),
(522, '', 'Asisten Tanaman Afd. II', 1, 484, 56, NULL, NULL),
(523, '', 'Asisten Tanaman Afd. III', 1, 484, 56, NULL, NULL),
(524, '', 'Asisten Tanaman Afd. IV', 1, 484, 56, NULL, NULL),
(525, '', 'Asisten Tanaman Afd. V', 1, 484, 56, NULL, NULL),
(526, '', 'Asisten Tanaman Afd. VI', 1, 484, 56, NULL, NULL),
(527, '', 'Asisten Tanaman Afd. VII (Rayon Bongkal Malang)', 1, 484, 56, NULL, NULL),
(528, '', 'Asisten Teknik Umum', 1, 484, 56, NULL, NULL),
(529, '', 'Asisten Administrasi Keuangan', 1, 484, 56, NULL, NULL),
(530, '', 'Asisten Administrasi SDM/Umum', 1, 484, 56, NULL, NULL);

--
-- Dumping data for table `w_option`
--

INSERT INTO `w_option` (`id`, `name`, `value`) VALUES
(1, 'cbr_mkh', '{"a":{"a-":{"n":{"1":38,"2":43,"3":50},"i":{"1":50,"2":57,"3":66},"ii":{"1":66,"2":76,"3":87},"iii":{"1":87,"2":100,"3":115},"iv":{"1":115,"2":132,"3":152}},"a":{"n":{"1":43,"2":50,"3":57},"i":{"1":57,"2":66,"3":76},"ii":{"1":76,"2":87,"3":100},"iii":{"1":100,"2":115,"3":132},"iv":{"1":132,"2":152,"3":176}},"a+":{"n":{"1":50,"2":57,"3":66},"i":{"1":66,"2":76,"3":87},"ii":{"1":87,"2":100,"3":115},"iii":{"1":115,"2":132,"3":152},"iv":{"1":152,"2":175,"3":200}}},"b":{"b-":{"n":{"1":50,"2":57,"3":66},"i":{"1":66,"2":76,"3":87},"ii":{"1":87,"2":100,"3":115},"iii":{"1":115,"2":132,"3":152},"iv":{"1":152,"2":175,"3":200}},"b":{"n":{"1":57,"2":66,"3":76},"i":{"1":76,"2":87,"3":100},"ii":{"1":100,"2":115,"3":132},"iii":{"1":132,"2":152,"3":175},"iv":{"1":175,"2":200,"3":230}},"b+":{"n":{"1":66,"2":76,"3":87},"i":{"1":87,"2":100,"3":115},"ii":{"1":115,"2":132,"3":152},"iii":{"1":152,"2":175,"3":200},"iv":{"1":200,"2":230,"3":264}}},"c":{"c-":{"n":{"1":66,"2":76,"3":87},"i":{"1":87,"2":100,"3":115},"ii":{"1":115,"2":132,"3":152},"iii":{"1":152,"2":175,"3":200},"iv":{"1":200,"2":230,"3":264}},"c":{"n":{"1":76,"2":87,"3":100},"i":{"1":100,"2":115,"3":132},"ii":{"1":132,"2":152,"3":175},"iii":{"1":175,"2":200,"3":230},"iv":{"1":230,"2":264,"3":304}},"c+":{"n":{"1":87,"2":100,"3":115},"i":{"1":115,"2":132,"3":152},"ii":{"1":152,"2":175,"3":200},"iii":{"1":200,"2":230,"3":264},"iv":{"1":264,"2":304,"3":350}}},"d":{"d-":{"n":{"1":87,"2":100,"3":115},"i":{"1":115,"2":132,"3":152},"ii":{"1":152,"2":175,"3":200},"iii":{"1":200,"2":230,"3":264},"iv":{"1":264,"2":304,"3":350}},"d":{"n":{"1":100,"2":115,"3":132},"i":{"1":132,"2":152,"3":175},"ii":{"1":175,"2":200,"3":230},"iii":{"1":230,"2":264,"3":304},"iv":{"1":304,"2":350,"3":400}},"d+":{"n":{"1":115,"2":132,"3":152},"i":{"1":152,"2":175,"3":200},"ii":{"1":200,"2":230,"3":264},"iii":{"1":264,"2":304,"3":350},"iv":{"1":350,"2":400,"3":460}}},"e":{"e-":{"n":{"1":115,"2":132,"3":152},"i":{"1":152,"2":175,"3":200},"ii":{"1":200,"2":230,"3":264},"iii":{"1":264,"2":304,"3":350},"iv":{"1":350,"2":400,"3":460}},"e":{"n":{"1":132,"2":152,"3":175},"i":{"1":175,"2":200,"3":230},"ii":{"1":230,"2":264,"3":304},"iii":{"1":304,"2":350,"3":400},"iv":{"1":400,"2":460,"3":528}},"e+":{"n":{"1":152,"2":175,"3":200},"i":{"1":200,"2":230,"3":264},"ii":{"1":264,"2":304,"3":350},"iii":{"1":350,"2":400,"3":460},"iv":{"1":460,"2":528,"3":608}}},"f":{"f-":{"n":{"1":152,"2":175,"3":200},"i":{"1":200,"2":230,"3":264},"ii":{"1":264,"2":304,"3":350},"iii":{"1":350,"2":400,"3":460},"iv":{"1":460,"2":528,"3":608}},"f":{"n":{"1":175,"2":200,"3":230},"i":{"1":230,"2":264,"3":304},"ii":{"1":304,"2":350,"3":400},"iii":{"1":400,"2":460,"3":528},"iv":{"1":528,"2":608,"3":700}},"f+":{"n":{"1":200,"2":230,"3":264},"i":{"1":264,"2":304,"3":350},"ii":{"1":350,"2":400,"3":460},"iii":{"1":460,"2":528,"3":608},"iv":{"1":608,"2":700,"3":800}}},"g":{"g-":{"n":{"1":200,"2":230,"3":264},"i":{"1":264,"2":304,"3":350},"ii":{"1":350,"2":400,"3":460},"iii":{"1":460,"2":528,"3":608},"iv":{"1":608,"2":700,"3":800}},"g":{"n":{"1":230,"2":264,"3":304},"i":{"1":304,"2":350,"3":400},"ii":{"1":400,"2":460,"3":528},"iii":{"1":528,"2":608,"3":700},"iv":{"1":700,"2":800,"3":920}},"g+":{"n":{"1":264,"2":304,"3":350},"i":{"1":350,"2":400,"3":460},"ii":{"1":460,"2":528,"3":608},"iii":{"1":608,"2":700,"3":800},"iv":{"1":800,"2":920,"3":1056}}},"h":{"h-":{"n":{"1":264,"2":304,"3":350},"i":{"1":350,"2":400,"3":460},"ii":{"1":460,"2":528,"3":608},"iii":{"1":608,"2":700,"3":800},"iv":{"1":800,"2":920,"3":1056}},"h":{"n":{"1":304,"2":350,"3":400},"i":{"1":400,"2":460,"3":528},"ii":{"1":528,"2":608,"3":700},"iii":{"1":700,"2":800,"3":920},"iv":{"1":920,"2":1056,"3":1216}},"h+":{"n":{"1":350,"2":400,"3":460},"i":{"1":460,"2":528,"3":608},"ii":{"1":608,"2":700,"3":800},"iii":{"1":800,"2":920,"3":1056},"iv":{"1":1056,"2":1216,"3":1400}}}}'),
(2, 'cbr_psv_', '{"a":{"a":{"1":10,"2":14,"3":19,"4":25,"5":33},"a+":{"1":12,"2":16,"3":22,"4":29,"5":38}},"b":{"b":{"1":12,"2":16,"3":22,"4":29,"5":38},"b+":{"1":14,"2":19,"3":25,"4":33,"5":43}},"c":{"c":{"1":14,"2":19,"3":25,"4":33,"5":43},"c+":{"1":16,"2":22,"3":29,"4":38,"5":50}},"d":{"d":{"1":16,"2":22,"3":29,"4":38,"5":50},"d+":{"1":19,"2":25,"3":33,"4":43,"5":57}},"e":{"e":{"1":19,"2":25,"3":33,"4":43,"5":57},"e+":{"1":22,"2":29,"3":38,"4":50,"5":66}},"f":{"f":{"1":22,"2":29,"3":38,"4":50,"5":66},"f+":{"1":25,"2":33,"3":43,"4":57,"5":76}},"g":{"g":{"1":25,"2":33,"3":43,"4":57,"5":76},"g+":{"1":29,"2":38,"3":50,"4":66,"5":87}},"h":{"h":{"1":29,"2":38,"3":50,"4":66,"5":87},"h+":{"1":33,"2":43,"3":57,"4":76,"5":100}}}'),
(3, 'cbr_acc', '{"a":{"a":"8","b":"10","c":"14","d":"19","1":{"r":"10","c":"14","s":"19","p":"25"},"2":{"r":"14","c":"19","s":"25","p":"33"},"3":{"r":"19","c":"25","s":"33","p":"43"},"4":{"r":"25","c":"33","s":"43","p":"57"},"5":{"r":"33","c":"43","s":"57","p":"76"}},"b":{"a":"12","b":"16","c":"22","d":"29","1":{"r":"16","c":"22","s":"29","p":"38"},"2":{"r":"22","c":"29","s":"38","p":"50"},"3":{"r":"29","c":"38","s":"50","p":"66"},"4":{"r":"38","c":"50","s":"66","p":"87"},"5":{"r":"50","c":"66","s":"87","p":"115"}},"c":{"a":"19","b":"25","c":"33","d":"43","1":{"r":"25","c":"33","s":"43","p":"57"},"2":{"r":"33","c":"43","s":"57","p":"76"},"3":{"r":"43","c":"57","s":"76","p":"100"},"4":{"r":"57","c":"76","s":"100","p":"132"},"5":{"r":"76","c":"100","s":"132","p":"175"}},"d":{"a":"29","b":"38","c":"50","d":"66","1":{"r":"38","c":"50","s":"66","p":"87"},"2":{"r":"50","c":"66","s":"87","p":"115"},"3":{"r":"66","c":"87","s":"115","p":"152"},"4":{"r":"87","c":"115","s":"152","p":"200"},"5":{"r":"115","c":"152","s":"200","p":"264"}},"e":{"a":"43","b":"57","c":"76","d":"100","1":{"r":"57","c":"76","s":"100","p":"132"},"2":{"r":"76","c":"100","s":"132","p":"175"},"3":{"r":"100","c":"132","s":"175","p":"230"},"4":{"r":"132","c":"175","s":"230","p":"304"},"5":{"r":"175","c":"230","s":"304","p":"400"}},"f":{"a":"66","b":"87","c":"115","d":"152","1":{"r":"87","c":"115","s":"152","p":"200"},"2":{"r":"115","c":"152","s":"200","p":"264"},"3":{"r":"152","c":"200","s":"264","p":"350"},"4":{"r":"200","c":"264","s":"350","p":"460"},"5":{"r":"264","c":"350","s":"460","p":"608"}},"g":{"a":"100","b":"132","c":"175","d":"230","1":{"r":"132","c":"175","s":"230","p":"304"},"2":{"r":"175","c":"230","s":"304","p":"400"},"3":{"r":"230","c":"304","s":"400","p":"528"},"4":{"r":"304","c":"400","s":"528","p":"700"},"5":{"r":"400","c":"528","s":"700","p":"920"}}}'),
(4, 'cbr_psp', '{"87":{"38":33,"43":38,"50":43,"57":50,"66":57,"76":66,"87":76,"100":87,"115":100,"132":115,"152":132,"175":152,"200":175,"230":200,"264":230,"304":264,"350":304,"400":350,"460":400,"528":460,"608":528,"700":608,"800":700,"920":800,"1056":920,"1216":1056,"1400":1216,"1600":1400,"1840":1600,"2112":1840,"2432":2112,"2800":2432,"3200":2800},"76":{"38":29,"43":33,"50":38,"57":43,"66":50,"76":57,"87":66,"100":76,"115":87,"132":100,"152":115,"175":132,"200":152,"230":175,"264":200,"304":230,"350":264,"400":304,"460":350,"528":400,"608":460,"700":528,"800":608,"920":700,"1056":800,"1216":920,"1400":1056,"1600":1216,"1840":1400,"2112":1600,"2432":1840,"2800":2112,"3200":2432},"65":{"38":25,"43":29,"50":33,"57":38,"66":43,"76":50,"87":57,"100":66,"115":76,"132":87,"152":100,"175":115,"200":132,"230":152,"264":175,"304":200,"350":230,"400":264,"460":304,"528":350,"608":400,"700":460,"800":528,"920":608,"1056":700,"1216":800,"1400":920,"1600":1056,"1840":1216,"2112":1400,"2432":1600,"2800":1840,"3200":2112},"57":{"38":22,"43":25,"50":29,"57":33,"66":38,"76":43,"87":50,"100":57,"115":66,"132":76,"152":68,"175":100,"200":115,"230":132,"264":152,"304":175,"350":200,"400":230,"460":264,"528":304,"608":350,"700":400,"800":460,"920":528,"1056":608,"1216":700,"1400":800,"1600":920,"1840":1056,"2112":1216,"2432":1400,"2800":1600,"3200":1840},"50":{"38":19,"43":22,"50":25,"57":29,"66":33,"76":38,"87":43,"100":50,"115":57,"132":66,"152":76,"175":87,"200":100,"230":115,"264":132,"304":152,"350":175,"400":200,"460":230,"528":264,"608":304,"700":350,"800":400,"920":460,"1056":528,"1216":608,"1400":700,"1600":800,"1840":920,"2112":1056,"2432":1216,"2800":1400,"3200":1600},"43":{"38":16,"43":19,"50":22,"57":25,"66":29,"76":33,"87":38,"100":43,"115":50,"132":57,"152":66,"175":76,"200":87,"230":100,"264":115,"304":132,"350":152,"400":175,"460":200,"528":230,"608":264,"700":304,"800":350,"920":400,"1056":460,"1216":528,"1400":608,"1600":700,"1840":800,"2112":920,"2432":1056,"2800":1216,"3200":1400},"38":{"38":14,"43":16,"50":19,"57":22,"66":25,"76":29,"87":33,"100":38,"115":43,"132":50,"152":57,"175":66,"200":76,"230":87,"264":100,"304":115,"350":132,"400":152,"460":175,"528":200,"608":230,"700":264,"800":304,"920":350,"1056":400,"1216":460,"1400":528,"1600":608,"1840":700,"2112":800,"2432":920,"2800":1056,"3200":1216},"33":{"38":12,"43":14,"50":16,"57":19,"66":22,"76":25,"87":29,"100":33,"115":38,"132":43,"152":50,"175":57,"200":66,"230":76,"264":87,"304":100,"350":115,"400":132,"460":152,"528":175,"608":200,"700":230,"800":264,"920":304,"1056":350,"1216":400,"1400":460,"1600":528,"1840":608,"2112":700,"2432":800,"2800":920,"3200":1056},"29":{"38":10,"43":12,"50":14,"57":16,"66":19,"76":22,"87":25,"100":29,"115":33,"132":38,"152":43,"175":50,"200":57,"230":66,"264":76,"304":87,"350":100,"400":115,"460":132,"528":152,"608":175,"700":200,"800":230,"920":264,"1056":304,"1216":350,"1400":400,"1600":460,"1840":528,"2112":608,"2432":700,"2800":800,"3200":920},"25":{"38":9,"43":10,"50":12,"57":14,"66":16,"76":19,"87":22,"100":25,"115":29,"132":33,"152":38,"175":43,"200":50,"230":57,"264":66,"304":76,"350":87,"400":100,"460":115,"528":132,"608":152,"700":175,"800":200,"920":230,"1056":264,"1216":304,"1400":350,"1600":400,"1840":460,"2112":528,"2432":608,"2800":700,"3200":800},"22":{"38":8,"43":9,"50":10,"57":12,"66":14,"76":16,"87":19,"100":22,"115":25,"132":29,"152":33,"175":38,"200":43,"230":50,"264":57,"304":66,"350":76,"400":87,"460":100,"528":115,"608":132,"700":152,"800":175,"920":200,"1056":230,"1216":264,"1400":304,"1600":350,"1840":400,"2112":460,"2432":528,"2800":608,"3200":700},"19":{"38":7,"43":8,"50":9,"57":10,"66":12,"76":14,"87":16,"100":19,"115":22,"132":25,"152":29,"175":33,"200":38,"230":43,"264":50,"304":57,"350":66,"400":76,"460":87,"528":100,"608":115,"700":132,"800":152,"920":175,"1056":200,"1216":230,"1400":264,"1600":304,"1840":350,"2112":400,"2432":460,"2800":528,"3200":608},"16":{"38":6,"43":7,"50":8,"57":9,"66":10,"76":12,"87":14,"100":16,"115":19,"132":22,"152":25,"175":29,"200":33,"230":38,"264":43,"304":50,"350":57,"400":66,"460":76,"528":87,"608":100,"700":115,"800":132,"920":152,"1056":175,"1216":200,"1400":230,"1600":264,"1840":304,"2112":350,"2432":400,"2800":460,"3200":528},"14":{"38":5,"43":6,"50":7,"57":8,"66":9,"76":10,"87":12,"100":14,"115":16,"132":19,"152":22,"175":25,"200":29,"230":33,"264":38,"304":43,"350":50,"400":57,"460":66,"528":76,"608":87,"700":100,"800":115,"920":132,"1056":152,"1216":175,"1400":200,"1600":230,"1840":364,"2112":304,"2432":350,"2800":400,"3200":460},"12":{"38":4,"43":5,"50":6,"57":7,"66":8,"76":9,"87":10,"100":12,"115":14,"132":16,"152":19,"175":22,"200":25,"230":29,"264":33,"304":38,"350":43,"400":50,"460":57,"528":66,"608":76,"700":87,"800":100,"920":115,"1056":132,"1216":152,"1400":175,"1600":200,"1840":230,"2112":264,"2432":304,"2800":350,"3200":400},"10":{"38":3,"43":4,"50":5,"57":6,"66":7,"76":8,"87":9,"100":10,"115":12,"132":14,"152":16,"175":19,"200":22,"230":25,"264":29,"304":33,"350":38,"400":43,"460":50,"528":57,"608":66,"700":76,"800":87,"920":100,"1056":115,"1216":132,"1400":152,"1600":175,"1840":200,"2112":230,"2432":264,"2800":304,"3200":350}}'),
(5, 'cbr_hub', '{"152":["25","29"],"175":["25","29","33"],"200":["29","33","38"],"230":["33","38","43"],"264":["33","38","43"],"304":["38","43","50"],"350":["38","43","50"],"400":["43","50","57"],"460":["50","57"],"528":["50","57","66"],"608":["50","57","66"],"700":["57","66"]}'),
(6, 'cbr_level', '["5600","4864","4224","3680","3200","2800","2432","2112","1840","1600","1400","1216","1056","920","800","700","608","528","460","400","350","304","264","230","200","175","152","132","115","100","87","76","66","57","50","43","38","33","29","25","22","19","16","14","12","10","9","8","7","6","5","4"]'),
(7, 'cbr_psv', '\r\n{"a":{"1":"10","1+":"12","2":"14","2+":"16","3":"19","3+":"22","4":"25","4+":"29","5":"33","5+":"38"},"b":{"1":"12","1+":"14","2":"16","2+":"19","3":"22","3+":"25","4":"29","4+":"33","5":"38","5+":"43"},"c":{"1":"14","1+":"16","2":"19","2+":"22","3":"25","3+":"29","4":"33","4+":"38","5":"43","5+":"50"},"d":{"1":"16","1+":"19","2":"22","2+":"25","3":"29","3+":"33","4":"38","4+":"43","5":"50","5+":"57"},"e":{"1":"19","1+":"22","2":"25","2+":"29","3":"33","3+":"38","4":"43","4+":"50","5":"57","5+":"66"},"f":{"1":"22","1+":"25","2":"29","2+":"33","3":"38","3+":"43","4":"50","4+":"57","5":"66","5+":"76"},"g":{"1":"25","1+":"29","2":"33","2+":"38","3":"43","3+":"50","4":"57","4+":"66","5":"76","5+":"87"},"h":{"1":"29","1+":"33","2":"38","2+":"43","3":"50","3+":"57","4":"66","4+":"76","5":"87","5+":"100"}}');

--
-- Dumping data for table `w_preference`
--

INSERT INTO `w_preference` (`id`, `name`, `value`) VALUES
(1, 'site_name', 'iHCMS LPP'),
(2, 'site_logo', ''),
(3, 'tagline', 'Human Resource Friendly'),
(4, 'email', 'ihcms@lpp.ac.id'),
(5, 'timezone', '-'),
(6, 'date_format', ''),
(7, 'time_format', ''),
(8, 'week_start', ''),
(9, 'site_name', 'iHCMS'),
(10, 'site_name', 'iHCMS'),
(11, 'site_name', 'iHCMS'),
(12, 'site_name', 'iHCMS'),
(13, 'site_name', 'iHCMS'),
(14, 'tahun_cli', '2012'),
(15, 'tanggal_cli', '03/25/2013 - 03/31/2013');

--
-- Dumping data for table `w_state`
--

INSERT INTO `w_state` (`id`, `name`, `code`, `country_id`) VALUES
(1, 'Yogyakarta', '', 3),
(2, 'Jakarta', '', 3);

--
-- Dumping data for table `w_unit`
--

INSERT INTO `w_unit` (`id`, `code`, `name`, `level`, `parent_id`) VALUES
(1, '', 'Dewan Direksi', NULL, NULL),
(2, '', 'Kantor Pusat', 1, 1),
(3, '', 'SBU Tandun', 1, 1),
(5, '', 'SBU Sei Galuh', 1, 1),
(6, '', 'SBU Sei Rokan', 1, 1),
(8, '', 'SBU Lubuk Dalam', 1, 1),
(9, '', 'Kebun Tandun', 2, 3),
(10, '', 'Bagian Tanaman', 2, 2),
(11, '', 'Bagian Teknik', 2, 2),
(12, '', 'Bagian Pengolahan', 2, 2),
(13, '', 'Bagian  Pembelian Bahan Baku  & Pengelolaan Plasma/KKPA', 2, 2),
(14, '', 'Bagian Akuntansi', 2, 2),
(15, '', 'Bagian Pembiayaan', 2, 2),
(16, '', 'Bagian PKBL', 2, 2),
(17, '', 'Bagian P2 TI', 2, 2),
(18, '', 'Bagian  Pengembangan  Usaha', 2, 2),
(19, '', 'Bagian  Pemasaran', 2, 2),
(20, '', 'Bagian SDM', 2, 2),
(21, '', 'Bagian Umum', 2, 2),
(22, '', 'Bagian Pengadaan', 2, 2),
(23, '', 'Bagian  Sekretaris Perusahaan', 2, 2),
(24, '', 'Bagian SPI', 2, 2),
(25, '', 'Kebun Sei Berlian', 2, 3),
(26, '', 'Kebun Terantam', 2, 3),
(27, '', 'Kebun Sei Kencana', 2, 3),
(28, '', 'Kebun Sei Lindai', 2, 3),
(29, '', 'Kebun Tamora', 2, 3),
(30, '', 'Kebun Inti/KKPA Sei Batulangkah', 2, 3),
(31, '', 'PKS Tandun', 2, 3),
(32, '', 'PKS Terantam', 2, 3),
(33, '', 'PKO Tandun', 2, 3),
(34, '', 'Kebun Inti/KKPA Sei Galuh', 2, 5),
(35, '', 'Kebun Inti/KKPA Sei Garo', 2, 5),
(36, '', 'Kebun Inti/KKPA Sei Pagar', 2, 5),
(37, '', 'Kebun Tanjung Medan', 2, 5),
(38, '', 'Kebun Inti Tanah Putih', 2, 5),
(39, '', 'Kebun Plasma SGO/SPA/TPU/SGH', 2, 5),
(40, '', 'PKS  Sei Galuh', 2, 5),
(41, '', 'PKS Sei Garo', 2, 5),
(42, '', 'PKS Sei Pagar', 2, 5),
(43, '', 'PKS Tanjung Medan', 2, 5),
(44, '', 'PKS Tanah Putih', 2, 5),
(45, '', 'Kebun Sei Rokan', 2, 6),
(46, '', 'Kebun Inti Sei Intan', 2, 6),
(47, '', 'Kebun Sei Siasam', 2, 6),
(48, '', 'Kebun Inti/KKPA Sei Tapung', 2, 6),
(49, '', 'KebunPlasma STA/SSI/SIN', 2, 6),
(50, '', 'PKS Sei Rokan', 2, 6),
(51, '', 'PKS Sei Intan', 2, 6),
(52, '', 'PKS Sei Tapung', 2, 6),
(53, '', 'Kebun Inti Lubuk Dalam', 2, 8),
(54, '', 'Kebun Inti Sei Buatan', 2, 8),
(55, '', 'Kebun Inti/KKPA Air Molek I', 2, 8),
(56, '', 'Kebun Inti/KKPA Air Molek II', 2, 8),
(57, '', 'PPKR Bukit  Selasih', 2, 8),
(58, '', 'KebunPlasma SBT/LDA', 2, 8),
(59, '', 'PKS Lubuk Dalam', 2, 8),
(60, '', 'PKS Sei Buatan', 2, 8),
(61, '', 'PKS Air Molek', 2, 8),
(62, '', 'Rumah Sakit Nusa Lima', 1, 1),
(63, '', 'Rumah Sakit Tandun', 1, 1),
(64, '', 'Rumah Sakit Sri Rokan', 1, 1),
(65, '', 'Unit Usaha Peternakan Sapi  Berbasis Sistem Integrasi Sapi Kelapa Sawit (SISKA) ', 1, 1);

--
-- Dumping data for table `w_user`
--

INSERT INTO `w_user` (`id`, `username`, `password`, `hash`, `created_date`, `created_by`, `modified_date`, `modified_by`, `description`, `status_id`) VALUES
(1, 'admin', '3566e246ab80b9989149b84a0b62e433', '50b86eafe09b14.73729655', NULL, 0, '2013-01-14', 1, '', 1),
(2, 'andik', 'f3fa9c8837a9e923f73272d2dd0aa7f1', '50f38538e948c8.81636082', '2013-01-14', 1, '2013-01-16', 1, 'andik hore sad', 1),
(27, '08860762000127', 'c585a830e9b51cab6749c9464695cde4', '51421a6da013e1.36391209', '2013-03-14', 1, NULL, NULL, '{"password":"empb07"}', NULL),
(28, '10840857000093', '06e0de2e136b7269b9711f8c4f5669a8', '5157b05091ddd7.58218751', '2013-03-31', 1, NULL, NULL, '{"password":"empb08"}', NULL),
(29, '09840658000090', '47fc18770248e6f2e55b7663ec8a454e', '5157b1306ecfd2.85040558', '2013-03-31', 1, NULL, NULL, '{"password":"empb09"}', NULL),
(30, '03861157015460', '72017b0e534c15c54f05bc111fd1df9a', '5157b1866c5856.07731874', '2013-03-31', 1, NULL, NULL, '{"password":"empb10"}', NULL),
(31, '01890367015582', '3a4fb0f422e440333944fd8668e27728', '5157b1c62e3684.00284576', '2013-03-31', 1, NULL, NULL, '{"password":"empb11"}', NULL),
(32, '04891061000179', 'ec443f7f090d06ad66b7b518049ad90b', '5157b26696fb44.92429691', '2013-03-31', 1, NULL, NULL, '{"password":"empb13"}', NULL),
(33, '04010676000494', '2ba7993af1713542bccd63f8404a9233', '5157b326ac2e32.29340485', '2013-03-31', 1, NULL, NULL, '{"password":"empb12"}', NULL),
(34, '06801259000038', '94988e4cc7d268e90918a17f283b2f41', '5157b37ae51181.79849814', '2013-03-31', 1, NULL, NULL, '{"password":"empb15"}', NULL),
(35, '1790860000010', '43ff947525926f0cb33f856f5b6099b7', '5157b4608c7f13.52045149', '2013-03-31', 1, NULL, NULL, '{"password":"empb15"}', NULL),
(36, '06891062000167', 'cf43492d184682f63019fc3e5fead6aa', '5157b4c5ce8e62.19396479', '2013-03-31', 1, NULL, NULL, '{"password":"empb17"}', NULL),
(37, '01010175000474', 'de286b2311ae11b6135e4e4ef1c4725d', '5157be8821f731.77842185', '2013-03-31', 1, NULL, NULL, '{"password":"empb18"}', NULL),
(38, '08971262000355', '045123ae756c92d3824d9afd269b36e1', '5157bec35fd440.85064629', '2013-03-31', 1, NULL, NULL, '{"password":"empb19"}', NULL),
(39, '12961170001974', '58ac44ea9f246ffba1b8743d2be1314c', '5157bf217bec82.69774963', '2013-03-31', 1, NULL, NULL, '{"password":"empb20"}', NULL),
(40, '11040581000556', '2683cf41223321eca18c63ae7e762cea', '5157bf8a14f0e4.84268859', '2013-03-31', 1, NULL, NULL, '{"password":"empb21"}', NULL),
(41, '09000266000456', '5f984356ca0864e92715dbc853e4b06f', '5157bfe86f92d2.23814821', '2013-03-31', 1, NULL, NULL, '{"password":"empb22"}', NULL),
(42, '04110885016138', '64dc9142fc63b5a7b01b646cc93edd31', '5157c041dd0d13.47873861', '2013-03-31', 1, NULL, NULL, '{"password":"empb21"}', NULL),
(43, '04110185016063', 'ab99b59082bf6087bf267e4c6c5dc89f', '5157c07de91e38.51237731', '2013-03-31', 1, NULL, NULL, '{"password":"empb19"}', NULL),
(44, '02831157000057', '8b0a993e0851faff7e784ee9f74425eb', '5157c0cddb2193.37947589', '2013-03-31', 1, NULL, NULL, '{"password":"empb23"}', NULL),
(45, '04850860000108', 'f12035cd01a7a094851be9eb3bd31cee', '5157c1122d4d95.68857667', '2013-03-31', 1, NULL, NULL, '{"password":"empb24"}', NULL),
(46, '02931166015415', '30619c7336f2d1eea485f2dbbf931628', '5157c16e341b46.23582253', '2013-03-31', 1, NULL, NULL, '{"password":"empb25"}', NULL),
(47, '05850959015456', '0eccafe8df84d5604680585445e786a4', '5157c1b018c2d6.13626269', '2013-03-31', 1, NULL, NULL, '{"password":"empb26"}', NULL),
(48, '01860860015459', '2bda43e8309aeff456046749ca7e550f', '5157c1efae8047.41175611', '2013-03-31', 1, NULL, NULL, '{"password":"empb27"}', NULL),
(49, '05050775002231', 'a735ef44bc355b1a2540bf51a8205b88', '5157c304573a06.17847356', '2013-03-31', 1, NULL, NULL, '{"password":"empb28"}', NULL),
(50, '05050483002701', '11f0ee7ce69baf7b4395b6e9a4e4cd55', '5157c389048347.21311308', '2013-03-31', 1, NULL, NULL, '{"password":"empb28"}', NULL),
(51, '11811061000040', 'a2bff3ccd64316159b6398b97ea8e334', '5157c69c227b08.27230596', '2013-03-31', 1, NULL, NULL, '{"password":"empb29"}', NULL),
(52, '01031270000534', 'cf67f3f4eef57c2373ff07cbf126b84d', '5157c720e13630.93042452', '2013-03-31', 1, NULL, NULL, '{"password":"empb30"}', NULL),
(53, '08820459000051', '4f9b57143255d78bc09e99d025031727', '5157c8c1f3cda9.25347350', '2013-03-31', 1, NULL, NULL, '{"password":"empb30"}', NULL),
(54, '07851059004523', '38febfee92d07d2f4bf11d5ad4033fb8', '5157c97e429502.85691230', '2013-03-31', 1, NULL, NULL, '{"password":"empb31"}', NULL),
(55, '02890863000164', '546e6c10bbe57febf3df2baef019ea05', '5157ca2563bc80.25271240', '2013-03-31', 1, NULL, NULL, '{"password":"empb32"}', NULL),
(56, '11951261000286', '4864243666fa90a7bf974b2e428b00c0', '5157cb02f1b8a7.15091992', '2013-03-31', 1, NULL, NULL, '{"password":"empb33"}', NULL),
(57, '10951065015439', 'c3680a2b2825224bad68a1b362723dff', '5157cb73756193.11761469', '2013-03-31', 1, NULL, NULL, '{"password":"empb34"}', NULL),
(58, '01010274008847', '33363f4733d485b716ec010e93219a1f', '5157cce903b8c7.99257932', '2013-03-31', 1, NULL, NULL, '{"password":"empb37"}', NULL),
(59, '01860362000120', 'a628d344fd5ee81257002f629cbf1ea8', '5157cdf64e6e60.63897770', '2013-03-31', 1, NULL, NULL, '{"password":"empb40"}', NULL),
(60, '2800957015425', 'f7605b4954f3387d7ccdfa819b147d71', '5157cf659829d1.19926353', '2013-03-31', 1, NULL, NULL, '{"password":"empb41"}', NULL),
(61, '12811161015110', 'd219fad7660da73a75b055121962c0e7', '5157cfca50f451.16396242', '2013-03-31', 1, NULL, NULL, '{"password":"empb42"}', NULL),
(62, '01011171000467', '093edbc1d9db169af58b7ca8062479ea', '5157d0cc815379.98531544', '2013-03-31', 1, NULL, NULL, '{"password":"empb43"}', NULL),
(63, '03810861012292', 'c2917c8746b029446720d950f2d8d7d6', '5157d1068b7af8.09210654', '2013-03-31', 1, NULL, NULL, '{"password":"empb44"}', NULL),
(64, '01010375006820', 'e85de8ed75b167e606f9971ac6f66a78', '5157dd607422f2.36577955', '2013-03-31', 1, NULL, NULL, '{"password":"empb45"}', NULL),
(65, '11830262000077', '31309e67780bfcc145226c48048f8aea', '5157ded7a57755.46338829', '2013-03-31', 1, NULL, NULL, '{"password":"empb46"}', NULL),
(66, '06060879014512', '4951005e8a57596ceb2dc73670b78efc', '5157e099010367.55502184', '2013-03-31', 1, NULL, NULL, '{"password":"empb46"}', NULL),
(67, '07060975000572', '05dfdfc6926bf5f127efe9d96b2d7dfc', '5157e10b98a9b5.94357585', '2013-03-31', 1, NULL, NULL, '{"password":"empb46"}', NULL),
(68, '08861057012636', '039a1adb6b51364aac2ef3a861759ce8', '5157e1ddb729d2.25647977', '2013-03-31', 1, NULL, NULL, '{"password":"empb47"}', NULL),
(69, '01880963014205', '1baf64d6e8cd002cda7b0e7948f7ff22', '5157e218077cb1.14039761', '2013-03-31', 1, NULL, NULL, '{"password":"empb48"}', NULL),
(70, '07890662000184', 'e2698d5796df2d50a6cf6b10696209bf', '5157e2800fd817.75817285', '2013-03-31', 1, NULL, NULL, '{"password":"empb49"}', NULL),
(71, '07800860000021', '74e368be42ff3179e5b555a6c1a11738', '5157e2cbb530b0.14873636', '2013-03-31', 1, NULL, NULL, '{"password":"empb50"}', NULL),
(72, '05991263000412', '9275da087529577da0282ed79881ed57', '5157e3094a40d1.00750727', '2013-03-31', 1, NULL, NULL, '{"password":"empb51"}', NULL),
(73, '01010974012793', 'f6b69e501bbbe1b46c77cf7421862f8a', '5157e358549c07.21073957', '2013-03-31', 1, NULL, NULL, '{"password":"empb53"}', NULL),
(74, '01010473013155', 'd0e0d2f800db7c6281e39dd33f30b6ff', '5157e3c1862376.99308416', '2013-03-31', 1, NULL, NULL, '{"password":"empb54"}', NULL),
(75, '01010575000477', '2b5875b7ea13c3890a9ada84567244ba', '5157e431cfd3a3.96371896', '2013-03-31', 1, NULL, NULL, '{"password":"empb55"}', NULL),
(76, '09000670000457', 'ae2b4d110ef60cc77bf172859d20af49', '5157e4fdabf342.75185849', '2013-03-31', 1, NULL, NULL, '{"password":"empb56"}', NULL),
(77, '04800160000016', 'a85df8aa4405ec599da9965920819681', '5157e539066f59.91257950', '2013-03-31', 1, NULL, NULL, '{"password":"empb54"}', NULL),
(78, '11840460015669', '552da632efb9847c28c592927893246c', '5157e6ac25a8a8.81232540', '2013-03-31', 1, NULL, NULL, '{"password":"empb58"}', NULL),
(79, '11040167000550', 'ccc7137c1fb47241ac3cfbf17d0be679', '5157e85562d9b3.98093354', '2013-03-31', 1, NULL, NULL, '{"password":"empb59"}', NULL),
(80, '02930364000238', '630ec3b3938a55ea2c56fc6faa27fe12', '5157e8acbc0286.24849360', '2013-03-31', 1, NULL, NULL, '{"password":"empb60"}', NULL),
(81, '04970164000134', '58dc727880c67161a89125c6a645459c', '5157e8e483f193.73321840', '2013-03-31', 1, NULL, NULL, '{"password":"empb61"}', NULL),
(82, '01010174013944', 'e99a068380370c7f32b8b5d2d91cd92c', '5157e91f930540.65174552', '2013-03-31', 1, NULL, NULL, '{"password":"empb62"}', NULL),
(83, '01010375000476', '670297500ec520149274c74c8ef6247d', '5157e9956a3650.24977980', '2013-03-31', 1, NULL, NULL, '{"password":"empb63"}', NULL),
(84, '01010574000484', 'a7c1e9e8f5735ea8b6ed6b054bb730f5', '5157e9d4144813.60827351', '2013-03-31', 1, NULL, NULL, '{"password":"empb64"}', NULL),
(85, '03010772014506', 'bea85cbdc6959e999e922f46f8152ff3', '5157ea818647a4.37270499', '2013-03-31', 1, NULL, NULL, '{"password":"empb65"}', NULL),
(86, '09830460014182', '10f38f37adeba426ea00c848270b1ed6', '5157eaebb82867.15810551', '2013-03-31', 1, NULL, NULL, '{"password":"empb64"}', NULL),
(87, '', '1c76ed55134f354c70c0b8cd0eed9b0c', '5157eb253136f0.57193028', '2013-03-31', 1, NULL, NULL, '{"password":"empb0"}', NULL),
(88, '05811060000030', 'c2b45b789445769b6bd57d4d7b425c73', '5157eb5564bd76.87221295', '2013-03-31', 1, NULL, NULL, '{"password":"empb66"}', NULL),
(89, '05000473000446', 'b7de0f85c57649f4715a499a97548207', '5157ebd69a4264.43170148', '2013-03-31', 1, NULL, NULL, '{"password":"empb67"}', NULL),
(90, '09840458000089', '4dbfc56e7a90117073c680b578972648', '5159321bd6c5e7.73550179', '2013-04-01', 1, NULL, NULL, '{"password":"empb68"}', NULL),
(91, '11040261000549', '3ef5fa3f1ed6d9ffa349c4b3d7d4aec7', '515935991ecd71.25556961', '2013-04-01', 1, NULL, NULL, '{"password":"empb69"}', NULL),
(92, '05960868015441', 'a3c9f029a94560b78ea0f63dc495c420', '51593609815be0.18034496', '2013-04-01', 1, NULL, NULL, '{"password":"empb70"}', NULL),
(93, '01010972000482', '499e8f2b1958ccbe701eb4d01ed54c1e', '51593681563aa3.17944388', '2013-04-01', 1, NULL, NULL, '{"password":"empb71"}', NULL),
(94, '02890660000161', '13f1188da55a08a35a7ac19711b4db6e', '515938bee784c9.24119637', '2013-04-01', 1, NULL, NULL, '{"password":"empb72"}', NULL),
(95, '10850365007029', 'c386959c282805b64543c5f50d3b87da', '515938fae13349.77255087', '2013-04-01', 1, NULL, NULL, '{"password":"empb73"}', NULL),
(96, '02980772000372', '56938659a66571a845718bd55d23777a', '51593931428e06.03354157', '2013-04-01', 1, NULL, NULL, '{"password":"empb74"}', NULL),
(97, '11860565015495', '1c960efc7b09e75a0bc55bce41f454d7', '5159396cb8afe9.10933765', '2013-04-01', 1, NULL, NULL, '{"password":"empb75"}', NULL),
(98, '10790858000015', 'ca67532fe6ffaf3b112dc2f7d5fa2905', '515939e71f0af6.75718838', '2013-04-01', 1, NULL, NULL, '{"password":"empb76"}', NULL),
(99, '02930967000241', 'dc3a787a50f04166886c1d6aa088b715', '51593ae499e623.36260070', '2013-04-01', 1, NULL, NULL, '{"password":"empb78"}', NULL),
(100, '09060677000574', 'a2089b55f0fbd803b1ff714ff2e5754f', '515943c16db560.32311617', '2013-04-01', 1, NULL, NULL, '{"password":"empb79"}', NULL),
(101, '02811059015729', '8fb07b89175e06c103c67df92a9cc10c', '515944223f4649.66954146', '2013-04-01', 1, NULL, NULL, '{"password":"empb80"}', NULL),
(102, '03960564000294', 'fdb3c84f67196f31f2b4a8da51f4a49b', '5159445ef07e53.50136425', '2013-04-01', 1, NULL, NULL, '{"password":"empb81"}', NULL),
(103, '02930665000239', 'd38e91ad55dcf455b9ac93dfe54f6b90', '5159480f0b62f9.61904848', '2013-04-01', 1, NULL, NULL, '{"password":"empb82"}', NULL),
(104, '07800658000020', '59f7210e288f4767dd0e30575364b6b0', '515948c42578e4.92361609', '2013-04-01', 1, NULL, NULL, '{"password":"empb83"}', NULL),
(105, '5050377000560', 'e9483721a16a8a03f3deced05305b091', '517e2860c63a16.94630232', '2013-04-29', 1, NULL, NULL, '{"password":"empb86"}', NULL),
(106, '4010578000495', '12870774ab897fdae8688e7affa49636', '517e300c6634e1.47732256', '2013-04-29', 1, NULL, NULL, '{"password":"empb87"}', NULL);
SET FOREIGN_KEY_CHECKS=1;
COMMIT;

/*!40101 SET CHARACTER_SET_CLIENT=@OLD_CHARACTER_SET_CLIENT */;
/*!40101 SET CHARACTER_SET_RESULTS=@OLD_CHARACTER_SET_RESULTS */;
/*!40101 SET COLLATION_CONNECTION=@OLD_COLLATION_CONNECTION */;
